Lambda,Motor,Battery,Diameter,Root Chord,Tip Chord,Root Pitch,Tip Pitch,Airfoil,WeightedObj,ConstraintG,Flight Time [hr],Thrust to Weight
0.1,3800.0,1.0,0.1035227134385962,0.0184187135919339,0.0088979858892775,10.0,4.00011389907258,8.31667308634835,-2.4806019359651295,-4.306633192642589,0.23222212727155608,5.806633192642589
0.1,3800.0,1.0,0.1035227283397574,0.0184187135919339,0.0088979858892775,10.0,4.00011389907258,8.31667308634835,-2.4806025656431143,-4.306634743834341,0.23222205330876708,5.806634743834341
0.1,3800.0,1.0,0.1035227134385962,0.018418728493095095,0.0088979858892775,10.0,4.00011389907258,8.31667308634835,-2.480602668143332,-4.3066349765228775,0.23222207537362677,5.8066349765228775
0.1,3800.0,1.0,0.1035227134385962,0.0184187135919339,0.008898000790438693,10.0,4.00011389907258,8.31667308634835,-2.4806031805340307,-4.3066362367346525,0.23222201870939524,5.8066362367346525
0.1,3800.0,1.0,0.1035227134385962,0.0184187135919339,0.0088979858892775,10.000000014901161,4.00011389907258,8.31667308634835,-2.480601942047617,-4.306633207336214,0.23222212705684064,5.806633207336214
0.1,3800.0,1.0,0.1035227134385962,0.0184187135919339,0.0088979858892775,10.0,4.000113913973741,8.31667308634835,-2.480601945620111,-4.306633215983105,0.23222212690195257,5.806633215983105
0.1,3800.0,1.0,0.1035227134385962,0.0184187135919339,0.0088979858892775,10.0,4.00011389907258,8.31667308634835,-2.4806019359651295,-4.306633192642589,0.23222212727155608,5.806633192642589
0.1,3800.0,1.0,0.1035227283397574,0.0184187135919339,0.0088979858892775,10.0,4.00011389907258,8.31667308634835,-2.4806025656431143,-4.306634743834341,0.23222205330876708,5.806634743834341
0.1,3800.0,1.0,0.1035227134385962,0.018418728493095095,0.0088979858892775,10.0,4.00011389907258,8.31667308634835,-2.480602668143332,-4.3066349765228775,0.23222207537362677,5.8066349765228775
0.1,3800.0,1.0,0.1035227134385962,0.0184187135919339,0.008898000790438693,10.0,4.00011389907258,8.31667308634835,-2.4806031805340307,-4.3066362367346525,0.23222201870939524,5.8066362367346525
0.1,3800.0,1.0,0.1035227134385962,0.0184187135919339,0.0088979858892775,10.000000014901161,4.00011389907258,8.31667308634835,-2.480601942047617,-4.306633207336214,0.23222212705684064,5.806633207336214
0.1,3800.0,1.0,0.1035227134385962,0.0184187135919339,0.0088979858892775,10.0,4.000113913973741,8.31667308634835,-2.480601945620111,-4.306633215983105,0.23222212690195257,5.806633215983105
0.1,3800.0,1.0,0.1035227134385962,0.0184187135919339,0.0088979858892775,10.0,4.00011389907258,8.31667308634835,-2.4806019359651295,-4.306633192642589,0.23222212727155608,5.806633192642589
0.1,3800.0,1.0,0.11176,0.0198,0.0099,10.408188819885254,4.4,8.31667308634835,-3.044889014222144,-5.685284760382575,0.18564799520446182,7.185284760382575
0.1,3800.0,1.0,0.1117599850988388,0.0198,0.0099,10.408188819885254,4.4,8.31667308634835,-3.044888404972332,-5.685283275798538,0.185648038744753,7.185283275798538
0.1,3800.0,1.0,0.11176,0.019799985098838808,0.0099,10.408188819885254,4.4,8.31667308634835,-3.044888278880499,-5.6852829820667585,0.18564802448653467,7.1852829820667585
0.1,3800.0,1.0,0.11176,0.0198,0.009899985098838807,10.408188819885254,4.4,8.31667308634835,-3.044887738343625,-5.685281667144836,0.18564805928460063,7.185281667144836
0.1,3800.0,1.0,0.11176,0.0198,0.0099,10.408188834786415,4.4,8.31667308634835,-3.0448890202927243,-5.685284774991104,0.18564799508711152,7.185284774991104
0.1,3800.0,1.0,0.11176,0.0198,0.0099,10.408188819885254,4.399999985098839,8.31667308634835,-3.044889004286245,-5.685284736459043,0.18564799541945248,7.185284736459043
0.1,3800.0,1.0,0.11176,0.0198,0.0099,10.408188819885254,4.4,8.31667308634835,-3.044889014222144,-5.685284760382575,0.18564799520446182,7.185284760382575
0.1,3800.0,1.0,0.1035227134385962,0.0184187135919339,0.0088979858892775,10.0,4.00011389907258,8.31667308634835,-2.4806019359651295,-4.306633192642589,0.23222212727155608,5.806633192642589
0.1,3800.0,1.0,0.1035227283397574,0.0184187135919339,0.0088979858892775,10.0,4.00011389907258,8.31667308634835,-2.4804784450181367,-4.30632671015292,0.23224053310665085,5.80632671015292
0.1,3800.0,1.0,0.1035227134385962,0.018418728493095095,0.0088979858892775,10.0,4.00011389907258,8.31667308634835,-2.4804785506559277,-4.306326950627469,0.23224055470539018,5.806326950627469
0.1,3800.0,1.0,0.1035227134385962,0.0184187135919339,0.008898000790438693,10.0,4.00011389907258,8.31667308634835,-2.4804790628793785,-4.306328210429309,0.23224049805723343,5.806328210429309
0.1,3800.0,1.0,0.1035227134385962,0.0184187135919339,0.0088979858892775,10.000000014901161,4.00011389907258,8.31667308634835,-2.4804778247284194,-4.306325181852384,0.23224060637365415,5.806325181852384
0.1,3800.0,1.0,0.1035227134385962,0.0184187135919339,0.0088979858892775,10.0,4.00011389907258,8.31667308634835,-2.4806019359651295,-4.306633192642589,0.23222212727155608,5.806633192642589
0.1,3800.0,1.0,0.1035227283397574,0.0184187135919339,0.0088979858892775,10.0,4.00011389907258,8.31667308634835,-2.480544753965937,-4.306491271136176,0.2322306603303269,5.806491271136176
0.1,3800.0,1.0,0.1035227134385962,0.018418728493095095,0.0088979858892775,10.0,4.00011389907258,8.31667308634835,-2.4805448564196997,-4.3064915037091405,0.23223068240259281,5.8064915037091405
0.1,3800.0,1.0,0.1035227134385962,0.0184187135919339,0.008898000790438693,10.0,4.00011389907258,8.31667308634835,-2.4805453686873418,-4.30649276361791,0.2322306257525712,5.80649276361791
0.1,3800.0,1.0,0.1035227134385962,0.0184187135919339,0.0088979858892775,10.000000014901161,4.00011389907258,8.31667308634835,-2.4805441304426514,-4.306489734814242,0.2322307340728412,5.806489734814242
0.1,3800.0,1.0,0.1035227134385962,0.0184187135919339,0.0088979858892775,10.0,4.000113913973741,8.31667308634835,-2.4805441340145897,-4.306489743459764,0.23223073391801669,5.806489743459764
0.1,3800.0,1.0,0.1035227134385962,0.0184187135919339,0.0088979858892775,10.0,4.00011389907258,8.31667308634835,-2.4805441243605664,-4.306489720121598,0.2322307342875275,5.806489720121598
0.1,3800.0,1.0,0.1035227283397574,0.0184187135919339,0.0088979858892775,10.0,4.00011389907258,8.31667308634835,-2.4805447538789354,-4.306491270920262,0.23223066034328016,5.806491270920262
0.1,3800.0,1.0,0.1035227134385962,0.018418728493095095,0.0088979858892775,10.0,4.00011389907258,8.31667308634835,-2.4805448564196997,-4.3064915037091405,0.23223068240259281,5.8064915037091405
0.1,3800.0,1.0,0.1035227134385962,0.0184187135919339,0.008898000790438693,10.0,4.00011389907258,8.31667308634835,-2.4805453686873418,-4.30649276361791,0.2322306257525712,5.80649276361791
0.1,3800.0,1.0,0.1035227134385962,0.0184187135919339,0.0088979858892775,10.000000014901161,4.00011389907258,8.31667308634835,-2.4805441304426514,-4.306489734814242,0.2322307340728412,5.806489734814242
0.1,3800.0,1.0,0.1035227134385962,0.0184187135919339,0.0088979858892775,10.0,4.000113913973741,8.31667308634835,-2.4805441340145897,-4.306489743459764,0.23223073391801669,5.806489743459764
0.1,3800.0,1.0,0.1035227134385962,0.0184187135919339,0.0088979858892775,10.0,4.00011389907258,8.31667308634835,-2.4805441243605664,-4.306489720121598,0.2322307342875275,5.806489720121598
0.1,3800.0,1.0,0.11176,0.0198,0.0099,5.403584605173364,3.3664110765168465,8.31667308634835,-1.965364470901719,-3.0692155607139915,0.23792467184291027,4.5692155607139915
0.1,3800.0,1.0,0.10764125191833451,0.019109339222200945,0.009398980196260563,7.701850781645145,3.6832705502392975,8.31667308634835,-2.2898526458519957,-3.8486097806972337,0.2341806162104728,5.348609780697234
0.1,3800.0,1.0,0.10558194387918776,0.018764019900930434,0.009148478323080897,8.850947040864185,3.8416952095237757,8.31667308634835,-2.3691878537132585,-4.038824459586394,0.23385385139586354,5.538824459586394
0.1,3800.0,1.0,0.10455230599683016,0.01859136294629753,0.009023229349481885,9.42548616588871,3.920906297713614,8.31667308634835,-2.4442594845632475,-4.219595916124875,0.23220375990617484,5.719595916124875
0.1,3800.0,1.0,0.1040375023254593,0.01850503702953036,0.008960606720158493,9.71274720783054,3.960510667086697,8.31667308634835,-2.467273054839738,-4.274756900687393,0.2321374036684725,5.774756900687393
0.1,3800.0,1.0,0.10378010517084987,0.018461874856102668,0.008929295974920258,9.85637511675565,3.9803124916533066,8.31667308634835,-2.478652356834142,-4.302071603286137,0.23203614574717116,5.802071603286137
0.1,3800.0,1.0,0.10365140890816348,0.018440294157520375,0.008913640883859902,9.928187779658515,3.9902132258706726,8.31667308634835,-2.484435193847227,-4.315921398221888,0.2320384473262295,5.815921398221888
0.1,3800.0,1.0,0.10358706195310616,0.018429504005477156,0.008905813481417503,9.964093454741075,3.9951635024864887,8.31667308634835,-2.4757450285669993,-4.294951210905994,0.2323058491386322,5.794951210905994
0.1,3800.0,1.0,0.10355488670794573,0.018424108633046565,0.008901899565175016,9.982047278622915,3.9976387767801036,8.31667308634835,-2.4827786691192824,-4.3118647406939985,0.2321914838119263,5.8118647406939985
0.1,3800.0,1.0,0.10353880051604897,0.018421411186738377,0.008899942781087418,9.991023392240821,3.99887630386298,8.31667308634835,-2.477045038186223,-4.2980755959280605,0.23228763518004433,5.7980755959280605
0.1,3800.0,1.0,0.10353075625388476,0.01842006226802497,0.008898964247180795,9.995512099799553,3.999495157122587,8.31667308634835,-2.4787969966117385,-4.302288498833657,0.2322590891244773,5.802288498833657
0.1,3800.0,1.0,0.10353077115504596,0.01842006226802497,0.008898964247180795,9.995512099799553,3.999495157122587,8.31667308634835,-2.4787976251051074,-4.302290047133478,0.23225901525552178,5.802290047133478
0.1,3800.0,1.0,0.10353075625388476,0.018420077169186165,0.008898964247180795,9.995512099799553,3.999495157122587,8.31667308634835,-2.478797727376953,-4.302290279271007,0.23225903732727674,5.802290279271007
0.1,3800.0,1.0,0.10353075625388476,0.01842006226802497,0.00889897914834199,9.995512099799553,3.999495157122587,8.31667308634835,-2.4787982397469017,-4.3022915394427095,0.2322589806464748,5.8022915394427095
0.1,3800.0,1.0,0.10353075625388476,0.01842006226802497,0.008898964247180795,9.995512114700714,3.999495157122587,8.31667308634835,-2.478797002111296,-4.302288512079871,0.23225908899782385,5.802288512079871
0.1,3800.0,1.0,0.10353075625388476,0.01842006226802497,0.008898964247180795,9.995512099799553,3.999495172023748,8.31667308634835,-2.478797005685648,-4.30228852073129,0.23225908884280058,5.80228852073129
0.1,3800.0,1.0,0.10353075625388476,0.01842006226802497,0.008898964247180795,9.995512099799553,3.999495157122587,8.31667308634835,-2.4787969960172966,-4.30228849735837,0.23225908921305843,5.80228849735837
0.1,3800.0,1.0,0.10353077115504596,0.01842006226802497,0.008898964247180795,9.995512099799553,3.999495157122587,8.31667308634835,-2.4787976251051096,-4.302290047133482,0.2322590152555216,5.802290047133482
0.1,3800.0,1.0,0.10353075625388476,0.018420077169186165,0.008898964247180795,9.995512099799553,3.999495157122587,8.31667308634835,-2.478797727376953,-4.302290279271007,0.23225903732727674,5.802290279271007
0.1,3800.0,1.0,0.10353075625388476,0.01842006226802497,0.00889897914834199,9.995512099799553,3.999495157122587,8.31667308634835,-2.4787982397469017,-4.3022915394427095,0.2322589806464748,5.8022915394427095
0.1,3800.0,1.0,0.10353075625388476,0.01842006226802497,0.008898964247180795,9.995512114700714,3.999495157122587,8.31667308634835,-2.478797002111296,-4.302288512079871,0.23225908899782385,5.802288512079871
0.1,3800.0,1.0,0.10353075625388476,0.01842006226802497,0.008898964247180795,9.995512099799553,3.999495172023748,8.31667308634835,-2.478797005685648,-4.30228852073129,0.23225908884280058,5.80228852073129
0.1,3800.0,1.0,0.11175999999167152,0.019799999990247032,0.009899999983394652,9.797897670812379,4.186985481245885,8.31667308634835,-2.9487843713228283,-5.45199909223644,0.19097339887171572,6.95199909223644
0.1,3800.0,1.0,0.11175998509051033,0.019799999990247032,0.009899999983394652,9.797897670812379,4.186985481245885,8.31667308634835,-2.9504857602038426,-5.456174182816704,0.1908014771624733,6.956174182816704
0.1,3800.0,1.0,0.11175999999167152,0.01979998508908584,0.009899999983394652,9.797897670812379,4.186985481245885,8.31667308634835,-2.950681863935446,-5.456655412631954,0.190781652990936,6.956655412631954
0.1,3800.0,1.0,0.11175999999167152,0.019799999990247032,0.009899985082233458,9.797897670812379,4.186985481245885,8.31667308634835,-2.9506813198235373,-5.456654087480481,0.19078169065707692,6.956654087480481
0.1,3800.0,1.0,0.11175999999167152,0.019799999990247032,0.009899999983394652,9.79789768571354,4.186985481245885,8.31667308634835,-2.9506825897515077,-5.456657169132058,0.19078162198775933,6.956657169132058
0.1,3800.0,1.0,0.11175999999167152,0.019799999990247032,0.009899999983394652,9.797897670812379,4.186985496147046,8.31667308634835,-2.9506825939481263,-5.456657179248188,0.19078162187704767,6.956657179248188
0.1,3800.0,1.0,0.11175999999167152,0.019799999990247032,0.009899999983394652,9.797897670812379,4.186985481245885,8.31667308634835,-2.9506825829231826,-5.456657152696277,0.19078162212625924,6.956657152696277
0.1,3800.0,1.0,0.11175998509051033,0.019799999990247032,0.009899999983394652,9.797897670812379,4.186985481245885,8.31667308634835,-2.950681978101197,-5.4566556770965144,0.1907816684567341,6.9566556770965144
0.1,3800.0,1.0,0.11175999999167152,0.01979998508908584,0.009899999983394652,9.797897670812379,4.186985481245885,8.31667308634835,-2.9506818626613955,-5.4566554095056,0.19078165311954332,6.9566554095056
0.1,3800.0,1.0,0.11175999999167152,0.019799999990247032,0.009899985082233458,9.797897670812379,4.186985481245885,8.31667308634835,-2.950681319823538,-5.456654087480483,0.19078169065707676,6.956654087480483
0.1,3800.0,1.0,0.11175999999167152,0.019799999990247032,0.009899999983394652,9.79789768571354,4.186985481245885,8.31667308634835,-2.9506825897515077,-5.456657169132058,0.19078162198775933,6.956657169132058
0.1,3800.0,1.0,0.11175999999167152,0.019799999990247032,0.009899999983394652,9.797897670812379,4.186985496147046,8.31667308634835,-2.9506825939481263,-5.456657179248188,0.19078162187704767,6.956657179248188
0.1,3800.0,1.0,0.10101089919336774,0.0198,0.009899999994581979,9.595125158338844,4.4,8.31667308634835,-2.4252994845085487,-4.173926123712927,0.2326452392708701,5.673926123712927
0.1,3800.0,1.0,0.10638656050520026,0.019799999995122507,0.00989999998898716,9.69653237098486,4.293470725708906,8.31667308634835,-2.6652016390764057,-4.762133317328946,0.20925738381036793,6.262133317328946
0.1,3800.0,1.0,0.10907388204270574,0.019799999992684225,0.009899999986190278,9.747226373228306,4.240216177743402,8.31667308634835,-2.842324324909862,-5.192567188686091,0.19860972418252867,6.692567188686091
0.1,3800.0,1.0,0.11041716694991364,0.019799999991465422,0.00989999998479223,9.77256628404627,4.213596352194487,8.31667308634835,-2.890099569142052,-5.309519823415237,0.19427175929599844,6.809519823415237
0.1,3800.0,1.0,0.11108870801130093,0.019799999990856115,0.009899999984093312,9.785234326778564,4.200288448705703,8.31667308634835,-2.909655190547901,-5.357328735267252,0.1926041488314932,6.857328735267252
0.1,3800.0,1.0,0.11142443703604012,0.019799999990551497,0.009899999983743895,9.79156756517069,4.19363531948322,8.31667308634835,-2.9140154340628093,-5.368130125025383,0.19198861560597968,6.868130125025383
0.1,3800.0,1.0,0.11159229228151181,0.0197999999903992,0.009899999983569196,9.79473400955472,4.1903089385137395,8.31667308634835,-2.9277637708500106,-5.401269867823224,0.1916280213895173,6.901269867823224
0.1,3800.0,1.0,0.11167619073092212,0.019799999990323076,0.009899999983481877,9.796316681417117,4.1886463261556734,8.31667308634835,-2.9486814983175513,-5.451772849747754,0.19093870413562658,6.951772849747754
0.1,3800.0,1.0,0.11171809557965262,0.019799999990285054,0.009899999983438264,9.797107180233843,4.187815899373631,8.31667308634835,-2.9498234244449364,-5.454561953621017,0.19084586579527046,6.954561953621017
0.1,3800.0,1.0,0.11173904557994897,0.019799999990266045,0.00989999998341646,9.797502383914235,4.18740073402029,8.31667308634835,-2.949958060219386,-5.454885793654374,0.19084352783753902,6.954885793654374
0.1,3800.0,1.0,0.11174952029396064,0.019799999990256542,0.009899999983405558,9.797699980356715,4.187193157013976,8.31667308634835,-2.950320250146099,-5.455771300861398,0.19081257710780994,6.955771300861398
0.1,3800.0,1.0,0.11174953519512183,0.019799999990256542,0.009899999983405558,9.797699980356715,4.187193157013976,8.31667308634835,-2.9503208513400945,-5.455772767566368,0.19081253113009206,6.955772767566368
0.1,3800.0,1.0,0.11174952029396064,0.01979998508909535,0.009899999983405558,9.797699980356715,4.187193157013976,8.31667308634835,-2.950319526225856,-5.4557695486837785,0.19081260848685766,6.9557695486837785
0.1,3800.0,1.0,0.11174952029396064,0.019799999990256542,0.009899985082244364,9.797699980356715,4.187193157013976,8.31667308634835,-2.950318983327926,-5.455768226506654,0.19081264603836096,6.955768226506654
0.1,3800.0,1.0,0.11174952029396064,0.019799999990256542,0.009899999983405558,9.797699995257876,4.187193157013976,8.31667308634835,-2.950320253266377,-5.455771308198116,0.19081257734360682,6.955771308198116
0.1,3800.0,1.0,0.11174952029396064,0.019799999990256542,0.009899999983405558,9.797699980356715,4.187193171915137,8.31667308634835,-2.9503202574617466,-5.455771318311266,0.19081257723287856,6.955771318311266
0.1,3800.0,1.0,0.11174952029396064,0.019799999990256542,0.009899999983405558,9.797699980356715,4.187193157013976,8.31667308634835,-2.950320246438702,-5.455771291763861,0.190812577482159,6.955771291763861
0.1,3800.0,1.0,0.11174953519512183,0.019799999990256542,0.009899999983405558,9.797699980356715,4.187193157013976,8.31667308634835,-2.950320851340095,-5.455772767566369,0.190812531130092,6.955772767566369
0.1,3800.0,1.0,0.11174952029396064,0.01979998508909535,0.009899999983405558,9.797699980356715,4.187193157013976,8.31667308634835,-2.9503195262258552,-5.455769548683774,0.1908126084868578,6.955769548683774
0.1,3800.0,1.0,0.11174952029396064,0.019799999990256542,0.009899985082244364,9.797699980356715,4.187193157013976,8.31667308634835,-2.950318983327926,-5.455768226506654,0.19081264603836096,6.955768226506654
0.1,3800.0,1.0,0.11174952029396064,0.019799999990256542,0.009899999983405558,9.797699995257876,4.187193157013976,8.31667308634835,-2.950320253266377,-5.455771308198116,0.19081257734360682,6.955771308198116
0.1,3800.0,1.0,0.11174952029396064,0.019799999990256542,0.009899999983405558,9.797699980356715,4.187193171915137,8.31667308634835,-2.9503202574617466,-5.455771318311266,0.19081257723287856,6.955771318311266
0.1,3800.0,1.0,0.11173635406939304,0.01979999999756203,0.0099,9.584881328932573,4.399999999855706,8.31667308634835,-2.9678201714507644,-5.498259772359729,0.1898274878676083,6.998259772359729
0.1,3800.0,1.0,0.11173636897055424,0.01979999999756203,0.0099,9.584881328932573,4.399999999855706,8.31667308634835,-2.9695265247724145,-5.502445738660586,0.1896573132143702,7.002445738660586
0.1,3800.0,1.0,0.11173635406939304,0.019799985096400838,0.0099,9.584881328932573,4.399999999855706,8.31667308634835,-2.969691479770915,-5.502850425592914,0.18964081905649618,7.002850425592914
0.1,3800.0,1.0,0.11173635406939304,0.01979999999756203,0.009899985098838807,9.584881328932573,4.399999999855706,8.31667308634835,-2.9696909100674644,-5.5028490389747375,0.1896408570143075,7.0028490389747375
0.1,3800.0,1.0,0.11173635406939304,0.01979999999756203,0.0099,9.584881343833734,4.399999999855706,8.31667308634835,-2.969692200199418,-5.502852168798997,0.1896407887239083,7.002852168798997
0.1,3800.0,1.0,0.11173635406939304,0.01979999999756203,0.0099,9.584881328932573,4.399999984954545,8.31667308634835,-2.9696921827104426,-5.502852126691334,0.1896407890987685,7.002852126691334
0.1,3800.0,1.0,0.11173635406939304,0.01979999999756203,0.0099,9.584881328932573,4.399999999855706,8.31667308634835,-2.96969219340311,-5.502852152441919,0.18964078885893992,7.002852152441919
0.1,3800.0,1.0,0.11173636897055424,0.01979999999756203,0.0099,9.584881328932573,4.399999999855706,8.31667308634835,-2.9696927999272225,-5.502853631794706,0.18964074308593495,7.002853631794706
0.1,3800.0,1.0,0.11173635406939304,0.019799985096400838,0.0099,9.584881328932573,4.399999999855706,8.31667308634835,-2.969691478835975,-5.502850423299398,0.1896408191496607,7.002850423299398
0.1,3800.0,1.0,0.11173635406939304,0.01979999999756203,0.009899985098838807,9.584881328932573,4.399999999855706,8.31667308634835,-2.9696909100674644,-5.5028490389747375,0.1896408570143075,7.0028490389747375
0.1,3800.0,1.0,0.11173635406939304,0.01979999999756203,0.0099,9.584881343833734,4.399999999855706,8.31667308634835,-2.969692200199418,-5.502852168798997,0.1896407887239083,7.002852168798997
0.1,3800.0,1.0,0.11173635406939304,0.01979999999756203,0.0099,9.584881328932573,4.399999984954545,8.31667308634835,-2.9696921827104426,-5.502852126691334,0.1896407890987685,7.002852126691334
0.1,3800.0,1.0,0.11175999999979194,0.019799999999983248,0.0099,9.797699664730263,4.187202866881151,8.31667308634835,-2.9488544805908252,-5.452168066471932,0.19097159613300155,6.952168066471932
0.1,3800.0,1.0,0.1117481770303991,0.01979999999877264,0.0099,9.691290459090036,4.29360147110605,8.31667308634835,-2.9500680685512117,-5.455571348851799,0.19011718628746746,6.955571348851799
0.1,3800.0,1.0,0.11174226554597101,0.019799999998167336,0.0099,9.638085858684953,4.346800770803711,8.31667308634835,-2.949222313951485,-5.453503689909637,0.1901892860760391,6.953503689909637
0.1,3800.0,1.0,0.11173930980356997,0.019799999997864682,0.0099,9.611483556799401,4.373400422335383,8.31667308634835,-2.957413911446214,-5.473300751930497,0.18988565637585003,6.973300751930497
0.1,3800.0,1.0,0.11173783193418065,0.01979999999771336,0.0099,9.598182422157743,4.386700231801725,8.31667308634835,-2.960860982204555,-5.481609645835134,0.18979544199093307,6.981609645835134
0.1,3800.0,1.0,0.11173709300024814,0.019799999997637693,0.0099,9.591531861696522,4.393350129675973,8.31667308634835,-2.965810480156212,-5.4935143562786815,0.18971007746498228,6.9935143562786815
0.1,3800.0,1.0,0.11173672353437625,0.019799999997599863,0.0099,9.588206591315302,4.3966750687646865,8.31667308634835,-2.966665231104569,-5.495574625261819,0.18968777838844,6.995574625261819
0.1,3800.0,1.0,0.11173653880162929,0.019799999997580947,0.0099,9.58654395782563,4.398337536608276,8.31667308634835,-2.9670917939964414,-5.496602799236941,0.18967665330108435,6.996602799236941
0.1,3800.0,1.0,0.11173644643535012,0.01979999999757149,0.0099,9.585712641929645,4.399168769681302,8.31667308634835,-2.9694785901959717,-5.502337295250119,0.18964635057191187,7.002337295250119
0.1,3800.0,1.0,0.11173640025273826,0.01979999999756676,0.0099,9.58529698873136,4.399584381468582,8.31667308634835,-2.969585406251471,-5.502594758651588,0.18964356938827437,7.002594758651588
0.1,3800.0,1.0,0.11173637716145596,0.019799999997564398,0.0099,9.585089162344811,4.399792187149648,8.31667308634835,-2.96963880320582,-5.502723463702539,0.18964217901435368,7.002723463702539
0.1,3800.0,1.0,0.11173639206261715,0.019799999997564398,0.0099,9.585089162344811,4.399792187149648,8.31667308634835,-2.9696394097159238,-5.502724943022005,0.1896421332409485,7.002724943022005
0.1,3800.0,1.0,0.11173637716145596,0.019799985096403204,0.0099,9.585089162344811,4.399792187149648,8.31667308634835,-2.9696380886245026,-5.502721734525368,0.1896422093062446,7.002721734525368
0.1,3800.0,1.0,0.11173637716145596,0.019799999997564398,0.009899985098838807,9.585089162344811,4.399792187149648,8.31667308634835,-2.9696375199324097,-5.502720350384109,0.18964224717026315,7.002720350384109
0.1,3800.0,1.0,0.11173637716145596,0.019799999997564398,0.0099,9.585089177245973,4.399792187149648,8.31667308634835,-2.96963880999974,-5.50272348005376,0.18964217887955656,7.00272348005376
0.1,3800.0,1.0,0.11173637716145596,0.019799999997564398,0.0099,9.585089162344811,4.39979220205081,8.31667308634835,-2.969638813896717,-5.502723489448759,0.18964217877474007,7.002723489448759
0.1,3800.0,1.0,0.11173637716145596,0.019799999997564398,0.0099,9.585089162344811,4.399792187149648,8.31667308634835,-2.9696388032034218,-5.502723463696656,0.18964217901459263,7.002723463696656
0.1,3800.0,1.0,0.11173639206261715,0.019799999997564398,0.0099,9.585089162344811,4.399792187149648,8.31667308634835,-2.9696394097159238,-5.502724943022005,0.1896421332409485,7.002724943022005
0.1,3800.0,1.0,0.11173637716145596,0.019799985096403204,0.0099,9.585089162344811,4.399792187149648,8.31667308634835,-2.9696380886245026,-5.502721734525368,0.1896422093062446,7.002721734525368
0.1,3800.0,1.0,0.11173637716145596,0.019799999997564398,0.009899985098838807,9.585089162344811,4.399792187149648,8.31667308634835,-2.9696375199324097,-5.502720350384109,0.18964224717026315,7.002720350384109
0.1,3800.0,1.0,0.11173637716145596,0.019799999997564398,0.0099,9.585089177245973,4.399792187149648,8.31667308634835,-2.96963880999974,-5.50272348005376,0.18964217887955656,7.00272348005376
0.1,3800.0,1.0,0.11173637716145596,0.019799999997564398,0.0099,9.585089162344811,4.39979220205081,8.31667308634835,-2.969638813896717,-5.502723489448759,0.18964217877474007,7.002723489448759
0.1,3800.0,1.0,0.11173637716145596,0.019799999997564398,0.0099,9.585089162344811,4.399792187149648,8.31667308634835,-2.9696388032034218,-5.502723463696656,0.18964217901459263,7.002723463696656
0.1473684210526316,3800.0,1.0,0.1035227134385962,0.0184187135919339,0.0088979858892775,10.0,4.00011389907258,8.31667308634835,-2.3796950335519282,-4.306633192642589,0.23222212727155608,5.806633192642589
0.1473684210526316,3800.0,1.0,0.1035227283397574,0.0184187135919339,0.0088979858892775,10.0,4.00011389907258,8.31667308634835,-2.3796419506683377,-4.306491271136176,0.2322306603303269,5.806491271136176
0.1473684210526316,3800.0,1.0,0.1035227134385962,0.018418728493095095,0.0088979858892775,10.0,4.00011389907258,8.31667308634835,-2.379642050548077,-4.3064915037091405,0.23223068240259281,5.8064915037091405
0.1473684210526316,3800.0,1.0,0.1035227134385962,0.0184187135919339,0.008898000790438693,10.0,4.00011389907258,8.31667308634835,-2.379642528620952,-4.30649276361791,0.2322306257525712,5.80649276361791
0.1473684210526316,3800.0,1.0,0.1035227134385962,0.0184187135919339,0.0088979858892775,10.000000014901161,4.00011389907258,8.31667308634835,-2.3796413693778207,-4.306489734814242,0.2322307340728412,5.806489734814242
0.1473684210526316,3800.0,1.0,0.1035227134385962,0.0184187135919339,0.0088979858892775,10.0,4.000113913973741,8.31667308634835,-2.379641372741993,-4.306489743459764,0.23223073391801669,5.806489743459764
0.1473684210526316,3800.0,1.0,0.1035227134385962,0.0184187135919339,0.0088979858892775,10.0,4.00011389907258,8.31667308634835,-2.3796413636432576,-4.306489720121598,0.2322307342875275,5.806489720121598
0.1473684210526316,3800.0,1.0,0.1035227283397574,0.0184187135919339,0.0088979858892775,10.0,4.00011389907258,8.31667308634835,-2.3796419505875694,-4.306491270920262,0.23223066034328016,5.806491270920262
0.1473684210526316,3800.0,1.0,0.1035227134385962,0.018418728493095095,0.0088979858892775,10.0,4.00011389907258,8.31667308634835,-2.379642050548077,-4.3064915037091405,0.23223068240259281,5.8064915037091405
0.1473684210526316,3800.0,1.0,0.1035227134385962,0.0184187135919339,0.008898000790438693,10.0,4.00011389907258,8.31667308634835,-2.379642528620952,-4.30649276361791,0.2322306257525712,5.80649276361791
0.1473684210526316,3800.0,1.0,0.1035227134385962,0.0184187135919339,0.0088979858892775,10.000000014901161,4.00011389907258,8.31667308634835,-2.3796413693778207,-4.306489734814242,0.2322307340728412,5.806489734814242
0.1473684210526316,3800.0,1.0,0.1035227134385962,0.0184187135919339,0.0088979858892775,10.0,4.000113913973741,8.31667308634835,-2.379641372741993,-4.306489743459764,0.23223073391801669,5.806489743459764
0.1473684210526316,3800.0,1.0,0.1035227134385962,0.0184187135919339,0.0088979858892775,10.0,4.00011389907258,8.31667308634835,-2.3796413636432576,-4.306489720121598,0.2322307342875275,5.806489720121598
0.1473684210526316,3800.0,1.0,0.11176,0.0198,0.0099,5.401074560037614,3.363899797166318,8.31667308634835,-1.8873741831718627,-3.056608696437035,0.23808428972263956,4.556608696437035
0.1473684210526316,3800.0,1.0,0.10764124895546269,0.019109338725365667,0.009398979835845837,7.700597445200686,3.6820151713544425,8.31667308634835,-2.19740624597908,-3.8439257859420417,0.2342467332836488,5.343925785942042
0.1473684210526316,3800.0,1.0,0.10558194129566789,0.018764019467707567,0.00914847800881195,8.850320999764724,3.8410676170304083,8.31667308634835,-2.2737429313178197,-4.037279060039221,0.23385659430521666,5.537279060039221
0.1473684210526316,3800.0,1.0,0.10455230417525126,0.01859136264084231,0.009023229127898267,9.42517344804554,3.920592549296887,8.31667308634835,-2.344916575978471,-4.218707974357062,0.23221713591755133,5.718707974357062
0.1473684210526316,3800.0,1.0,0.10403750119420001,0.018505036839832806,0.008960606582547914,9.712590974251112,3.960353812160173,8.31667308634835,-2.366892688726006,-4.274336078680674,0.23214378093681962,5.774336078680674
0.1473684210526316,3800.0,1.0,0.1037801045140572,0.01846187474596703,0.008929295895025557,9.856297051688934,3.9802340720576512,8.31667308634835,-2.377744495470914,-4.301866977295857,0.23203925983699517,5.801866977295857
0.1473684210526316,3800.0,1.0,0.10365140854936476,0.01844029409735447,0.008913640840214293,9.928148764219827,3.9901740185418983,8.31667308634835,-2.383263728659232,-4.31582049711053,0.23203998470144527,5.81582049711053
0.1473684210526316,3800.0,1.0,0.10358706177516008,0.0184295039756379,0.008905813459771482,9.964073945972759,3.995143898472143,8.31667308634835,-2.375084799641338,-4.294900847801032,0.23230662314643497,5.794900847801032
0.1473684210526316,3800.0,1.0,0.10355488659775186,0.018424108614568478,0.008901899551770625,9.982037536387502,3.9976289767131203,8.31667308634835,-2.381743537515015,-4.3118397392785175,0.23219186728176508,5.8118397392785175
0.1473684210526316,3800.0,1.0,0.10353880046659415,0.01842141117844544,0.00889994277507155,9.991018517838166,3.9988714032587263,8.31667308634835,-2.376328818041926,-4.298063065329919,0.23228782809611243,5.798063065329919
0.1473684210526316,3800.0,1.0,0.10353075621581437,0.01842006226164106,0.008898964242549772,9.995509670268136,3.99949270807157,8.31667308634835,-2.377987373893364,-4.302282251587944,0.23225918531044396,5.802282251587944
0.1473684210526316,3800.0,1.0,0.10353077111697556,0.01842006226164106,0.008898964242549772,9.995509670268136,3.99949270807157,8.31667308634835,-2.3779879598718443,-4.302283799876146,0.23225911144205466,5.802283799876146
0.1473684210526316,3800.0,1.0,0.10353075621581437,0.018420077162802254,0.008898964242549772,9.995509670268136,3.99949270807157,8.31667308634835,-2.3779880595791107,-4.302284032013499,0.23225913351382482,5.802284032013499
0.1473684210526316,3800.0,1.0,0.10353075621581437,0.01842006226164106,0.008898979143710966,9.995509670268136,3.99949270807157,8.31667308634835,-2.377988537744389,-4.302285292183751,0.2322590768329801,5.802285292183751
0.1473684210526316,3800.0,1.0,0.10353075621581437,0.01842006226164106,0.008898964242549772,9.995509685169297,3.99949270807157,8.31667308634835,-2.3779873790834367,-4.3022822648238295,0.23225918518441155,5.8022822648238295
0.1473684210526316,3800.0,1.0,0.10353075621581437,0.01842006226164106,0.008898964242549772,9.995509670268136,3.999492722972731,8.31667308634835,-2.377987382449877,-4.302282273475264,0.23225918502938783,5.802282273475264
0.1473684210526316,3800.0,1.0,0.10353075621581437,0.01842006226164106,0.008898964242549772,9.995509670268136,3.99949270807157,8.31667308634835,-2.3779873733376475,-4.302282250102306,0.2322591853996468,5.802282250102306
0.1473684210526316,3800.0,1.0,0.10353077111697556,0.01842006226164106,0.008898964242549772,9.995509670268136,3.99949270807157,8.31667308634835,-2.3779879598718443,-4.302283799876146,0.23225911144205466,5.802283799876146
0.1473684210526316,3800.0,1.0,0.10353075621581437,0.018420077162802254,0.008898964242549772,9.995509670268136,3.99949270807157,8.31667308634835,-2.3779880595791107,-4.302284032013499,0.23225913351382482,5.802284032013499
0.1473684210526316,3800.0,1.0,0.10353075621581437,0.01842006226164106,0.008898979143710966,9.995509670268136,3.99949270807157,8.31667308634835,-2.377988537744389,-4.302285292183751,0.2322590768329801,5.802285292183751
0.1473684210526316,3800.0,1.0,0.10353075621581437,0.01842006226164106,0.008898964242549772,9.995509685169297,3.99949270807157,8.31667308634835,-2.3779873790834367,-4.3022822648238295,0.23225918518441155,5.8022822648238295
0.1473684210526316,3800.0,1.0,0.10353075621581437,0.01842006226164106,0.008898964242549772,9.995509670268136,3.999492722972731,8.31667308634835,-2.377987382449877,-4.302282273475264,0.23225918502938783,5.802282273475264
0.1473684210526316,3800.0,1.0,0.11176,0.0198,0.0099,9.80900317844119,4.175878453831489,8.31667308634835,-2.810764864575357,-5.4336558809843485,0.19111492059800336,6.9336558809843485
0.1473684210526316,3800.0,1.0,0.1117599850988388,0.0198,0.0099,9.80900317844119,4.175878453831489,8.31667308634835,-2.812351385981277,-5.43782267022814,0.19094275941184963,6.93782267022814
0.1473684210526316,3800.0,1.0,0.11176,0.019799985098838808,0.0099,9.80900317844119,4.175878453831489,8.31667308634835,-2.8125374797370655,-5.438311428227602,0.19092255740257244,6.938311428227602
0.1473684210526316,3800.0,1.0,0.11176,0.0198,0.009899985098838807,9.80900317844119,4.175878453831489,8.31667308634835,-2.8125369708905015,-5.4383101076380935,0.19092259510823928,6.9383101076380935
0.1473684210526316,3800.0,1.0,0.11176,0.0198,0.0099,9.80900319334235,4.175878453831489,8.31667308634835,-2.812538162135273,-5.438313181601053,0.19092252633863585,6.938313181601053
0.1473684210526316,3800.0,1.0,0.11176,0.0198,0.0099,9.80900317844119,4.17587846873265,8.31667308634835,-2.8125381661176427,-5.4383131917703915,0.19092252622713357,6.9383131917703915
0.1473684210526316,3800.0,1.0,0.11176,0.0198,0.0099,9.80900317844119,4.175878453831489,8.31667308634835,-2.8125381556569886,-5.438313165095877,0.19092252647830735,6.938313165095877
0.1473684210526316,3800.0,1.0,0.1117599850988388,0.0198,0.0099,9.80900317844119,4.175878453831489,8.31667308634835,-2.8125375897929157,-5.438311692485942,0.1909225728841758,6.938311692485942
0.1473684210526316,3800.0,1.0,0.11176,0.019799985098838808,0.0099,9.80900317844119,4.175878453831489,8.31667308634835,-2.8125374785080854,-5.438311424999974,0.19092255753579504,6.938311424999974
0.1473684210526316,3800.0,1.0,0.11176,0.0198,0.009899985098838807,9.80900317844119,4.175878453831489,8.31667308634835,-2.8125369708905015,-5.4383101076380935,0.19092259510823928,6.9383101076380935
0.1473684210526316,3800.0,1.0,0.11176,0.0198,0.0099,9.80900319334235,4.175878453831489,8.31667308634835,-2.812538162135273,-5.438313181601053,0.19092252633863585,6.938313181601053
0.1473684210526316,3800.0,1.0,0.11176,0.0198,0.0099,9.80900317844119,4.17587846873265,8.31667308634835,-2.8125381661176427,-5.4383131917703915,0.19092252622713357,6.9383131917703915
0.1473684210526316,3800.0,1.0,0.10100872316923806,0.019799999996801113,0.0099,9.595122451532443,4.399999999811594,8.31667308634835,-2.327269758253678,-4.173694768962174,0.23265643549962015,5.673694768962174
0.1473684210526316,3800.0,1.0,0.10638546106678996,0.019799999998400885,0.0099,9.702084687555967,4.287916306972317,8.31667308634835,-2.55023557446286,-4.758514817256087,0.20931348108967113,6.258514817256087
0.1473684210526316,3800.0,1.0,0.10907332297526495,0.01979999999920062,0.0099,9.75555571875201,4.231885030335032,8.31667308634835,-2.7159789621870343,-5.187174509270538,0.19867762408767392,6.687174509270538
0.1473684210526316,3800.0,1.0,0.11041687704307838,0.019799999999600373,0.0099,9.782283736752898,4.2038772486058305,8.31667308634835,-2.7602481594636634,-5.303012804626228,0.19434827097405133,6.803012804626228
0.1473684210526316,3800.0,1.0,0.11108855340186588,0.019799999999800224,0.0099,9.795645742970974,4.189875456418784,8.31667308634835,-2.7761036408317437,-5.344577184573354,0.19271395358433827,6.844577184573354
0.1473684210526316,3800.0,1.0,0.11142435551919672,0.019799999999900137,0.0099,9.802326028678687,4.1828753120764635,8.31667308634835,-2.7933786600886243,-5.388717301479692,0.19220061632095328,6.888717301479692
0.1473684210526316,3800.0,1.0,0.11159221729511372,0.01979999999995008,0.0099,9.805665390060453,4.179376058795045,8.31667308634835,-2.8060699568414407,-5.421403135307201,0.19153830511169712,6.921403135307201
0.1473684210526316,3800.0,1.0,0.11167611932474088,0.019799999999975042,0.0099,9.807334496657582,4.177627033736262,8.31667308634835,-2.8098526960503314,-5.431299521564363,0.19117039201612526,6.931299521564363
0.1473684210526316,3800.0,1.0,0.11171806173699037,0.019799999999987522,0.0099,9.808168878820876,4.176752700536266,8.31667308634835,-2.8111960678782784,-5.434808082223855,0.1910463312742834,6.934808082223855
0.1473684210526316,3800.0,1.0,0.11173902988767964,0.019799999999993764,0.0099,9.80858600911916,4.176315597629997,8.31667308634835,-2.8118672055261085,-5.436560883747146,0.19098440338735367,6.936560883747146
0.1473684210526316,3800.0,1.0,0.11174951243597138,0.019799999999996883,0.0099,9.808794543889848,4.176097078009868,8.31667308634835,-2.812202631642499,-5.437436900386478,0.19095346524044995,6.937436900386478
0.1473684210526316,3800.0,1.0,0.11174952733713257,0.019799999999996883,0.0099,9.808794543889848,4.176097078009868,8.31667308634835,-2.812203194149609,-5.437438364192414,0.1909534191848996,6.937438364192414
0.1473684210526316,3800.0,1.0,0.11174951243597138,0.01979998509883569,0.0099,9.808794543889848,4.176097078009868,8.31667308634835,-2.812201951112216,-5.437435151395034,0.190953496681235,6.937435151395034
0.1473684210526316,3800.0,1.0,0.11174951243597138,0.019799999999996883,0.009899985098838807,9.808794543889848,4.176097078009868,8.31667308634835,-2.812201443435185,-5.437433833870174,0.19095353426770842,6.937433833870174
0.1473684210526316,3800.0,1.0,0.11174951243597138,0.019799999999996883,0.0099,9.808794558791009,4.176097078009868,8.31667308634835,-2.8122026346902773,-5.437436907882243,0.19095346547263947,6.937436907882243
0.1473684210526316,3800.0,1.0,0.11174951243597138,0.019799999999996883,0.0099,9.808794543889848,4.1760970929110295,8.31667308634835,-2.8122026386714247,-5.4374369180485065,0.19095346536112165,6.9374369180485065
0.1473684210526316,3800.0,1.0,0.11174951243597138,0.019799999999996883,0.0099,9.808794543889848,4.176097078009868,8.31667308634835,-2.8122026282126207,-5.437436891378608,0.19095346561236343,6.937436891378608
0.1473684210526316,3800.0,1.0,0.11174952733713257,0.019799999999996883,0.0099,9.808794543889848,4.176097078009868,8.31667308634835,-2.81220319414961,-5.437438364192418,0.1909534191848994,6.937438364192418
0.1473684210526316,3800.0,1.0,0.11174951243597138,0.01979998509883569,0.0099,9.808794543889848,4.176097078009868,8.31667308634835,-2.812201951112216,-5.437435151395034,0.190953496681235,6.937435151395034
0.1473684210526316,3800.0,1.0,0.11174951243597138,0.019799999999996883,0.009899985098838807,9.808794543889848,4.176097078009868,8.31667308634835,-2.812201443435185,-5.437433833870174,0.19095353426770842,6.937433833870174
0.1473684210526316,3800.0,1.0,0.11174951243597138,0.019799999999996883,0.0099,9.808794558791009,4.176097078009868,8.31667308634835,-2.8122026346902773,-5.437436907882243,0.19095346547263947,6.937436907882243
0.1473684210526316,3800.0,1.0,0.11174951243597138,0.019799999999996883,0.0099,9.808794543889848,4.1760970929110295,8.31667308634835,-2.8122026386714247,-5.4374369180485065,0.19095346536112165,6.9374369180485065
0.1473684210526316,3800.0,1.0,0.1117349415592971,0.0198,0.009899999991609678,9.584878577527661,4.4,8.31667308634835,-2.8358018731579624,-5.498116234460249,0.18983187158792386,6.998116234460249
0.1473684210526316,3800.0,1.0,0.11173495646045829,0.0198,0.009899999991609678,9.584878577527661,4.4,8.31667308634835,-2.8373966875706365,-5.50230220187748,0.18966168947147366,7.00230220187748
0.1473684210526316,3800.0,1.0,0.1117349415592971,0.019799985098838808,0.009899999991609678,9.584878577527661,4.4,8.31667308634835,-2.837550962383799,-5.502707172158424,0.18964518308546743,7.002707172158424
0.1473684210526316,3800.0,1.0,0.1117349415592971,0.0198,0.009899985090448484,9.584878577527661,4.4,8.31667308634835,-2.837550427512752,-5.502705785541997,0.18964522104525638,7.002705785541997
0.1473684210526316,3800.0,1.0,0.1117349415592971,0.0198,0.009899999991609678,9.584878592428822,4.4,8.31667308634835,-2.8375516410154926,-5.502708915349392,0.18964515275134156,7.002708915349392
0.1473684210526316,3800.0,1.0,0.1117349415592971,0.0198,0.009899999991609678,9.584878577527661,4.399999985098839,8.31667308634835,-2.837551624495068,-5.502708873242253,0.18964515312622227,7.002708873242253
0.1473684210526316,3800.0,1.0,0.1117349415592971,0.0198,0.009899999991609678,9.584878577527661,4.4,8.31667308634835,-2.8375516345941967,-5.502708898992487,0.18964515288638106,7.002708898992487
0.1473684210526316,3800.0,1.0,0.11173495646045829,0.0198,0.009899999991609678,9.584878577527661,4.4,8.31667308634835,-2.837552203359674,-5.50271037836866,0.18964510711036886,7.00271037836866
0.1473684210526316,3800.0,1.0,0.1117349415592971,0.019799985098838808,0.009899999991609678,9.584878577527661,4.4,8.31667308634835,-2.837550961508798,-5.502707169861849,0.18964518317876025,7.002707169861849
0.1473684210526316,3800.0,1.0,0.1117349415592971,0.0198,0.009899985090448484,9.584878577527661,4.4,8.31667308634835,-2.8375504275127543,-5.502705785542003,0.1896452210452562,7.002705785542003
0.1473684210526316,3800.0,1.0,0.1117349415592971,0.0198,0.009899999991609678,9.584878592428822,4.4,8.31667308634835,-2.8375516410154926,-5.502708915349392,0.18964515275134156,7.002708915349392
0.1473684210526316,3800.0,1.0,0.1117349415592971,0.0198,0.009899999991609678,9.584878577527661,4.399999985098839,8.31667308634835,-2.837551624495068,-5.502708873242253,0.18964515312622227,7.002708873242253
0.1473684210526316,3800.0,1.0,0.11175999997651541,0.01979999999776926,0.0099,9.808794203715637,4.176106802258844,8.31667308634835,-2.8108343154049096,-5.433833187765334,0.19111302267287678,6.933833187765334
0.1473684210526316,3800.0,1.0,0.1117474707619575,0.019799999998884633,0.009899999995804837,9.696836337465049,4.288053454280698,8.31667308634835,-2.814941231838174,-5.44481714721129,0.19044865886475262,6.94481714721129
0.1473684210526316,3800.0,1.0,0.11174120615565705,0.019799999999442316,0.009899999993707255,9.640857413083504,4.3440267715487515,8.31667308634835,-2.8129040600332837,-5.439922583714934,0.19016546368468795,6.939922583714934
0.1473684210526316,3800.0,1.0,0.11173807385202146,0.01979999999972116,0.009899999992658465,9.612867946555586,4.372013434519489,8.31667308634835,-2.8268742854797972,-5.475606141493743,0.18976398626964325,6.975606141493743
0.1473684210526316,3800.0,1.0,0.1117365077035322,0.019799999999860582,0.00989999999213407,9.598873243034566,4.386006736264898,8.31667308634835,-2.8297324389192178,-5.482863084760467,0.18972999261687992,6.982863084760467
0.1473684210526316,3800.0,1.0,0.11173572462996854,0.01979999999993029,0.009899999991871874,9.591875897359143,4.393003381053125,8.31667308634835,-2.833849700638394,-5.493289533993798,0.18971134818916363,6.993289533993798
0.1473684210526316,3800.0,1.0,0.11173533309416771,0.019799999999965148,0.009899999991740776,9.588377233287178,4.396501694682371,8.31667308634835,-2.834648092916139,-5.495324410158986,0.18969329779283486,6.995324410158986
0.1473684210526316,3800.0,1.0,0.1117351373264575,0.019799999999982575,0.009899999991675226,9.586627902950992,4.398250849797367,8.31667308634835,-2.835071761410226,-5.49640614142893,0.18968159510383906,6.99640614142893
0.1473684210526316,3800.0,1.0,0.11173503944270334,0.019799999999991286,0.009899999991642452,9.585753238684902,4.399125426452954,8.31667308634835,-2.835283381039782,-5.496946458105957,0.189675750778396,6.996946458105957
0.1473684210526316,3800.0,1.0,0.11173499050087668,0.019799999999995644,0.009899999991626066,9.5853159070024,4.399562714330248,8.31667308634835,-2.837445584964812,-5.502438132442902,0.18964807714252274,7.002438132442902
0.1473684210526316,3800.0,1.0,0.11173496603047853,0.019799999999997823,0.00989999999161787,9.585097245764594,4.399781353665911,8.31667308634835,-2.8374986119535235,-5.502573521186323,0.1896466150453201,7.002573521186323
0.1473684210526316,3800.0,1.0,0.11173498093163972,0.019799999999997823,0.00989999999161787,9.585097245764594,4.399781353665911,8.31667308634835,-2.8374991807045684,-5.502575000526351,0.18964656926893153,7.002575000526351
0.1473684210526316,3800.0,1.0,0.11173496603047853,0.01979998509883663,0.00989999999161787,9.585097245764594,4.399781353665911,8.31667308634835,-2.837497938853731,-5.502571792018142,0.18964664533897452,7.002571792018142
0.1473684210526316,3800.0,1.0,0.11173496603047853,0.019799999999997823,0.009899985090456677,9.585097245764594,4.399781353665911,8.31667308634835,-2.837497404933771,-5.502570407891255,0.18964668320480932,7.002570407891255
0.1473684210526316,3800.0,1.0,0.11173496603047853,0.019799999999997823,0.00989999999161787,9.585097260665755,4.399781353665911,8.31667308634835,-2.837498618372054,-5.502573537535976,0.1896466149105717,7.002573537535976
0.1473684210526316,3800.0,1.0,0.11173496603047853,0.019799999999997823,0.00989999999161787,9.585097245764594,4.399781368567072,8.31667308634835,-2.8374986220504996,-5.502573546930869,0.1896466148057495,7.002573546930869
0.1473684210526316,3800.0,1.0,0.11173496603047853,0.019799999999997823,0.00989999999161787,9.585097245764594,4.399781353665911,8.31667308634835,-2.837498611950749,-5.502573521179042,0.18964661504561592,7.002573521179042
0.1473684210526316,3800.0,1.0,0.11173498093163972,0.019799999999997823,0.00989999999161787,9.585097245764594,4.399781353665911,8.31667308634835,-2.8374991807045684,-5.502575000526351,0.18964656926893153,7.002575000526351
0.1473684210526316,3800.0,1.0,0.11173496603047853,0.01979998509883663,0.00989999999161787,9.585097245764594,4.399781353665911,8.31667308634835,-2.837497938853731,-5.502571792018142,0.18964664533897452,7.002571792018142
0.1473684210526316,3800.0,1.0,0.11173496603047853,0.019799999999997823,0.009899985090456677,9.585097245764594,4.399781353665911,8.31667308634835,-2.837497404933771,-5.502570407891255,0.18964668320480932,7.002570407891255
0.1473684210526316,3800.0,1.0,0.11173496603047853,0.019799999999997823,0.00989999999161787,9.585097260665755,4.399781353665911,8.31667308634835,-2.837498618372054,-5.502573537535976,0.1896466149105717,7.002573537535976
0.1473684210526316,3800.0,1.0,0.11173496603047853,0.019799999999997823,0.00989999999161787,9.585097245764594,4.399781368567072,8.31667308634835,-2.8374986220504996,-5.502573546930869,0.1896466148057495,7.002573546930869
0.1473684210526316,3800.0,1.0,0.11173496603047853,0.019799999999997823,0.00989999999161787,9.585097245764594,4.399781353665911,8.31667308634835,-2.837498611950749,-5.502573521179042,0.18964661504561592,7.002573521179042
0.19473684210526315,3800.0,1.0,0.1035227134385962,0.0184187135919339,0.0088979858892775,10.0,4.00011389907258,8.31667308634835,-2.278788131138728,-4.306633192642589,0.23222212727155608,5.806633192642589
0.19473684210526315,3800.0,1.0,0.1035227283397574,0.0184187135919339,0.0088979858892775,10.0,4.00011389907258,8.31667308634835,-2.278739147370739,-4.306491271136176,0.2322306603303269,5.806491271136176
0.19473684210526315,3800.0,1.0,0.1035227134385962,0.018418728493095095,0.0088979858892775,10.0,4.00011389907258,8.31667308634835,-2.2787392446764545,-4.3064915037091405,0.23223068240259281,5.8064915037091405
0.19473684210526315,3800.0,1.0,0.1035227134385962,0.0184187135919339,0.008898000790438693,10.0,4.00011389907258,8.31667308634835,-2.2787396885545625,-4.30649276361791,0.2322306257525712,5.80649276361791
0.19473684210526315,3800.0,1.0,0.1035227134385962,0.0184187135919339,0.0088979858892775,10.000000014901161,4.00011389907258,8.31667308634835,-2.2787386083129904,-4.306489734814242,0.2322307340728412,5.806489734814242
0.19473684210526315,3800.0,1.0,0.1035227134385962,0.0184187135919339,0.0088979858892775,10.0,4.000113913973741,8.31667308634835,-2.278738611469398,-4.306489743459764,0.23223073391801669,5.806489743459764
0.19473684210526315,3800.0,1.0,0.1035227134385962,0.0184187135919339,0.0088979858892775,10.0,4.00011389907258,8.31667308634835,-2.278738602925949,-4.306489720121598,0.2322307342875275,5.806489720121598
0.19473684210526315,3800.0,1.0,0.1035227283397574,0.0184187135919339,0.0088979858892775,10.0,4.00011389907258,8.31667308634835,-2.2787391472962035,-4.306491270920262,0.23223066034328016,5.806491270920262
0.19473684210526315,3800.0,1.0,0.1035227134385962,0.018418728493095095,0.0088979858892775,10.0,4.00011389907258,8.31667308634835,-2.2787392446764545,-4.3064915037091405,0.23223068240259281,5.8064915037091405
0.19473684210526315,3800.0,1.0,0.1035227134385962,0.0184187135919339,0.008898000790438693,10.0,4.00011389907258,8.31667308634835,-2.2787396885545625,-4.30649276361791,0.2322306257525712,5.80649276361791
0.19473684210526315,3800.0,1.0,0.1035227134385962,0.0184187135919339,0.0088979858892775,10.000000014901161,4.00011389907258,8.31667308634835,-2.2787386083129904,-4.306489734814242,0.2322307340728412,5.806489734814242
0.19473684210526315,3800.0,1.0,0.1035227134385962,0.0184187135919339,0.0088979858892775,10.0,4.000113913973741,8.31667308634835,-2.278738611469398,-4.306489743459764,0.23223073391801669,5.806489743459764
0.19473684210526315,3800.0,1.0,0.1035227134385962,0.0184187135919339,0.0088979858892775,10.0,4.00011389907258,8.31667308634835,-2.278738602925949,-4.306489720121598,0.2322307342875275,5.806489720121598
0.19473684210526315,3800.0,1.0,0.11176,0.0198,0.0099,5.403829443160703,3.366657132911036,8.31667308634835,-1.8196954482548136,-3.0704479865582357,0.2379090820903964,4.570447986558236
0.19473684210526315,3800.0,1.0,0.10764124771026287,0.019109338516561762,0.009398979684375107,7.7019755455075565,3.683393898911405,8.31667308634835,-2.1087872857595333,-3.8490715731373477,0.2341741231675468,5.349071573137348
0.19473684210526315,3800.0,1.0,0.10558194020838568,0.018764019285384407,0.009148477876550907,8.851010295852964,3.841757003186973,8.31667308634835,-2.1795758267632745,-4.038978181377662,0.23385356759900586,5.538978181377662
0.19473684210526315,3800.0,1.0,0.10455230326598984,0.018591362488370934,0.009023229017292335,9.425518292339042,3.9209372627285783,8.31667308634835,-2.2462989804520257,-4.2196845091402,0.23220243879773117,5.7196845091402
0.19473684210526315,3800.0,1.0,0.10403750063783412,0.018505036746537445,0.008960606514869502,9.712763450617185,3.9605261741513003,8.31667308634835,-2.2668561090461825,-4.2747990707620485,0.23213677274215824,5.7747990707620485
0.19473684210526315,3800.0,1.0,0.10378010420497827,0.018461874694138493,0.008929295857428049,9.85638330617383,3.9803202544911,8.31667308634835,-2.2770038154864425,-4.30209217373766,0.23203583732438918,5.80209217373766
0.19473684210526315,3800.0,1.0,0.10365140839810147,0.018440294071989573,0.008913640821814065,9.928191889491469,3.9902171093637606,8.31667308634835,-2.282174704888698,-4.315931556707688,0.23203829497732562,5.815931556707688
0.19473684210526315,3800.0,1.0,0.1035870617225035,0.018429503966808074,0.00890581345336614,9.964095496050406,3.995165442377756,8.31667308634835,-2.274465709961655,-4.2949562679909,0.232305772533448,5.7949562679909
0.19473684210526315,3800.0,1.0,0.10355488655422027,0.018424108607268792,0.00890189954647528,9.98204832068779,3.997639749651088,8.31667308634835,-2.28072883674618,-4.311867272131741,0.23219144572422068,5.811867272131741
0.19473684210526315,3800.0,1.0,0.10353880045724352,0.018421411176877463,0.008899942773934104,9.991023903210973,3.998876788923073,8.31667308634835,-2.2756228335834705,-4.298076854936234,0.2322876160825125,5.798076854936234
0.19473684210526315,3800.0,1.0,0.10353075619638767,0.018420062258383454,0.008898964240186638,9.995512370938973,3.9994954017915116,8.31667308634835,-2.2771828599633026,-4.302289141905307,0.232259079499076,5.802289141905307
0.19473684210526315,3800.0,1.0,0.10353077109754887,0.018420062258383454,0.008898964240186638,9.995512370938973,3.9994954017915116,8.31667308634835,-2.2771834034360823,-4.302290690206277,0.23225900563006496,5.802290690206277
0.19473684210526315,3800.0,1.0,0.10353075619638767,0.01842007715954465,0.008898964240186638,9.995512370938973,3.9994954017915116,8.31667308634835,-2.2771835005789054,-4.3022909223438255,0.23225902770181855,5.8022909223438255
0.19473684210526315,3800.0,1.0,0.10353075619638767,0.018420062258383454,0.008898979141347832,9.995512370938973,3.9994954017915116,8.31667308634835,-2.277183944540743,-4.3022921825156635,0.2322589710210211,5.8022921825156635
0.19473684210526315,3800.0,1.0,0.10353075619638767,0.018420062258383454,0.008898964240186638,9.995512385840135,3.9994954017915116,8.31667308634835,-2.277182864851964,-4.302289155152529,0.23225907937236184,5.802289155152529
0.19473684210526315,3800.0,1.0,0.10353075619638767,0.018420062258383454,0.008898964240186638,9.995512370938973,3.999495416692673,8.31667308634835,-2.2771828680104806,-4.302289163803949,0.2322590792173385,5.802289163803949
0.19473684210526315,3800.0,1.0,0.10353075619638767,0.018420062258383454,0.008898964240186638,9.995512370938973,3.9994954017915116,8.31667308634835,-2.2771828594544044,-4.302289140431034,0.23225907958759634,5.802289140431034
0.19473684210526315,3800.0,1.0,0.10353077109754887,0.018420062258383454,0.008898964240186638,9.995512370938973,3.9994954017915116,8.31667308634835,-2.2771834034360814,-4.302290690206274,0.23225900563006519,5.802290690206274
0.19473684210526315,3800.0,1.0,0.10353075619638767,0.01842007715954465,0.008898964240186638,9.995512370938973,3.9994954017915116,8.31667308634835,-2.2771835005789045,-4.302290922343823,0.23225902770181864,5.802290922343823
0.19473684210526315,3800.0,1.0,0.10353075619638767,0.018420062258383454,0.008898979141347832,9.995512370938973,3.9994954017915116,8.31667308634835,-2.277183944540743,-4.3022921825156635,0.2322589710210211,5.8022921825156635
0.19473684210526315,3800.0,1.0,0.10353075619638767,0.018420062258383454,0.008898964240186638,9.995512385840135,3.9994954017915116,8.31667308634835,-2.277182864851964,-4.302289155152529,0.23225907937236184,5.802289155152529
0.19473684210526315,3800.0,1.0,0.10353075619638767,0.018420062258383454,0.008898964240186638,9.995512370938973,3.999495416692673,8.31667308634835,-2.2771828680104806,-4.302289163803949,0.2322590792173385,5.802289163803949
0.19473684210526315,3800.0,1.0,0.11176,0.0198,0.0099,9.819845219383796,4.165043917619052,8.31667308634835,-2.677637797876983,-5.426240286396857,0.19119663924885993,6.926240286396857
0.19473684210526315,3800.0,1.0,0.1117599850988388,0.0198,0.0099,9.819845219383796,4.165043917619052,8.31667308634835,-2.6791118296212546,-5.430404182380232,0.19102433983705971,6.930404182380232
0.19473684210526315,3800.0,1.0,0.11176,0.019799985098838808,0.0099,9.819845219383796,4.165043917619052,8.31667308634835,-2.6792864482874634,-5.430897461478053,0.19100392058747348,6.930897461478053
0.19473684210526315,3800.0,1.0,0.11176,0.0198,0.009899985098838807,9.819845219383796,4.165043917619052,8.31667308634835,-2.679285976508506,-5.430896150877846,0.1910039582612726,6.930896150877846
0.19473684210526315,3800.0,1.0,0.11176,0.0198,0.0099,9.819845234284957,4.165043917619052,8.31667308634835,-2.6792870890920075,-5.430899216265673,0.19100388947233346,6.930899216265673
0.19473684210526315,3800.0,1.0,0.11176,0.0198,0.0099,9.819845219383796,4.165043932520213,8.31667308634835,-2.679287092867087,-5.4308992265139135,0.1910038893597855,6.9308992265139135
0.19473684210526315,3800.0,1.0,0.11176,0.0198,0.0099,9.819845219383796,4.165043917619052,8.31667308634835,-2.679287082991693,-5.430899199758126,0.1910038896122729,6.930899199758126
0.19473684210526315,3800.0,1.0,0.1117599850988388,0.0198,0.0099,9.819845219383796,4.165043917619052,8.31667308634835,-2.6792865554104317,-5.430897728683161,0.19100393605634428,6.930897728683161
0.19473684210526315,3800.0,1.0,0.11176,0.019799985098838808,0.0099,9.819845219383796,4.165043917619052,8.31667308634835,-2.6792864471235034,-5.430897458190241,0.19100392072338335,6.930897458190241
0.19473684210526315,3800.0,1.0,0.11176,0.0198,0.009899985098838807,9.819845219383796,4.165043917619052,8.31667308634835,-2.6792859765085066,-5.430896150877848,0.19100395826127242,6.930896150877848
0.19473684210526315,3800.0,1.0,0.11176,0.0198,0.0099,9.819845234284957,4.165043917619052,8.31667308634835,-2.6792870890920075,-5.430899216265673,0.19100388947233346,6.930899216265673
0.19473684210526315,3800.0,1.0,0.11176,0.0198,0.0099,9.819845219383796,4.165043932520213,8.31667308634835,-2.679287092867087,-5.4308992265139135,0.1910038893597855,6.9308992265139135
0.19473684210526315,3800.0,1.0,0.10100766694739849,0.019799999999814317,0.0099,9.595129260906537,4.399999999990336,8.31667308634835,-2.2292977011210984,-4.173591136721634,0.2326617419241995,5.673591136721634
0.19473684210526315,3800.0,1.0,0.10638493031772947,0.019799999999907177,0.0099,9.707510163389484,4.282497990966732,8.31667308634835,-2.4354923065630745,-4.755036838891589,0.20936616702254146,6.255036838891589
0.19473684210526315,3800.0,1.0,0.10907305754728054,0.0197999999999536,0.0099,9.76369007187467,4.223758009636068,8.31667308634835,-2.5899371800135484,-5.181921184436787,0.198743248967347,6.681921184436787
0.19473684210526315,3800.0,1.0,0.11041674333879535,0.019799999999976805,0.0099,9.791772129885278,4.194396275027606,8.31667308634835,-2.6254597997755353,-5.282378619523137,0.19450252879618046,6.782378619523137
0.19473684210526315,3800.0,1.0,0.11108849932232223,0.019799999999988407,0.0099,9.80581134248803,4.179717306897917,8.31667308634835,-2.642115678164186,-5.329068040407168,0.192840816435393,6.829068040407168
0.19473684210526315,3800.0,1.0,0.11142433655967789,0.019799999999994204,0.0099,9.812830097051856,4.172378713383611,8.31667308634835,-2.6619087433789725,-5.382828167226669,0.19222880316881408,6.882828167226669
0.19473684210526315,3800.0,1.0,0.11159220675929654,0.019799999999997105,0.0099,9.816338462410567,4.168710474662179,8.31667308634835,-2.67373459374715,-5.415319536635721,0.19156973695102336,6.915319536635721
0.19473684210526315,3800.0,1.0,0.11167611292952431,0.01979999999999855,0.0099,9.81809204048266,4.166876987460188,8.31667308634835,-2.6771370555801144,-5.424878858186318,0.19121319582821178,6.924878858186318
0.19473684210526315,3800.0,1.0,0.11171805769002002,0.019799999999999277,0.0099,9.818968655540228,4.1659604257657294,8.31667308634835,-2.678098889747331,-5.42756936116876,0.19112173614383302,6.92756936116876
0.19473684210526315,3800.0,1.0,0.11173902771667844,0.01979999999999964,0.0099,9.819406913880702,4.165502196348283,8.31667308634835,-2.67866870635313,-5.429165712168933,0.19106563615065733,6.929165712168933
0.19473684210526315,3800.0,1.0,0.11174951133514602,0.01979999999999982,0.0099,9.819626013899342,4.16527311211957,8.31667308634835,-2.6789778486570843,-5.430032332184581,0.19103476335251438,6.930032332184581
0.19473684210526315,3800.0,1.0,0.11174952623630721,0.01979999999999982,0.0099,9.819626013899342,4.16527311211957,8.31667308634835,-2.6789783731437713,-5.430033794535689,0.19103471725608986,6.930033794535689
0.19473684210526315,3800.0,1.0,0.11174951133514602,0.019799985098838627,0.0099,9.819626013899342,4.16527311211957,8.31667308634835,-2.678977209675787,-5.430030581801609,0.19103479484417868,6.930030581801609
0.19473684210526315,3800.0,1.0,0.11174951133514602,0.01979999999999982,0.009899985098838807,9.819626013899342,4.16527311211957,8.31667308634835,-2.678976739002326,-5.4300292743149425,0.19103483239611374,6.9300292743149425
0.19473684210526315,3800.0,1.0,0.11174951133514602,0.01979999999999982,0.0099,9.819626028800503,4.16527311211957,8.31667308634835,-2.678977851595747,-5.430032339761499,0.19103476358173432,6.930032339761499
0.19473684210526315,3800.0,1.0,0.11174951133514602,0.01979999999999982,0.0099,9.819626013899342,4.165273127020731,8.31667308634835,-2.6789778553696353,-5.43003235000657,0.19103476346917178,6.93003235000657
0.19473684210526315,3800.0,1.0,0.11174951133514602,0.01979999999999982,0.0099,9.819626013899342,4.16527311211957,8.31667308634835,-2.678977845496034,-5.430032323255494,0.1910347637217261,6.930032323255494
0.19473684210526315,3800.0,1.0,0.11174952623630721,0.01979999999999982,0.0099,9.819626013899342,4.16527311211957,8.31667308634835,-2.6789783731437726,-5.430033794535691,0.19103471725608973,6.930033794535691
0.19473684210526315,3800.0,1.0,0.11174951133514602,0.019799985098838627,0.0099,9.819626013899342,4.16527311211957,8.31667308634835,-2.678977209675787,-5.430030581801609,0.19103479484417868,6.930030581801609
0.19473684210526315,3800.0,1.0,0.11174951133514602,0.01979999999999982,0.009899985098838807,9.819626013899342,4.16527311211957,8.31667308634835,-2.678976739002326,-5.4300292743149425,0.19103483239611374,6.9300292743149425
0.19473684210526315,3800.0,1.0,0.11174951133514602,0.01979999999999982,0.0099,9.819626028800503,4.16527311211957,8.31667308634835,-2.678977851595747,-5.430032339761499,0.19103476358173432,6.930032339761499
0.19473684210526315,3800.0,1.0,0.11174951133514602,0.01979999999999982,0.0099,9.819626013899342,4.165273127020731,8.31667308634835,-2.6789778553696353,-5.43003235000657,0.19103476346917178,6.93003235000657
0.19473684210526315,3800.0,1.0,0.11173373667812782,0.019799999998238043,0.0099,9.584885019233786,4.399999999888907,8.31667308634835,-2.703802034269313,-5.498003444458629,0.189835531073891,6.998003444458629
0.19473684210526315,3800.0,1.0,0.11173375157928901,0.019799999998238043,0.0099,9.584885019233786,4.399999999888907,8.31667308634835,-2.705285310090966,-5.50218941700706,0.18966534272732205,7.00218941700706
0.19473684210526315,3800.0,1.0,0.11173373667812782,0.01979998509707685,0.0099,9.584885019233786,4.399999999888907,8.31667308634835,-2.7054288730552902,-5.502594624175068,0.18964882613488354,7.002594624175068
0.19473684210526315,3800.0,1.0,0.11173373667812782,0.019799999998238043,0.009899985098838807,9.584885019233786,4.399999999888907,8.31667308634835,-2.7054283730175235,-5.502593237562182,0.1896488640962894,7.002593237562182
0.19473684210526315,3800.0,1.0,0.11173373667812782,0.019799999998238043,0.0099,9.584885034134947,4.399999999888907,8.31667308634835,-2.70542950989253,-5.502596367356086,0.18964879579946523,7.002596367356086
0.19473684210526315,3800.0,1.0,0.11173373667812782,0.019799999998238043,0.0099,9.584885019233786,4.399999984987746,8.31667308634835,-2.7054294943406476,-5.502596325249503,0.18964879617436184,7.002596325249503
0.19473684210526315,3800.0,1.0,0.11173373667812782,0.019799999998238043,0.0099,9.584885019233786,4.399999999888907,8.31667308634835,-2.7054295038462493,-5.502596350999376,0.1896487959345108,7.002596350999376
0.19473684210526315,3800.0,1.0,0.11173375157928901,0.019799999998238043,0.0099,9.584885019233786,4.399999999888907,8.31667308634835,-2.7054300348507594,-5.502597830396678,0.18964875015598068,7.002597830396678
0.19473684210526315,3800.0,1.0,0.11173373667812782,0.01979998509707685,0.0099,9.584885019233786,4.399999999888907,8.31667308634835,-2.7054288722405717,-5.50259462187594,0.18964882622828333,7.00259462187594
0.19473684210526315,3800.0,1.0,0.11173373667812782,0.019799999998238043,0.009899985098838807,9.584885019233786,4.399999999888907,8.31667308634835,-2.7054283730175235,-5.502593237562182,0.1896488640962894,7.002593237562182
0.19473684210526315,3800.0,1.0,0.11173373667812782,0.019799999998238043,0.0099,9.584885034134947,4.399999999888907,8.31667308634835,-2.70542950989253,-5.502596367356086,0.18964879579946523,7.002596367356086
0.19473684210526315,3800.0,1.0,0.11173373667812782,0.019799999998238043,0.0099,9.584885019233786,4.399999984987746,8.31667308634835,-2.7054294943406476,-5.502596325249503,0.18964879617436184,7.002596325249503
0.19473684210526315,3800.0,1.0,0.1117599999992775,0.01979999999994881,0.0099,9.819625651729273,4.165282849612061,8.31667308634835,-2.677706257601092,-5.426426075905429,0.19119464465942757,6.926426075905429
0.19473684210526315,3800.0,1.0,0.11174686833201955,0.019799999999093428,0.0099,9.702255275748122,4.282641484477916,8.31667308634835,-2.683273233647189,-5.442276259968136,0.19044556055632908,6.942276259968136
0.19473684210526315,3800.0,1.0,0.11174030249981627,0.019799999998665736,0.0099,9.643570100500407,4.341320789169259,8.31667308634835,-2.6815818109767457,-5.438073934615641,0.19018809277521392,6.938073934615641
0.19473684210526315,3800.0,1.0,0.11173701958328147,0.01979999999845189,0.0099,9.614227509004918,4.370660445386172,8.31667308634835,-2.695144054976873,-5.474914188975825,0.189765799993346,6.974914188975825
0.19473684210526315,3800.0,1.0,0.11173537812848734,0.019799999998344964,0.0099,9.599556244301196,4.385330242453713,8.31667308634835,-2.6980441750510993,-5.482733528389745,0.18972175272337433,6.982733528389745
0.19473684210526315,3800.0,1.0,0.111734557401833,0.019799999998291504,0.0099,9.59222061858773,4.392665134349753,8.31667308634835,-2.702030913807286,-5.49343583565354,0.18969819615798567,6.99343583565354
0.19473684210526315,3800.0,1.0,0.11173414703952683,0.019799999998264775,0.0099,9.588552814856653,4.396332571173029,8.31667308634835,-2.702655224044751,-5.495107269252172,0.1896980754577549,6.995107269252172
0.19473684210526315,3800.0,1.0,0.11173394185853362,0.019799999998251407,0.0099,9.586718914420166,4.3981662881557595,8.31667308634835,-2.7030730768196785,-5.496241380602182,0.18968580549317052,6.996241380602182
0.19473684210526315,3800.0,1.0,0.11173383926814404,0.019799999998244725,0.0099,9.58580196515839,4.399083145690752,8.31667308634835,-2.7032817837015126,-5.496807839224484,0.18967967797135563,6.996807839224484
0.19473684210526315,3800.0,1.0,0.1117337879730027,0.019799999998241384,0.0099,9.585343491005233,4.3995415739805654,8.31667308634835,-2.705324917436255,-5.502312495427326,0.18965186175263715,7.002312495427326
0.19473684210526315,3800.0,1.0,0.11173376232595528,0.019799999998239715,0.0099,9.585114258605454,4.39977078344914,8.31667308634835,-2.705377213105158,-5.502454429786871,0.1896503288612574,7.002454429786871
0.19473684210526315,3800.0,1.0,0.11173377722711647,0.019799999998239715,0.0099,9.585114258605454,4.39977078344914,8.31667308634835,-2.7053777440949225,-5.502455909145143,0.18965028308237872,7.002455909145143
0.19473684210526315,3800.0,1.0,0.11173376232595528,0.01979998509707852,0.0099,9.585114258605454,4.39977078344914,8.31667308634835,-2.7053765814850084,-5.502452700622946,0.18965035915641287,7.002452700622946
0.19473684210526315,3800.0,1.0,0.11173376232595528,0.019799999998239715,0.009899985098838807,9.585114258605454,4.39977078344914,8.31667308634835,-2.7053760823371973,-5.502451316511475,0.18965039702372566,7.002451316511475
0.19473684210526315,3800.0,1.0,0.11173376232595528,0.019799999998239715,0.0099,9.585114273506615,4.39977078344914,8.31667308634835,-2.705377219148343,-5.50245444613485,0.18965032872656282,7.00245444613485
0.19473684210526315,3800.0,1.0,0.11173376232595528,0.019799999998239715,0.0099,9.585114258605454,4.399770798350302,8.31667308634835,-2.705377222608268,-5.502454455529659,0.18965032862173575,7.002454455529659
0.19473684210526315,3800.0,1.0,0.11173376232595528,0.019799999998239715,0.0099,9.585114258605454,4.39977078344914,8.31667308634835,-2.7053772131020533,-5.50245442977811,0.1896503288616134,7.00245442977811
0.19473684210526315,3800.0,1.0,0.11173377722711647,0.019799999998239715,0.0099,9.585114258605454,4.39977078344914,8.31667308634835,-2.7053777440949225,-5.502455909145143,0.18965028308237872,7.002455909145143
0.19473684210526315,3800.0,1.0,0.11173376232595528,0.01979998509707852,0.0099,9.585114258605454,4.39977078344914,8.31667308634835,-2.7053765814850084,-5.502452700622946,0.18965035915641287,7.002452700622946
0.19473684210526315,3800.0,1.0,0.11173376232595528,0.019799999998239715,0.009899985098838807,9.585114258605454,4.39977078344914,8.31667308634835,-2.7053760823371973,-5.502451316511475,0.18965039702372566,7.002451316511475
0.19473684210526315,3800.0,1.0,0.11173376232595528,0.019799999998239715,0.0099,9.585114273506615,4.39977078344914,8.31667308634835,-2.705377219148343,-5.50245444613485,0.18965032872656282,7.00245444613485
0.19473684210526315,3800.0,1.0,0.11173376232595528,0.019799999998239715,0.0099,9.585114258605454,4.399770798350302,8.31667308634835,-2.705377222608268,-5.502454455529659,0.18965032862173575,7.002454455529659
0.19473684210526315,3800.0,1.0,0.11173376232595528,0.019799999998239715,0.0099,9.585114258605454,4.39977078344914,8.31667308634835,-2.7053772131020533,-5.50245442977811,0.1896503288616134,7.00245442977811
0.24210526315789474,3800.0,1.0,0.1035227134385962,0.0184187135919339,0.0088979858892775,10.0,4.00011389907258,8.31667308634835,-2.1778812287255267,-4.306633192642589,0.23222212727155608,5.806633192642589
0.24210526315789474,3800.0,1.0,0.1035227283397574,0.0184187135919339,0.0088979858892775,10.0,4.00011389907258,8.31667308634835,-2.1778363440731403,-4.306491271136176,0.2322306603303269,5.806491271136176
0.24210526315789474,3800.0,1.0,0.1035227134385962,0.018418728493095095,0.0088979858892775,10.0,4.00011389907258,8.31667308634835,-2.1778364388048317,-4.3064915037091405,0.23223068240259281,5.8064915037091405
0.24210526315789474,3800.0,1.0,0.1035227134385962,0.0184187135919339,0.008898000790438693,10.0,4.00011389907258,8.31667308634835,-2.1778368484881727,-4.30649276361791,0.2322306257525712,5.80649276361791
0.24210526315789474,3800.0,1.0,0.1035227134385962,0.0184187135919339,0.0088979858892775,10.000000014901161,4.00011389907258,8.31667308634835,-2.1778358472481596,-4.306489734814242,0.2322307340728412,5.806489734814242
0.24210526315789474,3800.0,1.0,0.1035227134385962,0.0184187135919339,0.0088979858892775,10.0,4.000113913973741,8.31667308634835,-2.1778358501968014,-4.306489743459764,0.23223073391801669,5.806489743459764
0.24210526315789474,3800.0,1.0,0.1035227134385962,0.0184187135919339,0.0088979858892775,10.0,4.00011389907258,8.31667308634835,-2.17783584220864,-4.306489720121598,0.2322307342875275,5.806489720121598
0.24210526315789474,3800.0,1.0,0.1035227283397574,0.0184187135919339,0.0088979858892775,10.0,4.00011389907258,8.31667308634835,-2.1778363440048376,-4.306491270920262,0.23223066034328016,5.806491270920262
0.24210526315789474,3800.0,1.0,0.1035227134385962,0.018418728493095095,0.0088979858892775,10.0,4.00011389907258,8.31667308634835,-2.1778364388048317,-4.3064915037091405,0.23223068240259281,5.8064915037091405
0.24210526315789474,3800.0,1.0,0.1035227134385962,0.0184187135919339,0.008898000790438693,10.0,4.00011389907258,8.31667308634835,-2.1778368484881727,-4.30649276361791,0.2322306257525712,5.80649276361791
0.24210526315789474,3800.0,1.0,0.1035227134385962,0.0184187135919339,0.0088979858892775,10.000000014901161,4.00011389907258,8.31667308634835,-2.1778358472481596,-4.306489734814242,0.2322307340728412,5.806489734814242
0.24210526315789474,3800.0,1.0,0.1035227134385962,0.0184187135919339,0.0088979858892775,10.0,4.000113913973741,8.31667308634835,-2.1778358501968014,-4.306489743459764,0.23223073391801669,5.806489743459764
0.24210526315789474,3800.0,1.0,0.1035227134385962,0.0184187135919339,0.0088979858892775,10.0,4.00011389907258,8.31667308634835,-2.17783584220864,-4.306489720121598,0.2322307342875275,5.806489720121598
0.24210526315789474,3800.0,1.0,0.11176,0.0198,0.0099,5.400396621366326,3.363221226123364,8.31667308634835,-1.7406700390231378,-3.0532006049901463,0.2381274954148973,4.553200604990146
0.24210526315789474,3800.0,1.0,0.10764124358128299,0.01910933782418524,0.00939897918211067,7.700261485612515,3.6816763102325623,8.31667308634835,-2.015959227338389,-3.8426636170568687,0.23426458290935634,5.342663617056869
0.24210526315789474,3800.0,1.0,0.1055819366087606,0.018764018681773843,0.009148477438679152,8.850154139928966,3.840898344378868,8.31667308634835,-2.0839966974672905,-4.0368641041467495,0.2338573179975042,5.5368641041467495
0.24210526315789474,3800.0,1.0,0.10455230072889612,0.018591362062933135,0.009023228708670837,9.425090635883528,3.920508000156043,8.31667308634835,-2.1468840902380797,-4.218469837301833,0.23222073734575907,5.718469837301833
0.24210526315789474,3800.0,1.0,0.10403749906245921,0.018505036482367447,0.008960606323235051,9.712549796933521,3.960311569806271,8.31667308634835,-2.1664416439911003,-4.274223410314972,0.23214549673829393,5.774223410314972
0.24210526315789474,3800.0,1.0,0.10378010329023618,0.018461874540748078,0.008929295746155428,9.85627655145853,3.980212963324018,8.31667308634835,-2.1760793784620946,-4.301812259481448,0.23204009730576067,5.801812259481448
0.24210526315789474,3800.0,1.0,0.10365140789813668,0.018440293988151946,0.008913640760996492,9.928138536094234,3.9901634672502206,8.31667308634835,-2.180995066996132,-4.315793531847371,0.23204039804618024,5.815793531847371
0.24210526315789474,3800.0,1.0,0.10358706147417283,0.01842950392516623,0.008905813423158276,9.96406881809436,3.995138620857851,8.31667308634835,-2.1738014050253134,-4.294887375367428,0.23230683134437072,5.794887375367428
0.24210526315789474,3800.0,1.0,0.10355488640064602,0.018424108581516375,0.008901899527793937,9.982034998559074,3.9976263415930813,8.31667308634835,-2.1796916809946225,-4.311833072488163,0.2321919702928725,5.811833072488163
0.24210526315789474,3800.0,1.0,0.10353880038814198,0.018421411165290027,0.008899942765528336,9.991017237663023,3.9988700841076112,8.31667308634835,-2.1749055994807525,-4.298059714226719,0.23228787998263234,5.798059714226719
0.24210526315789474,3800.0,1.0,0.10353075614341212,0.018420062249500137,0.008898964233742493,9.995509048766381,3.9994920511218304,8.31667308634835,-2.1763727314224797,-4.30228059637081,0.23225921107581146,5.80228059637081
0.24210526315789474,3800.0,1.0,0.10353077104457331,0.018420062249500137,0.008898964233742493,9.995509048766381,3.9994920511218304,8.31667308634835,-2.1763732323795955,-4.3022821446558766,0.23225913720757554,5.8022821446558766
0.24210526315789474,3800.0,1.0,0.10353075614341212,0.01842007715066133,0.008898964233742493,9.995509048766381,3.9994920511218304,8.31667308634835,-2.17637332695783,-4.3022823767931815,0.23225915927935,5.8022823767931815
0.24210526315789474,3800.0,1.0,0.10353075614341212,0.018420062249500137,0.008898979134903687,9.995509048766381,3.9994920511218304,8.31667308634835,-2.176373736714854,-4.3022836369630415,0.23225910259849394,5.8022836369630415
0.24210526315789474,3800.0,1.0,0.10353075614341212,0.018420062249500137,0.008898964233742493,9.995509063667543,3.9994920511218304,8.31667308634835,-2.1763727360010185,-4.302280609603893,0.23225921094994748,5.802280609603893
0.24210526315789474,3800.0,1.0,0.10353075614341212,0.018420062249500137,0.008898964233742493,9.995509048766381,3.9994920660229916,8.31667308634835,-2.176372738951625,-4.302280618255336,0.23225921079492332,5.802280618255336
0.24210526315789474,3800.0,1.0,0.10353075614341212,0.018420062249500137,0.008898964233742493,9.995509048766381,3.9994920511218304,8.31667308634835,-2.176372730951666,-4.3022805948823635,0.23225921116518286,5.8022805948823635
0.24210526315789474,3800.0,1.0,0.10353077104457331,0.018420062249500137,0.008898964233742493,9.995509048766381,3.9994920511218304,8.31667308634835,-2.1763732323795955,-4.3022821446558766,0.23225913720757554,5.8022821446558766
0.24210526315789474,3800.0,1.0,0.10353075614341212,0.01842007715066133,0.008898964233742493,9.995509048766381,3.9994920511218304,8.31667308634835,-2.17637332695783,-4.3022823767931815,0.23225915927935,5.8022823767931815
0.24210526315789474,3800.0,1.0,0.10353075614341212,0.018420062249500137,0.008898979134903687,9.995509048766381,3.9994920511218304,8.31667308634835,-2.176373736714854,-4.3022836369630415,0.23225910259849394,5.8022836369630415
0.24210526315789474,3800.0,1.0,0.10353075614341212,0.018420062249500137,0.008898964233742493,9.995509063667543,3.9994920511218304,8.31667308634835,-2.1763727360010185,-4.302280609603893,0.23225921094994748,5.802280609603893
0.24210526315789474,3800.0,1.0,0.10353075614341212,0.018420062249500137,0.008898964233742493,9.995509048766381,3.9994920660229916,8.31667308634835,-2.176372738951625,-4.302280618255336,0.23225921079492332,5.802280618255336
0.24210526315789474,3800.0,1.0,0.11176,0.0198,0.0099,9.830976858727551,4.15390917583994,8.31667308634835,-2.542556586204155,-5.412225538863133,0.1913146178423017,6.912225538863133
0.24210526315789474,3800.0,1.0,0.1117599850988388,0.0198,0.0099,9.830976858727551,4.15390917583994,8.31667308634835,-2.543917032624049,-5.416383256166391,0.19114211897565242,6.916383256166391
0.24210526315789474,3800.0,1.0,0.11176,0.019799985098838808,0.0099,9.830976858727551,4.15390917583994,8.31667308634835,-2.54408047494898,-5.416882772388793,0.19112138722594516,6.916882772388793
0.24210526315789474,3800.0,1.0,0.11176,0.0198,0.009899985098838807,9.830976858727551,4.15390917583994,8.31667308634835,-2.544080038340331,-5.416881467574232,0.19112142491374967,6.916881467574232
0.24210526315789474,3800.0,1.0,0.11176,0.0198,0.0099,9.830976873628712,4.15390917583994,8.31667308634835,-2.5440810730404158,-5.416884525625412,0.1911213560544286,6.916884525625412
0.24210526315789474,3800.0,1.0,0.11176,0.0198,0.0099,9.830976858727551,4.153909190741101,8.31667308634835,-2.5440810765947273,-5.41688453592445,0.19112135594102633,6.91688453592445
0.24210526315789474,3800.0,1.0,0.11176,0.0198,0.0099,9.830976858727551,4.15390917583994,8.31667308634835,-2.544081067302349,-5.416884509069496,0.19112135619511927,6.916884509069496
0.24210526315789474,3800.0,1.0,0.1117599850988388,0.0198,0.0099,9.830976858727551,4.15390917583994,8.31667308634835,-2.54408057814115,-5.416883040044175,0.19112140270290034,6.916883040044175
0.24210526315789474,3800.0,1.0,0.11176,0.019799985098838808,0.0099,9.830976858727551,4.15390917583994,8.31667308634835,-2.5440804738450864,-5.416882769015392,0.19112138736576154,6.916882769015392
0.24210526315789474,3800.0,1.0,0.11176,0.0198,0.009899985098838807,9.830976858727551,4.15390917583994,8.31667308634835,-2.544080038340332,-5.4168814675742345,0.19112142491374956,6.9168814675742345
0.24210526315789474,3800.0,1.0,0.11176,0.0198,0.0099,9.830976873628712,4.15390917583994,8.31667308634835,-2.5440810730404158,-5.416884525625412,0.1911213560544286,6.916884525625412
0.24210526315789474,3800.0,1.0,0.11176,0.0198,0.0099,9.830976858727551,4.153909190741101,8.31667308634835,-2.5440810765947273,-5.41688453592445,0.19112135594102633,6.91688453592445
0.24210526315789474,3800.0,1.0,0.10100588012926753,0.0198,0.009899999996394281,9.595124373077432,4.4,8.31667308634835,-2.1313023695998794,-4.173398314990658,0.23267097917618776,5.673398314990658
0.24210526315789474,3800.0,1.0,0.10638402952861496,0.0198,0.009899999998197507,9.713074509330413,4.276929657280155,8.31667308634835,-2.3208600086354196,-4.751399847599121,0.20942211995655347,6.251399847599121
0.24210526315789474,3800.0,1.0,0.10907260205701173,0.0198,0.00989999999909895,9.77203856415732,4.215405977306315,8.31667308634835,-2.461095149441881,-5.167909737889798,0.1988649991730588,6.667909737889798
0.24210526315789474,3800.0,1.0,0.11041651683913152,0.0198,0.009899999999549549,9.801512444463185,4.184652638092306,8.31667308634835,-2.4940610152829157,-5.2687677698740405,0.19461942052982475,6.7687677698740405
0.24210526315789474,3800.0,1.0,0.11108838689187313,0.0198,0.009899999999774818,9.816247469167926,4.169277967082954,8.31667308634835,-2.5093006025453692,-5.314884881701322,0.1929607965612533,6.814884881701322
0.24210526315789474,3800.0,1.0,0.11142428153994423,0.0198,0.009899999999887438,9.823614095969226,4.161591555571053,8.31667308634835,-2.5305225392278303,-5.376398414646813,0.19227144914398486,6.876398414646813
0.24210526315789474,3800.0,1.0,0.11159217265007602,0.0198,0.00989999999994373,9.827296176522458,4.157749636180333,8.31667308634835,-2.541489776927187,-5.408688315676135,0.19161563502011936,6.908688315676135
0.24210526315789474,3800.0,1.0,0.11167608915162705,0.0198,0.009899999999971867,9.82913657961595,4.15582934132817,8.31667308634835,-2.542104499392558,-5.410911628140901,0.19133139782893105,6.910911628140901
0.24210526315789474,3800.0,1.0,0.11171804577365667,0.0198,0.009899999999985934,9.83005674544208,4.154869231173331,8.31667308634835,-2.542979498261518,-5.41355191276792,0.19124070549089914,6.91355191276792
0.24210526315789474,3800.0,1.0,0.11173902176619437,0.0198,0.009899999999992967,9.830516777507787,4.15438922915055,8.31667308634835,-2.5435144939464123,-5.415169982532718,0.19118301811396324,6.915169982532718
0.24210526315789474,3800.0,1.0,0.11174950834435089,0.0198,0.009899999999996483,9.830746762439508,4.154149260590391,8.31667308634835,-2.5437977389485193,-5.416027126488374,0.1911521876174802,6.916027126488374
0.24210526315789474,3800.0,1.0,0.11174952324551209,0.0198,0.009899999999996483,9.830746762439508,4.154149260590391,8.31667308634835,-2.5437982252762863,-5.416028586878118,0.19115214145472403,6.916028586878118
0.24210526315789474,3800.0,1.0,0.11174950834435089,0.019799985098838808,0.009899999999996483,9.830746762439508,4.154149260590391,8.31667308634835,-2.543797142645299,-5.416025377708179,0.19115221916600264,6.916025377708179
0.24210526315789474,3800.0,1.0,0.11174950834435089,0.0198,0.009899985098835289,9.830746762439508,4.154149260590391,8.31667308634835,-2.543796707083444,-5.416024076081063,0.19115225672808409,6.916024076081063
0.24210526315789474,3800.0,1.0,0.11174950834435089,0.0198,0.009899999999996483,9.83074677734067,4.154149260590391,8.31667308634835,-2.5437977417926465,-5.416027134200691,0.1911521878433152,6.916027134200691
0.24210526315789474,3800.0,1.0,0.11174950834435089,0.0198,0.009899999999996483,9.830746762439508,4.1541492754915526,8.31667308634835,-2.5437977453458034,-5.416027144496468,0.1911521877298992,6.916027144496468
0.24210526315789474,3800.0,1.0,0.11174950834435089,0.0198,0.009899999999996483,9.830746762439508,4.154149260590391,8.31667308634835,-2.5437977360551582,-5.416027117646332,0.19115218798405822,6.916027117646332
0.24210526315789474,3800.0,1.0,0.11174952324551209,0.0198,0.009899999999996483,9.830746762439508,4.154149260590391,8.31667308634835,-2.5437982252762867,-5.416028586878119,0.1911521414547239,6.916028586878119
0.24210526315789474,3800.0,1.0,0.11174950834435089,0.019799985098838808,0.009899999999996483,9.830746762439508,4.154149260590391,8.31667308634835,-2.543797142645299,-5.416025377708179,0.19115221916600264,6.916025377708179
0.24210526315789474,3800.0,1.0,0.11174950834435089,0.0198,0.009899985098835289,9.830746762439508,4.154149260590391,8.31667308634835,-2.543796707083444,-5.416024076081063,0.19115225672808409,6.916024076081063
0.24210526315789474,3800.0,1.0,0.11174950834435089,0.0198,0.009899999999996483,9.83074677734067,4.154149260590391,8.31667308634835,-2.5437977417926465,-5.416027134200691,0.1911521878433152,6.916027134200691
0.24210526315789474,3800.0,1.0,0.11174950834435089,0.0198,0.009899999999996483,9.830746762439508,4.1541492754915526,8.31667308634835,-2.5437977453458034,-5.416027144496468,0.1911521877298992,6.916027144496468
0.24210526315789474,3800.0,1.0,0.11173235866737552,0.0198,0.009899999998476594,9.584880709701123,4.4,8.31667308634835,-2.571798158757722,-5.497861625452064,0.18983982300555516,6.997861625452064
0.24210526315789474,3800.0,1.0,0.11173237356853671,0.0198,0.009899999998476594,9.584880709701123,4.4,8.31667308634835,-2.5731698920013306,-5.502047598303955,0.18966962735230683,7.002047598303955
0.24210526315789474,3800.0,1.0,0.11173235866737552,0.019799985098838808,0.009899999998476594,9.584880709701123,4.4,8.31667308634835,-2.573302743502907,-5.502453082684174,0.18965309879118883,7.002453082684174
0.24210526315789474,3800.0,1.0,0.11173235866737552,0.0198,0.0098999850973154,9.584880709701123,4.4,8.31667308634835,-2.573302278298054,-5.5024516960726295,0.1896531367545367,7.0024516960726295
0.24210526315789474,3800.0,1.0,0.11173235866737552,0.0198,0.009899999998476594,9.584880724602284,4.4,8.31667308634835,-2.573303338543833,-5.502454825849905,0.18965306845426602,7.002454825849905
0.24210526315789474,3800.0,1.0,0.11173235866737552,0.0198,0.009899999998476594,9.584880709701123,4.399999985098839,8.31667308634835,-2.5733033239604515,-5.502454783743813,0.189653068829183,7.002454783743813
0.24210526315789474,3800.0,1.0,0.11173235866737552,0.0198,0.009899999998476594,9.584880709701123,4.4,8.31667308634835,-2.5733033328725465,-5.50245480949335,0.1896530685893195,7.00245480949335
0.24210526315789474,3800.0,1.0,0.11173237356853671,0.0198,0.009899999998476594,9.584880709701123,4.4,8.31667308634835,-2.5733038261148518,-5.502456288913258,0.18965302280784635,7.002456288913258
0.24210526315789474,3800.0,1.0,0.11173235866737552,0.019799985098838808,0.009899999998476594,9.584880709701123,4.4,8.31667308634835,-2.573302742748465,-5.502453080382058,0.18965309888471382,7.002453080382058
0.24210526315789474,3800.0,1.0,0.11173235866737552,0.0198,0.0098999850973154,9.584880709701123,4.4,8.31667308634835,-2.573302278298054,-5.5024516960726295,0.1896531367545367,7.0024516960726295
0.24210526315789474,3800.0,1.0,0.11173235866737552,0.0198,0.009899999998476594,9.584880724602284,4.4,8.31667308634835,-2.573303338543833,-5.502454825849905,0.18965306845426602,7.002454825849905
0.24210526315789474,3800.0,1.0,0.11173235866737552,0.0198,0.009899999998476594,9.584880709701123,4.399999985098839,8.31667308634835,-2.5733033239604515,-5.502454783743813,0.189653068829183,7.002454783743813
0.24210526315789474,3800.0,1.0,0.11176,0.0198,0.009899999997509186,9.830746375598837,4.154159011389949,8.31667308634835,-2.5426236295858082,-5.412419727178509,0.1913125253577434,6.912419727178509
0.24210526315789474,3800.0,1.0,0.11174617932556996,0.0198,0.00989999999799289,9.707813470443362,4.277079577894344,8.31667308634835,-2.550282759233964,-5.435363925386801,0.190618638712919,6.935363925386801
0.24210526315789474,3800.0,1.0,0.1117392689904861,0.0198,0.009899999998234743,9.646347036821897,4.338539842192174,8.31667308634835,-2.5503193791594727,-5.4361476867196625,0.19021183756154694,6.9361476867196625
0.24210526315789474,3800.0,1.0,0.11173581382295436,0.0198,0.009899999998355669,9.615613820101844,4.369269974250417,8.31667308634835,-2.5634290709712673,-5.474176955166466,0.18976819281201796,6.974176955166466
0.24210526315789474,3800.0,1.0,0.11173408624283625,0.0198,0.009899999998416132,9.600247244188106,4.384635007836508,8.31667308634835,-2.5663492053903174,-5.482573519749141,0.18971385453724202,6.982573519749141
0.24210526315789474,3800.0,1.0,0.11173322245358971,0.0198,0.009899999998446363,9.592563963458534,4.39231751740298,8.31667308634835,-2.5701945958060413,-5.493558773820198,0.18968527438160585,6.993558773820198
0.24210526315789474,3800.0,1.0,0.11173279056003643,0.0198,0.009899999998461478,9.588722332611031,4.39615876266989,8.31667308634835,-2.570662236050303,-5.494858429575676,0.1897035080410418,6.994858429575676
0.24210526315789474,3800.0,1.0,0.11173257461338991,0.0198,0.009899999998469036,9.586801518344684,4.3980793841460555,8.31667308634835,-2.5710723052926996,-5.496046262900176,0.18969065845025582,6.996046262900176
0.24210526315789474,3800.0,1.0,0.11173246664018074,0.0198,0.009899999998472816,9.585841112226428,4.399039693869324,8.31667308634835,-2.57127711742362,-5.496639533674248,0.18968424146963647,6.996639533674248
0.24210526315789474,3800.0,1.0,0.11173241265363315,0.0198,0.009899999998474705,9.585360909674206,4.399519848224101,8.31667308634835,-2.573200701682305,-5.502157530428756,0.18965627908572738,7.002157530428756
0.24210526315789474,3800.0,1.0,0.11173238566089459,0.0198,0.009899999998475649,9.585120813158994,4.39975992064107,8.31667308634835,-2.5732520200097,-5.502306177726819,0.1896546738409279,7.002306177726819
0.24210526315789474,3800.0,1.0,0.11173240056205579,0.0198,0.009899999998475649,9.585120813158994,4.39975992064107,8.31667308634835,-2.5732525132370245,-5.502307657104645,0.18965462805913869,7.002307657104645
0.24210526315789474,3800.0,1.0,0.11173238566089459,0.019799985098838808,0.009899999998475649,9.585120813158994,4.39975992064107,8.31667308634835,-2.5732514298711657,-5.502304448571919,0.1896547041378195,7.002304448571919
0.24210526315789474,3800.0,1.0,0.11173238566089459,0.0198,0.009899985097314455,9.585120813158994,4.39975992064107,8.31667308634835,-2.573250965494818,-5.502303064474363,0.18965474200691598,7.002303064474363
0.24210526315789474,3800.0,1.0,0.11173238566089459,0.0198,0.009899999998475649,9.585120828060155,4.39975992064107,8.31667308634835,-2.573252025677593,-5.502306194073026,0.189654673706291,7.002306194073026
0.24210526315789474,3800.0,1.0,0.11173238566089459,0.0198,0.009899999998475649,9.585120813158994,4.399759935542231,8.31667308634835,-2.573252028918995,-5.502306203467733,0.1896546736014583,7.002306203467733
0.24210526315789474,3800.0,1.0,0.11173238566089459,0.0198,0.009899999998475649,9.585120813158994,4.39975992064107,8.31667308634835,-2.573252020006299,-5.502306177716441,0.18965467384134962,7.002306177716441
0.24210526315789474,3800.0,1.0,0.11173240056205579,0.0198,0.009899999998475649,9.585120813158994,4.39975992064107,8.31667308634835,-2.573252513237025,-5.502307657104647,0.18965462805913857,7.002307657104647
0.24210526315789474,3800.0,1.0,0.11173238566089459,0.019799985098838808,0.009899999998475649,9.585120813158994,4.39975992064107,8.31667308634835,-2.5732514298711657,-5.502304448571919,0.1896547041378195,7.002304448571919
0.24210526315789474,3800.0,1.0,0.11173238566089459,0.0198,0.009899985097314455,9.585120813158994,4.39975992064107,8.31667308634835,-2.573250965494818,-5.502303064474363,0.18965474200691598,7.002303064474363
0.24210526315789474,3800.0,1.0,0.11173238566089459,0.0198,0.009899999998475649,9.585120828060155,4.39975992064107,8.31667308634835,-2.573252025677593,-5.502306194073026,0.189654673706291,7.002306194073026
0.24210526315789474,3800.0,1.0,0.11173238566089459,0.0198,0.009899999998475649,9.585120813158994,4.399759935542231,8.31667308634835,-2.573252028918995,-5.502306203467733,0.1896546736014583,7.002306203467733
0.24210526315789474,3800.0,1.0,0.11173238566089459,0.0198,0.009899999998475649,9.585120813158994,4.39975992064107,8.31667308634835,-2.573252020006299,-5.502306177716441,0.18965467384134962,7.002306177716441
0.2894736842105263,3800.0,1.326654827580383,0.1034593666367383,0.018,0.009,10.0,3.851049519960404,8.054412162096183,-2.0532880536846134,-4.22769954849364,0.23554086038311742,5.72769954849364
0.2894736842105263,3800.0,1.326654827580383,0.10345938153789949,0.018,0.009,10.0,3.851049519960404,8.054412162096183,-2.0532522005816323,-4.227574265078204,0.23554860804050134,5.727574265078204
0.2894736842105263,3800.0,1.326654827580383,0.1034593666367383,0.018000014901161192,0.009,10.0,3.851049519960404,8.054412162096183,-2.053252297199713,-4.227574511005341,0.2355486301965189,5.727574511005341
0.2894736842105263,3800.0,1.326654827580383,0.1034593666367383,0.018,0.009000014901161193,10.0,3.851049519960404,8.054412162096183,-2.053252665166335,-4.227575750596737,0.23554857237136673,5.727575750596737
0.2894736842105263,3800.0,1.326654827580383,0.1034593666367383,0.018,0.009,10.000000014901161,3.851049519960404,8.054412162096183,-2.053251749507501,-4.227572735302274,0.23554868372030713,5.727572735302274
0.2894736842105263,3800.0,1.326654827580383,0.1034593666367383,0.018,0.009,10.0,3.851049534861565,8.054412162096183,-2.0532517523945546,-4.22757274440892,0.2355486835572065,5.72757274440892
0.2894736842105263,3800.0,1.326654827580383,0.1034593666367383,0.018,0.009,10.0,3.851049519960404,8.054412162096183,-2.053251744787111,-4.22757272050654,0.23554868394294784,5.72757272050654
0.2894736842105263,3800.0,1.326654827580383,0.10345938153789949,0.018,0.009,10.0,3.851049519960404,8.054412162096183,-2.0532522005343914,-4.22757426491319,0.23554860805068076,5.72757426491319
0.2894736842105263,3800.0,1.326654827580383,0.1034593666367383,0.018000014901161192,0.009,10.0,3.851049519960404,8.054412162096183,-2.0532522971997125,-4.22757451100534,0.23554863019651895,5.72757451100534
0.2894736842105263,3800.0,1.326654827580383,0.1034593666367383,0.018,0.009000014901161193,10.0,3.851049519960404,8.054412162096183,-2.0532526651663354,-4.227575750596738,0.23554857237136664,5.727575750596738
0.2894736842105263,3800.0,1.326654827580383,0.1034593666367383,0.018,0.009,10.000000014901161,3.851049519960404,8.054412162096183,-2.053251749507501,-4.227572735302274,0.23554868372030713,5.727572735302274
0.2894736842105263,3800.0,1.326654827580383,0.1034593666367383,0.018,0.009,10.0,3.851049534861565,8.054412162096183,-2.0532517523945546,-4.22757274440892,0.2355486835572065,5.72757274440892
0.2894736842105263,3800.0,1.326654827580383,0.1034593666367383,0.018,0.009,10.0,3.851049519960404,8.054412162096183,-2.053251744787111,-4.22757272050654,0.23554868394294784,5.72757272050654
0.2894736842105263,3800.0,1.326654827580383,0.11176,0.0198,0.0099,5.400284887262387,3.2779650247654417,8.054412162096183,-1.6432600834683144,-2.9743041824065477,0.23995084929546676,4.474304182406548
0.2894736842105263,3800.0,1.326654827580383,0.10760954800710518,0.018899970657627618,0.009449985328813809,7.70021742504991,3.5645166143955143,8.054412162096183,-1.8935176461785408,-3.739785959582705,0.237033436123002,5.239785959582705
0.2894736842105263,3800.0,1.326654827580383,0.10553440459651546,0.018449973895260832,0.009224986947630416,8.850137929795187,3.707786707395701,8.054412162096183,-1.97864179139291,-3.9995769929927505,0.23631548899204394,5.4995769929927505
0.2894736842105263,3800.0,1.326654827580383,0.10449686098277182,0.018224981605756228,0.009112490802878114,9.425082615508392,3.7794198144254265,8.054412162096183,-2.020422957634536,-4.128137693623049,0.23547102102200293,5.628137693623049
0.2894736842105263,3800.0,1.326654827580383,0.10397810296398349,0.018112488450962548,0.009056244225481274,9.712547317832843,3.8152354159964394,8.054412162096183,-2.035196015254604,-4.173010696508995,0.23544639656727007,5.673010696508995
0.2894736842105263,3800.0,1.326654827580383,0.10371872882984126,0.018056242930768584,0.009028121465384292,9.856276967421714,3.833142880189404,8.054412162096183,-2.052510633404283,-4.225909543791961,0.23527397120769553,5.725909543791961
0.2894736842105263,3800.0,1.326654827580383,0.10358904747672937,0.01802812140974893,0.009014060704874465,9.928138625881306,3.8420962177881055,8.054412162096183,-2.049142734169646,-4.215187836241643,0.23551038610092614,5.715187836241643
0.2894736842105263,3800.0,1.326654827580383,0.1035242056887421,0.018014060408224192,0.009007030204112096,9.964070070999949,3.8465729633218495,8.054412162096183,-2.0544638604432093,-4.231453605333228,0.23545321824238774,5.731453605333228
0.2894736842105263,3800.0,1.326654827580383,0.10349178655077955,0.01800703028825879,0.009003515144129394,9.982034820471744,3.848811214850479,8.054412162096183,-2.051731643380419,-4.222961975622948,0.2355481450457991,5.722961975622948
0.2894736842105263,3800.0,1.326654827580383,0.10347557608013533,0.018003515032749644,0.009001757516374822,9.991017694855381,3.849930402866557,8.054412162096183,-2.0544183819501036,-4.231230098096853,0.23549336065310664,5.731230098096853
0.2894736842105263,3800.0,1.326654827580383,0.10346747173148008,0.0180017575972696,0.0090008787986348,9.9955086407094,3.8504899356581794,8.054412162096183,-2.051908942196724,-4.223440194001757,0.23557616277292046,5.723440194001757
0.2894736842105263,3800.0,1.326654827580383,0.10346748663264127,0.0180017575972696,0.0090008787986348,9.9955086407094,3.8504899356581794,8.054412162096183,-2.051909394110275,-4.223441725201782,0.23557608762002774,5.723441725201782
0.2894736842105263,3800.0,1.326654827580383,0.10346747173148008,0.018001772498430792,0.0090008787986348,9.9955086407094,3.8504899356581794,8.054412162096183,-2.051909490559764,-4.223441970611239,0.23557610977894827,5.723441970611239
0.2894736842105263,3800.0,1.326654827580383,0.10346747173148008,0.0180017575972696,0.009000893699795993,9.9955086407094,3.8504899356581794,8.054412162096183,-2.051909858593058,-4.223443210470944,0.23557605192280448,5.723443210470944
0.2894736842105263,3800.0,1.326654827580383,0.10346747173148008,0.0180017575972696,0.0090008787986348,9.99550865561056,3.8504899356581794,8.054412162096183,-2.05190894343962,-4.223440196645933,0.23557616330172923,5.723440196645933
0.2894736842105263,3800.0,1.326654827580383,0.10346747173148008,0.0180017575972696,0.0090008787986348,9.9955086407094,3.8504899505593406,8.054412162096183,-2.0519089463284637,-4.223440205758432,0.23557616313843208,5.723440205758432
0.2894736842105263,3800.0,1.326654827580383,0.10346747173148008,0.0180017575972696,0.0090008787986348,9.9955086407094,3.8504899356581794,8.054412162096183,-2.0519089387101572,-4.223440181821486,0.2355761635249283,5.723440181821486
0.2894736842105263,3800.0,1.326654827580383,0.10346748663264127,0.0180017575972696,0.0090008787986348,9.9955086407094,3.8504899356581794,8.054412162096183,-2.051909394110275,-4.223441725201782,0.23557608762002774,5.723441725201782
0.2894736842105263,3800.0,1.326654827580383,0.10346747173148008,0.018001772498430792,0.0090008787986348,9.9955086407094,3.8504899356581794,8.054412162096183,-2.051909490559764,-4.223441970611239,0.23557610977894827,5.723441970611239
0.2894736842105263,3800.0,1.326654827580383,0.10346747173148008,0.0180017575972696,0.009000893699795993,9.9955086407094,3.8504899356581794,8.054412162096183,-2.051909858593058,-4.223443210470944,0.23557605192280448,5.723443210470944
0.2894736842105263,3800.0,1.326654827580383,0.10346747173148008,0.0180017575972696,0.0090008787986348,9.99550865561056,3.8504899356581794,8.054412162096183,-2.05190894343962,-4.223440196645933,0.23557616330172923,5.723440196645933
0.2894736842105263,3800.0,1.326654827580383,0.10346747173148008,0.0180017575972696,0.0090008787986348,9.9955086407094,3.8504899505593406,8.054412162096183,-2.0519089463284637,-4.223440205758432,0.23557616313843208,5.723440205758432
0.2894736842105263,3800.0,1.326654827580383,0.11176,0.0198,0.0099,9.830533345999951,4.004989107064085,8.054412162096183,-2.3700280495349895,-5.278762207150444,0.19325592831426006,6.778762207150444
0.2894736842105263,3800.0,1.326654827580383,0.1117599850988388,0.0198,0.0099,9.830533345999951,4.004989107064085,8.054412162096183,-2.3712602720361833,-5.282875186019658,0.19308016160505773,6.782875186019658
0.2894736842105263,3800.0,1.326654827580383,0.11176,0.019799985098838808,0.0099,9.830533345999951,4.004989107064085,8.054412162096183,-2.371440254379985,-5.283475947392217,0.19305448547274864,6.783475947392217
0.2894736842105263,3800.0,1.326654827580383,0.11176,0.0198,0.009899985098838807,9.830533345999951,4.004989107064085,8.054412162096183,-2.3714398650630706,-5.2834746846506135,0.19305452376123816,6.7834746846506135
0.2894736842105263,3800.0,1.326654827580383,0.11176,0.0198,0.0099,9.830533360901113,4.004989107064085,8.054412162096183,-2.3714408049415185,-5.283477685849446,0.1930544535159839,6.783477685849446
0.2894736842105263,3800.0,1.326654827580383,0.11176,0.0198,0.0099,9.830533345999951,4.004989121965246,8.054412162096183,-2.3714408084855196,-5.28347769686196,0.19305445339384375,6.78347769686196
0.2894736842105263,3800.0,1.326654827580383,0.11176,0.0198,0.0099,9.830533345999951,4.004989107064085,8.054412162096183,-2.3714407994012308,-5.283477668719983,0.1930544536664445,6.783477668719983
0.2894736842105263,3800.0,1.326654827580383,0.1117599850988388,0.0198,0.0099,9.830533345999951,4.004989107064085,8.054412162096183,-2.371440354058998,-5.283476216280232,0.19305450121082898,6.783476216280232
0.2894736842105263,3800.0,1.326654827580383,0.11176,0.019799985098838808,0.0099,9.830533345999951,4.004989107064085,8.054412162096183,-2.371440252920156,-5.283475942520039,0.19305448568073844,6.783475942520039
0.2894736842105263,3800.0,1.326654827580383,0.11176,0.0198,0.009899985098838807,9.830533345999951,4.004989107064085,8.054412162096183,-2.3714398650630706,-5.2834746846506135,0.19305452376123816,6.7834746846506135
0.2894736842105263,3800.0,1.326654827580383,0.11176,0.0198,0.0099,9.830533360901113,4.004989107064085,8.054412162096183,-2.3714408049415185,-5.283477685849446,0.1930544535159839,6.783477685849446
0.2894736842105263,3800.0,1.326654827580383,0.11176,0.0198,0.0099,9.830533345999951,4.004989121965246,8.054412162096183,-2.3714408084855196,-5.28347769686196,0.19305445339384375,6.78347769686196
0.2894736842105263,3800.0,1.326654827580383,0.10056647293439827,0.019799999999860686,0.0099,9.446160888204455,4.399999999992454,8.054412162096183,-2.010635253094875,-4.096898161111468,0.23619580738409496,5.596898161111468
0.2894736842105263,3800.0,1.326654827580383,0.10616427613400883,0.019799999999930356,0.0099,9.638382818028692,4.202457864492505,8.054412162096183,-2.2014648489755104,-4.728455791950213,0.21151169952440926,6.228455791950213
0.2894736842105263,3800.0,1.326654827580383,0.10896262569941662,0.019799999999965186,0.0099,9.73447482673363,4.103706277608481,8.054412162096183,-2.27544888556654,-4.974191307486943,0.20152750293822214,6.474191307486943
0.2894736842105263,3800.0,1.326654827580383,0.11036158644965222,0.019799999999982595,0.0099,9.782513481464715,4.054338037206357,8.054412162096183,-2.3620399935640672,-5.248273618966416,0.19619090334689882,6.748273618966416
0.2894736842105263,3800.0,1.326654827580383,0.11106081633654458,0.0197999999999913,0.0099,9.806524207361363,4.029662756540592,8.054412162096183,-2.3756864236975885,-5.2941103358875585,0.19410968183004915,6.7941103358875585
0.2894736842105263,3800.0,1.326654827580383,0.11141039179567816,0.01979999999999565,0.0099,9.818528214465173,4.017326509578493,8.054412162096183,-2.3522600048386755,-5.222932117096877,0.194158457170069,6.722932117096877
0.2894736842105263,3800.0,1.326654827580383,0.11158524729243147,0.019799999999997826,0.0099,9.824532545061974,4.011155994645964,8.054412162096183,-2.3567149388496897,-5.237776653390534,0.19353490991167713,6.737776653390534
0.2894736842105263,3800.0,1.326654827580383,0.11167266214913164,0.019799999999998916,0.0099,9.827534267675478,4.00807119211697,8.054412162096183,-2.3710007576921237,-5.282031728667247,0.19310649521682846,6.782031728667247
0.2894736842105263,3800.0,1.326654827580383,0.11171632825996997,0.019799999999999457,0.0099,9.829033710187828,4.006530248915433,8.054412162096183,-2.3716721335212902,-5.284261005232598,0.193016209822987,6.784261005232598
0.2894736842105263,3800.0,1.326654827580383,0.11173815937198851,0.01979999999999973,0.0099,9.829783364709927,4.005759845895766,8.054412162096183,-2.3713892834025003,-5.283311347897104,0.1930591586243745,6.783311347897104
0.2894736842105263,3800.0,1.326654827580383,0.11174907574600622,0.019799999999999866,0.0099,9.830158220060419,4.005374615519049,8.054412162096183,-2.3712098315722323,-5.2827096056301235,0.1930860505701933,6.7827096056301235
0.2894736842105263,3800.0,1.326654827580383,0.11174909064716741,0.019799999999999866,0.0099,9.830158220060419,4.005374615519049,8.054412162096183,-2.3712102586412156,-5.282710997110291,0.193086005616451,6.782710997110291
0.2894736842105263,3800.0,1.326654827580383,0.11174907574600622,0.019799985098838672,0.0099,9.830158220060419,4.005374615519049,8.054412162096183,-2.371209266811675,-5.28270781838019,0.19308608520868598,6.78270781838019
0.2894736842105263,3800.0,1.326654827580383,0.11174907574600622,0.019799999999999866,0.009899985098838807,9.830158220060419,4.005374615519049,8.054412162096183,-2.371208878855299,-5.2827065601769805,0.1930861233044592,6.7827065601769805
0.2894736842105263,3800.0,1.326654827580383,0.11174907574600622,0.019799999999999866,0.0099,9.83015823496158,4.005374615519049,8.054412162096183,-2.3712098187779342,-5.282709561566533,0.1930860530326128,6.782709561566533
0.2894736842105263,3800.0,1.326654827580383,0.11174907574600622,0.019799999999999866,0.0099,9.830158220060419,4.00537463042021,8.054412162096183,-2.3712098223204237,-5.282709572574464,0.19308605291047037,6.782709572574464
0.2894736842105263,3800.0,1.326654827580383,0.11174907574600622,0.019799999999999866,0.0099,9.830158220060419,4.005374615519049,8.054412162096183,-2.3712098132382735,-5.282709544438858,0.19308605318312694,6.782709544438858
0.2894736842105263,3800.0,1.326654827580383,0.11174909064716741,0.019799999999999866,0.0099,9.830158220060419,4.005374615519049,8.054412162096183,-2.371210258641222,-5.282710997110311,0.19308600561645017,6.782710997110311
0.2894736842105263,3800.0,1.326654827580383,0.11174907574600622,0.019799985098838672,0.0099,9.830158220060419,4.005374615519049,8.054412162096183,-2.371209266811675,-5.28270781838019,0.19308608520868598,6.78270781838019
0.2894736842105263,3800.0,1.326654827580383,0.11174907574600622,0.019799999999999866,0.009899985098838807,9.830158220060419,4.005374615519049,8.054412162096183,-2.371208878855299,-5.2827065601769805,0.1930861233044592,6.7827065601769805
0.2894736842105263,3800.0,1.326654827580383,0.11174907574600622,0.019799999999999866,0.0099,9.83015823496158,4.005374615519049,8.054412162096183,-2.3712098187779342,-5.282709561566533,0.1930860530326128,6.782709561566533
0.2894736842105263,3800.0,1.326654827580383,0.11174907574600622,0.019799999999999866,0.0099,9.830158220060419,4.00537463042021,8.054412162096183,-2.3712098223204237,-5.282709572574464,0.19308605291047037,6.782709572574464
0.2894736842105263,3800.0,1.326654827580383,0.1117138716395582,0.01979999999960724,0.0099,9.435502116001267,4.399999999966948,8.054412162096183,-2.41231644366729,-5.412114962547074,0.1908846027701076,6.912114962547074
0.2894736842105263,3800.0,1.326654827580383,0.1117138865407194,0.01979999999960724,0.0099,9.435502116001267,4.399999999966948,8.054412162096183,-2.413565160356108,-5.416269894291041,0.19071263282195267,6.916269894291041
0.2894736842105263,3800.0,1.326654827580383,0.1117138716395582,0.019799985098446046,0.0099,9.435502116001267,4.399999999966948,8.054412162096183,-2.413705621895821,-5.4167373540653205,0.19069324496402876,6.9167373540653205
0.2894736842105263,3800.0,1.326654827580383,0.1117138716395582,0.01979999999960724,0.009899985098838807,9.435502116001267,4.399999999966948,8.054412162096183,-2.413705192646228,-5.41673596923942,0.1906932836894969,6.91673596923942
0.2894736842105263,3800.0,1.326654827580383,0.1117138716395582,0.01979999999960724,0.0099,9.435502130902428,4.399999999966948,8.054412162096183,-2.413706168991907,-5.416739079172291,0.19069321433847422,6.916739079172291
0.2894736842105263,3800.0,1.326654827580383,0.1117138716395582,0.01979999999960724,0.0099,9.435502116001267,4.3999999850657865,8.054412162096183,-2.4137061550251477,-5.4167390359646035,0.19069321472963166,6.9167390359646035
0.2894736842105263,3800.0,1.326654827580383,0.1117138716395582,0.01979999999960724,0.0099,9.435502116001267,4.399999999966948,8.054412162096183,-2.413706163541779,-5.416739062336535,0.19069321447946946,6.916739062336535
0.2894736842105263,3800.0,1.326654827580383,0.1117138865407194,0.01979999999960724,0.0099,9.435502116001267,4.399999999966948,8.054412162096183,-2.4137066153040494,-5.4167405317885615,0.19069316809236023,6.9167405317885615
0.2894736842105263,3800.0,1.326654827580383,0.1117138716395582,0.019799985098446046,0.0099,9.435502116001267,4.399999999966948,8.054412162096183,-2.4137056209823005,-5.416737351025954,0.19069324508972088,6.916737351025954
0.2894736842105263,3800.0,1.326654827580383,0.1117138716395582,0.01979999999960724,0.009899985098838807,9.435502116001267,4.399999999966948,8.054412162096183,-2.413705192646228,-5.41673596923942,0.1906932836894969,6.91673596923942
0.2894736842105263,3800.0,1.326654827580383,0.1117138716395582,0.01979999999960724,0.0099,9.435502130902428,4.399999999966948,8.054412162096183,-2.413706168991907,-5.416739079172291,0.19069321433847422,6.916739079172291
0.2894736842105263,3800.0,1.326654827580383,0.1117138716395582,0.01979999999960724,0.0099,9.435502116001267,4.3999999850657865,8.054412162096183,-2.4137061550251477,-5.4167390359646035,0.19069321472963166,6.9167390359646035
0.2894736842105263,3800.0,1.326654827580383,0.11175999999765657,0.019799999999858757,0.0099,9.830157577011116,4.005384787812815,8.054412162096183,-2.370129541881103,-5.27907749501724,0.19325247091853343,6.77907749501724
0.2894736842105263,3800.0,1.326654827580383,0.11173693580538956,0.019799999999732996,0.0099,9.632829733419875,4.202692506964664,8.054412162096183,-2.397500007429276,-5.364828823556861,0.191980054276704,6.864828823556861
0.2894736842105263,3800.0,1.326654827580383,0.11172540371783166,0.01979999999967012,0.0099,9.534165884993588,4.301346293178739,8.054412162096183,-2.405439125086283,-5.390314141837949,0.19132365951243352,6.890314141837949
0.2894736842105263,3800.0,1.326654827580383,0.11171963767654015,0.01979999999963868,0.0099,9.484833982062066,4.350673165006325,8.054412162096183,-2.4060854498669877,-5.392897280410954,0.19103161836183144,6.892897280410954
0.2894736842105263,3800.0,1.326654827580383,0.11171675465609691,0.01979999999962296,0.0099,9.46016803232885,4.375336599187748,8.054412162096183,-2.4060880027623925,-5.393166845481164,0.19090873420017035,6.893166845481164
0.2894736842105263,3800.0,1.326654827580383,0.11171531314587609,0.019799999999615098,0.0099,9.447835057469097,4.387668316271607,8.054412162096183,-2.411200972729984,-5.408954593173193,0.19077951608970584,6.908954593173193
0.2894736842105263,3800.0,1.326654827580383,0.11171459239236765,0.01979999999961117,0.0099,9.441668583745047,4.3938341611091065,8.054412162096183,-2.412456507507101,-5.412855999380058,0.19073624618519308,6.912855999380058
0.2894736842105263,3800.0,1.326654827580383,0.11171423201600682,0.019799999999609203,0.0099,9.438585350248612,4.39691708016261,8.054412162096183,-2.413082073113949,-5.414799832968466,0.19071470014889655,6.914799832968466
0.2894736842105263,3800.0,1.326654827580383,0.1117140518280224,0.01979999999960822,0.0099,9.437043735177292,4.398458538012636,8.054412162096183,-2.41339430228803,-5.415770021814199,0.19070394978680352,6.915770021814199
0.2894736842105263,3800.0,1.326654827580383,0.11171396173412801,0.019799999999607732,0.0099,9.436272928478603,4.399229266100764,8.054412162096183,-2.4135502784193177,-5.416254684105896,0.1906985802684366,6.916254684105896
0.2894736842105263,3800.0,1.326654827580383,0.11171391668722969,0.019799999999607486,0.0099,9.435887525547386,4.399614629726742,8.054412162096183,-2.4136282318333406,-5.416496907102663,0.19069589692584396,6.916496907102663
0.2894736842105263,3800.0,1.326654827580383,0.11171393158839088,0.019799999999607486,0.0099,9.435887525547386,4.399614629726742,8.054412162096183,-2.4136286835642626,-5.41649837645831,0.19069585053933147,6.91649837645831
0.2894736842105263,3800.0,1.326654827580383,0.11171391668722969,0.019799985098446292,0.0099,9.435887525547386,4.399614629726742,8.054412162096183,-2.413627689243906,-5.416495195693491,0.19069592753971185,6.916495195693491
0.2894736842105263,3800.0,1.326654827580383,0.11171391668722969,0.019799999999607486,0.009899985098838807,9.435887525547386,4.399614629726742,8.054412162096183,-2.4136272610212393,-5.416493814253547,0.19069596613830284,6.916493814253547
0.2894736842105263,3800.0,1.326654827580383,0.11171391668722969,0.019799999999607486,0.0099,9.435887540448547,4.399614629726742,8.054412162096183,-2.413628237270183,-5.4164969238942335,0.1906958967866696,6.9164969238942335
0.2894736842105263,3800.0,1.326654827580383,0.11171391668722969,0.019799999999607486,0.0099,9.435887525547386,4.399614644627904,8.054412162096183,-2.413628240337578,-5.416496933433191,0.19069589667746575,6.916496933433191
0.2894736842105263,3800.0,1.326654827580383,0.11171391668722969,0.019799999999607486,0.0099,9.435887525547386,4.399614629726742,8.054412162096183,-2.413628231820041,-5.416496907058412,0.190695896927674,6.916496907058412
0.2894736842105263,3800.0,1.326654827580383,0.11171393158839088,0.019799999999607486,0.0099,9.435887525547386,4.399614629726742,8.054412162096183,-2.4136286835642626,-5.41649837645831,0.19069585053933147,6.91649837645831
0.2894736842105263,3800.0,1.326654827580383,0.11171391668722969,0.019799985098446292,0.0099,9.435887525547386,4.399614629726742,8.054412162096183,-2.413627689243906,-5.416495195693491,0.19069592753971185,6.916495195693491
0.2894736842105263,3800.0,1.326654827580383,0.11171391668722969,0.019799999999607486,0.009899985098838807,9.435887525547386,4.399614629726742,8.054412162096183,-2.4136272610212393,-5.416493814253547,0.19069596613830284,6.916493814253547
0.2894736842105263,3800.0,1.326654827580383,0.11171391668722969,0.019799999999607486,0.0099,9.435887540448547,4.399614629726742,8.054412162096183,-2.413628237270183,-5.4164969238942335,0.1906958967866696,6.9164969238942335
0.2894736842105263,3800.0,1.326654827580383,0.11171391668722969,0.019799999999607486,0.0099,9.435887525547386,4.399614644627904,8.054412162096183,-2.413628240337578,-5.416496933433191,0.19069589667746575,6.916496933433191
0.2894736842105263,3800.0,1.326654827580383,0.11171391668722969,0.019799999999607486,0.0099,9.435887525547386,4.399614629726742,8.054412162096183,-2.413628231820041,-5.416496907058412,0.190695896927674,6.916496907058412
0.33684210526315794,3800.0,1.0,0.1016,0.0180022160408445,0.009,10.0,3.9999824431981774,8.0,-1.9141345999421524,-4.076686086497437,0.2429982705995973,5.576686086497437
0.33684210526315794,3800.0,1.0,0.10160001490116119,0.0180022160408445,0.009,10.0,3.9999824431981774,8.0,-1.9141102618188364,-4.076590283599866,0.2430045529682943,5.576590283599866
0.33684210526315794,3800.0,1.0,0.1016,0.018002230942005693,0.009,10.0,3.9999824431981774,8.0,-1.914110342530376,-4.076590479692491,0.24300457791677235,5.576590479692491
0.33684210526315794,3800.0,1.0,0.1016,0.0180022160408445,0.009000014901161193,10.0,3.9999824431981774,8.0,-1.9141106741663525,-4.076591720189281,0.24300451675598306,5.576591720189281
0.33684210526315794,3800.0,1.0,0.1016,0.0180022160408445,0.009,10.000000014901161,3.9999824431981774,8.0,-1.914109852108903,-4.076588735498645,0.24300463438744524,5.576588735498645
0.33684210526315794,3800.0,1.0,0.1016,0.0180022160408445,0.009,10.0,3.9999824580993386,8.0,-1.9141098545701096,-4.07658874394469,0.24300463421972354,5.57658874394469
0.33684210526315794,3800.0,1.0,0.1016,0.0180022160408445,0.009,10.0,3.9999824431981774,8.0,-1.9141098479234275,-4.076588721274601,0.24300463462029712,5.576588721274601
0.33684210526315794,3800.0,1.0,0.10160001490116119,0.0180022160408445,0.009,10.0,3.9999824431981774,8.0,-1.9141102617955974,-4.076590283508453,0.24300455297426934,5.576590283508453
0.33684210526315794,3800.0,1.0,0.1016,0.018002230942005693,0.009,10.0,3.9999824431981774,8.0,-1.914110342530376,-4.076590479692491,0.24300457791677235,5.576590479692491
0.33684210526315794,3800.0,1.0,0.1016,0.0180022160408445,0.009000014901161193,10.0,3.9999824431981774,8.0,-1.9141106741663525,-4.076591720189281,0.24300451675598306,5.576591720189281
0.33684210526315794,3800.0,1.0,0.1016,0.0180022160408445,0.009,10.000000014901161,3.9999824431981774,8.0,-1.914109852108903,-4.076588735498645,0.24300463438744524,5.576588735498645
0.33684210526315794,3800.0,1.0,0.1016,0.0180022160408445,0.009,10.0,3.9999824580993386,8.0,-1.9141098545701096,-4.07658874394469,0.24300463421972354,5.57658874394469
0.33684210526315794,3800.0,1.0,0.1016,0.0180022160408445,0.009,10.0,3.9999824431981774,8.0,-1.9141098479234275,-4.076588721274601,0.24300463462029712,5.576588721274601
0.33684210526315794,3800.0,1.0,0.11164725371012682,0.0196876988255955,0.009789234123658388,5.4,3.247869177808752,8.0,-1.5734621430562452,-2.9724452278933535,0.24180669698939095,4.4724452278933535
0.33684210526315794,3800.0,1.0,0.10662343388038124,0.018844925060641973,0.009394601903238741,7.700088350863188,3.6239402561243805,8.0,-1.7893066932611292,-3.6747818851638723,0.24154239317466764,5.174781885163872
0.33684210526315794,3800.0,1.0,0.10411164623041551,0.01842355868878453,0.00919729539720928,8.85007654895125,3.8119666428251007,8.0,-1.8738789691343445,-3.9510599434376177,0.24102913755013186,5.451059943437618
0.33684210526315794,3800.0,1.0,0.10285580031185292,0.0182128835394247,0.009098645907350404,9.425048714684985,3.9059762500159767,8.0,-1.887649637015843,-3.9929512489346006,0.2421104227434002,5.492951248934601
0.33684210526315794,3800.0,1.0,0.10222788515324159,0.01810754727335063,0.00904932177518094,9.712531226120014,3.95298046967201,8.0,-1.9045182011230473,-4.04682024914281,0.2424736104310914,5.54682024914281
0.33684210526315794,3800.0,1.0,0.10191393712927524,0.018054880743275,0.009024660459689362,9.856268107053914,3.9764818642102897,8.0,-1.8981986456980946,-4.024435854490504,0.2431669451696678,5.524435854490504
0.33684210526315794,3800.0,1.0,0.10175695953785273,0.018028546877766293,0.009012329520770652,9.92813818631903,3.9882328294276554,8.0,-1.9049263844078,-4.046519299561192,0.24308640740784326,5.546519299561192
0.33684210526315794,3800.0,1.0,0.10167847455305819,0.018015380584314452,0.00900616435066728,9.964071481174615,3.994108026760272,8.0,-1.906712460537184,-4.052253518720919,0.24311339355820094,5.552253518720919
0.33684210526315794,3800.0,1.0,0.10163923307253045,0.018008797607335283,0.009003081845100196,9.982037665331555,3.9970455496804598,8.0,-1.909206938311,-4.060393607164028,0.24310156525668264,5.560393607164028
0.33684210526315794,3800.0,1.0,0.1016196137452701,0.01800550635588491,0.009001540703311224,9.991020110485366,3.998514205366506,8.0,-1.9116654314886796,-4.068515198601213,0.24305266508916137,5.568515198601213
0.33684210526315794,3800.0,1.0,0.10160980547411473,0.01800386096375513,0.00900077024179873,9.995510695536398,3.999248428972211,8.0,-1.9128894830321173,-4.072558244243812,0.24302853981602862,5.572558244243812
0.33684210526315794,3800.0,1.0,0.10160982037527592,0.01800386096375513,0.00900077024179873,9.995510695536398,3.999248428972211,8.0,-1.9128898963745269,-4.0725598046531575,0.2430284582085658,5.5725598046531575
0.33684210526315794,3800.0,1.0,0.10160980547411473,0.018003875864916325,0.00900077024179873,9.995510695536398,3.999248428972211,8.0,-1.91288997694449,-4.0725600002725715,0.2430284831619362,5.5725600002725715
0.33684210526315794,3800.0,1.0,0.10160980547411473,0.01800386096375513,0.009000785142959924,9.995510695536398,3.999248428972211,8.0,-1.9128903086144562,-4.072561240961415,0.24302842197044172,5.572561240961415
0.33684210526315794,3800.0,1.0,0.10160980547411473,0.01800386096375513,0.00900077024179873,9.995510710437559,3.999248428972211,8.0,-1.9128894870410351,-4.072558257769078,0.2430285396301776,5.572558257769078
0.33684210526315794,3800.0,1.0,0.10160980547411473,0.01800386096375513,0.00900077024179873,9.995510695536398,3.999248443873372,8.0,-1.9128894895040753,-4.0725582662216775,0.2430285394622323,5.5725582662216775
0.33684210526315794,3800.0,1.0,0.10160980547411473,0.01800386096375513,0.00900077024179873,9.995510695536398,3.999248428972211,8.0,-1.912889482847181,-4.072558243516212,0.24302853986362635,5.572558243516212
0.33684210526315794,3800.0,1.0,0.10160982037527592,0.01800386096375513,0.00900077024179873,9.995510695536398,3.999248428972211,8.0,-1.9128898963745276,-4.07255980465316,0.2430284582085656,5.57255980465316
0.33684210526315794,3800.0,1.0,0.10160980547411473,0.018003875864916325,0.00900077024179873,9.995510695536398,3.999248428972211,8.0,-1.9128899769444898,-4.0725600002725715,0.2430284831619361,5.5725600002725715
0.33684210526315794,3800.0,1.0,0.10160980547411473,0.01800386096375513,0.009000785142959924,9.995510695536398,3.999248428972211,8.0,-1.9128903086144562,-4.072561240961415,0.24302842197044172,5.572561240961415
0.33684210526315794,3800.0,1.0,0.10160980547411473,0.01800386096375513,0.00900077024179873,9.995510710437559,3.999248428972211,8.0,-1.9128894870410351,-4.072558257769078,0.2430285396301776,5.572558257769078
0.33684210526315794,3800.0,1.0,0.10160980547411473,0.01800386096375513,0.00900077024179873,9.995510695536398,3.999248443873372,8.0,-1.9128894895040753,-4.0725582662216775,0.2430285394622323,5.5725582662216775
0.33684210526315794,3800.0,1.0,0.11176,0.0198,0.0099,9.859724534745046,4.122850476749159,8.0,-2.286988686943459,-5.425884556320282,0.19135572045357208,6.925884556320282
0.33684210526315794,3800.0,1.0,0.1117599850988388,0.0198,0.0099,9.859724534745046,4.122850476749159,8.0,-2.28812947877973,-5.430051272266056,0.1911831521165615,6.930051272266056
0.33684210526315794,3800.0,1.0,0.11176,0.019799985098838808,0.0099,9.859724534745046,4.122850476749159,8.0,-2.288267194657375,-5.430554297401847,0.19116231181638366,6.930554297401847
0.33684210526315794,3800.0,1.0,0.11176,0.0198,0.009899985098838807,9.859724534745046,4.122850476749159,8.0,-2.2882668183268744,-5.430552973908476,0.19116234952795694,6.930552973908476
0.33684210526315794,3800.0,1.0,0.11176,0.0198,0.0099,9.859724549646208,4.122850476749159,8.0,-2.2882677080110105,-5.430556048964935,0.1911622806341232,6.930556048964935
0.33684210526315794,3800.0,1.0,0.11176,0.0198,0.0099,9.859724534745046,4.12285049165032,8.0,-2.2882677110833787,-5.430556059247797,0.1911622805228146,6.930556059247797
0.33684210526315794,3800.0,1.0,0.11176,0.0198,0.0099,9.859724534745046,4.122850476749159,8.0,-2.288267703031059,-5.430556032402681,0.19116228077498806,6.930556032402681
0.33684210526315794,3800.0,1.0,0.1117599850988388,0.0198,0.0099,9.859724534745046,4.122850476749159,8.0,-2.2882672880194965,-5.430554559753262,0.19116232730221266,6.930554559753262
0.33684210526315794,3800.0,1.0,0.11176,0.019799985098838808,0.0099,9.859724534745046,4.122850476749159,8.0,-2.288267193722983,-5.430554293989429,0.1911623119575684,6.930554293989429
0.33684210526315794,3800.0,1.0,0.11176,0.0198,0.009899985098838807,9.859724534745046,4.122850476749159,8.0,-2.2882668183268757,-5.430552973908481,0.19116234952795683,6.930552973908481
0.33684210526315794,3800.0,1.0,0.11176,0.0198,0.0099,9.859724549646208,4.122850476749159,8.0,-2.2882677080110105,-5.430556048964935,0.1911622806341232,6.930556048964935
0.33684210526315794,3800.0,1.0,0.11176,0.0198,0.0099,9.859724534745046,4.12285049165032,8.0,-2.2882677110833787,-5.430556059247797,0.1911622805228146,6.930556059247797
0.33684210526315794,3800.0,1.0,0.09875612979546708,0.0198,0.009899999999282852,9.594903876943613,4.4,8.0,-1.8336984436708943,-3.806577776501748,0.2462503560590115,5.306577776501748
0.33684210526315794,3800.0,1.0,0.10525949959030384,0.0198,0.009899999999641505,9.727343423010007,4.261394660988339,8.0,-2.0495447418488575,-4.592767923002902,0.21442113043748662,6.092767923002902
0.33684210526315794,3800.0,1.0,0.10851050131246359,0.0198,0.009899999999820795,9.793549283345019,4.192106551893697,8.0,-2.188902848075953,-5.081024282512182,0.20115024100998616,6.581024282512182
0.33684210526315794,3800.0,1.0,0.11013556111336018,0.0198,0.009899999999910414,9.826643231429037,4.157471897595502,8.0,-2.2259774871858524,-5.215709959074706,0.19581621714515224,6.715709959074706
0.33684210526315794,3800.0,1.0,0.1109479736577233,0.0198,0.009899999999955219,9.843187815542878,4.140157071638937,8.0,-2.244779453966174,-5.283553181020829,0.19328468803744545,6.783553181020829
0.33684210526315794,3800.0,1.0,0.11135412040930175,0.0198,0.009899999999977618,9.851458895477174,4.1315009272142875,8.0,-2.2724866787991274,-5.375298950845151,0.192652490055277,6.875298950845151
0.33684210526315794,3800.0,1.0,0.11155710610417957,0.0198,0.009899999999988812,9.855592649843862,4.1271747237319945,8.0,-2.2778870164646525,-5.3947539258277155,0.19193708250492678,6.8947539258277155
0.33684210526315794,3800.0,1.0,0.11165858185763451,0.0198,0.009899999999994408,9.857659178912375,4.125011986312349,8.0,-2.28701000238548,-5.426108976361062,0.19129732060232182,6.926108976361062
0.33684210526315794,3800.0,1.0,0.11170929086133753,0.0198,0.009899999999997204,9.858691855454502,4.123931232968939,8.0,-2.2881656846206915,-5.430256573238749,0.19115017144740462,6.930256573238749
0.33684210526315794,3800.0,1.0,0.1117346417040261,0.0198,0.009899999999998603,9.859208119207603,4.123390934284422,8.0,-2.288170955845949,-5.43023925030805,0.19116314326664471,6.93023925030805
0.33684210526315794,3800.0,1.0,0.11174731710812542,0.0198,0.009899999999999302,9.859466250732963,4.123120785309702,8.0,-2.2879742142458976,-5.429502455757053,0.19119975612251422,6.929502455757053
0.33684210526315794,3800.0,1.0,0.11174733200928662,0.0198,0.009899999999999302,9.859466250732963,4.123120785309702,8.0,-2.287974601779124,-5.429503828098325,0.19119971373093228,6.929503828098325
0.33684210526315794,3800.0,1.0,0.11174731710812542,0.019799985098838808,0.009899999999999302,9.859466250732963,4.123120785309702,8.0,-2.287973677457959,-5.429500616924535,0.19119979148070199,6.929500616924535
0.33684210526315794,3800.0,1.0,0.11174731710812542,0.0198,0.009899985098838108,9.859466250732963,4.123120785309702,8.0,-2.2879733020138415,-5.4294992966425095,0.19119982906803457,6.9294992966425095
0.33684210526315794,3800.0,1.0,0.11174731710812542,0.0198,0.009899999999999302,9.859466265634124,4.123120785309702,8.0,-2.28797419169223,-5.429502371762135,0.1911997601433883,6.929502371762135
0.33684210526315794,3800.0,1.0,0.11174731710812542,0.0198,0.009899999999999302,9.859466250732963,4.123120800210863,8.0,-2.287974194763413,-5.429502382041194,0.1911997600320616,6.929502382041194
0.33684210526315794,3800.0,1.0,0.11174731710812542,0.0198,0.009899999999999302,9.859466250732963,4.123120785309702,8.0,-2.287974186712909,-5.42950235520176,0.1911997602843168,6.92950235520176
0.33684210526315794,3800.0,1.0,0.11174733200928662,0.0198,0.009899999999999302,9.859466250732963,4.123120785309702,8.0,-2.2879746017791325,-5.4295038280983565,0.191199713730931,6.9295038280983565
0.33684210526315794,3800.0,1.0,0.11174731710812542,0.019799985098838808,0.009899999999999302,9.859466250732963,4.123120785309702,8.0,-2.287973677457959,-5.429500616924535,0.19119979148070199,6.929500616924535
0.33684210526315794,3800.0,1.0,0.11174731710812542,0.0198,0.009899985098838108,9.859466250732963,4.123120785309702,8.0,-2.2879733020138415,-5.4294992966425095,0.19119982906803457,6.9294992966425095
0.33684210526315794,3800.0,1.0,0.11174731710812542,0.0198,0.009899999999999302,9.859466265634124,4.123120785309702,8.0,-2.28797419169223,-5.429502371762135,0.1911997601433883,6.929502371762135
0.33684210526315794,3800.0,1.0,0.11174731710812542,0.0198,0.009899999999999302,9.859466250732963,4.123120800210863,8.0,-2.287974194763413,-5.429502382041194,0.1911997600320616,6.929502382041194
0.33684210526315794,3800.0,1.0,0.11172781871928757,0.0198,0.009899999999584522,9.582569635028495,4.4,8.0,-2.307001246980737,-5.494871936208396,0.18987489748202774,6.994871936208396
0.33684210526315794,3800.0,1.0,0.11172783362044876,0.0198,0.009899999999584522,9.582569635028495,4.4,8.0,-2.3081495166304307,-5.499056815778158,0.18970464212650126,6.999056815778158
0.33684210526315794,3800.0,1.0,0.11172781871928757,0.019799985098838808,0.009899999999584522,9.582569635028495,4.4,8.0,-2.3082613329295363,-5.49946445663204,0.1896880158173924,6.99946445663204
0.33684210526315794,3800.0,1.0,0.11172781871928757,0.0198,0.009899985098423329,9.582569635028495,4.4,8.0,-2.3082609372452914,-5.4994630694921,0.1896880538054223,6.9994630694921
0.33684210526315794,3800.0,1.0,0.11172781871928757,0.0198,0.009899999999584522,9.582569649929656,4.4,8.0,-2.3082618441301603,-5.499466198977588,0.1896879854704327,6.999466198977588
0.33684210526315794,3800.0,1.0,0.11172781871928757,0.0198,0.009899999999584522,9.582569635028495,4.399999985098839,8.0,-2.3082618314756838,-5.499466156845195,0.18968798584581492,6.999466156845195
0.38421052631578945,3800.0,1.0,0.1016,0.0180270984424545,0.009,10.0,4.1260571168533,7.854281375962026,-1.828804399686529,-4.116124226179082,0.24087378941408066,5.616124226179082
0.38421052631578945,3800.0,1.0,0.10160001490116119,0.0180270984424545,0.009,10.0,4.1260571168533,7.854281375962026,-1.827482741650351,-4.1102660723393925,0.24125118324806394,5.6102660723393925
0.38421052631578945,3800.0,1.0,0.1016,0.018027113343615692,0.009,10.0,4.1260571168533,7.854281375962026,-1.8288049889443516,-4.116126598483321,0.2408736945649576,5.616126598483321
0.38421052631578945,3800.0,1.0,0.1016,0.0180270984424545,0.009000014901161193,10.0,4.1260571168533,7.854281375962026,-1.8274832074995273,-4.110267902301775,0.24125112221020856,5.610267902301775
0.38421052631578945,3800.0,1.0,0.1016,0.0180270984424545,0.009,10.000000014901161,4.1260571168533,7.854281375962026,-1.8288044040241955,-4.1161242426134,0.2408737890311608,5.6161242426134
0.38421052631578945,3800.0,1.0,0.1016,0.0180270984424545,0.009,10.0,4.126057131754461,7.854281375962026,-1.8274821789008135,-4.110263656700642,0.24125131981731693,5.610263656700642
0.38421052631578945,3800.0,1.0,0.1016,0.0180270984424545,0.009,10.0,4.1260571168533,7.854281375962026,-1.828804399686529,-4.116124226179082,0.24087378941408066,5.616124226179082
0.38421052631578945,3800.0,1.0,0.10160001490116119,0.0180270984424545,0.009,10.0,4.1260571168533,7.854281375962026,-1.827482741650351,-4.1102660723393925,0.24125118324806394,5.6102660723393925
0.38421052631578945,3800.0,1.0,0.1016,0.018027113343615692,0.009,10.0,4.1260571168533,7.854281375962026,-1.8288049889443516,-4.116126598483321,0.2408736945649576,5.616126598483321
0.38421052631578945,3800.0,1.0,0.1016,0.0180270984424545,0.009000014901161193,10.0,4.1260571168533,7.854281375962026,-1.8274832074995273,-4.110267902301775,0.24125112221020856,5.610267902301775
0.38421052631578945,3800.0,1.0,0.1016,0.0180270984424545,0.009,10.000000014901161,4.1260571168533,7.854281375962026,-1.8288044040241955,-4.1161242426134,0.2408737890311608,5.6161242426134
0.38421052631578945,3800.0,1.0,0.1016,0.0180270984424545,0.009,10.0,4.126057131754461,7.854281375962026,-1.8274821789008135,-4.110263656700642,0.24125131981731693,5.610263656700642
0.38421052631578945,3800.0,1.0,0.1016,0.0180270984424545,0.009,10.0,4.1260571168533,7.854281375962026,-1.828804399686529,-4.116124226179082,0.24087378941408066,5.616124226179082
0.38421052631578945,3800.0,1.0,0.11176,0.01975134741797498,0.0099,10.291095867753029,3.709176352233154,7.854281375962026,-2.1145755854519277,-5.269899928408137,0.19386853798247608,6.769899928408137
0.38421052631578945,3800.0,1.0,0.10668004031440388,0.018889229771953873,0.009450003571157824,10.145549088931276,3.917615080379889,7.854281375962026,-1.9783159555424248,-4.726597722672772,0.21418691179028637,6.226597722672772
0.38421052631578945,3800.0,1.0,0.1041400412491516,0.01845816768670936,0.009225003653960279,10.072775148774634,4.021835233180758,7.854281375962026,-1.9116827398140088,-4.454788139299575,0.22600029814086664,5.954788139299575
0.38421052631578945,3800.0,1.0,0.10287003231643028,0.018242635048801234,0.009112502862675911,10.036387909372605,4.073945695281868,7.854281375962026,-1.8770098693752204,-4.310723885058234,0.23295253755927148,5.810723885058234
0.38421052631578945,3800.0,1.0,0.1022350229586914,0.018134867899733596,0.009056252033742348,10.01819414952789,4.100001127033357,7.854281375962026,-1.8436178212914447,-4.180215541660002,0.2371244546320158,5.680215541660002
0.38421052631578945,3800.0,1.0,0.10191751356910661,0.01808098352574642,0.00902812620198779,10.009097134638036,4.113029036197155,7.854281375962026,-1.8368451211272958,-4.150514181260071,0.23896086929440744,5.650514181260071
0.38421052631578945,3800.0,1.0,0.10175875791887562,0.018054041176605785,0.009014063201475202,10.004548599818678,4.1195430299822,7.854281375962026,-1.8328290350987038,-4.1333486393618655,0.23991289437922986,5.6333486393618655
0.38421052631578945,3800.0,1.0,0.10167937952720202,0.018040569905885148,0.009007031651031675,10.002274316176447,4.1228000501214925,7.854281375962026,-1.8309496175335533,-4.125327380223184,0.24035481753293228,5.625327380223184
0.38421052631578945,3800.0,1.0,0.10163969006623177,0.018033834225529153,0.00900351585232368,10.001137166758948,4.124428571069981,7.854281375962026,-1.8306718715520025,-4.124246010326261,0.24038824256678382,5.624246010326261
0.38421052631578945,3800.0,1.0,0.10161984529656587,0.018030466378701804,0.009001757949498946,10.000568590927625,4.125242833151873,7.854281375962026,-1.828545809970738,-4.114903738185093,0.24097040157028465,5.614903738185093
0.38421052631578945,3800.0,1.0,0.1016099226118035,0.018028782404387243,0.009000878971518028,10.000284294418634,4.125649976499394,7.854281375962026,-1.829468754715614,-4.119030077852223,0.24069599318667498,5.619030077852223
0.38421052631578945,3800.0,1.0,0.1016099375129647,0.018028782404387243,0.009000878971518028,10.000284294418634,4.125649976499394,7.854281375962026,-1.828146108570504,-4.1131695019214485,0.2410730692194605,5.6131695019214485
0.38421052631578945,3800.0,1.0,0.1016099226118035,0.018028797305548436,0.009000878971518028,10.000284294418634,4.125649976499394,7.854281375962026,-1.8294693443543204,-4.119032451234209,0.24069589841588895,5.619032451234209
0.38421052631578945,3800.0,1.0,0.1016099226118035,0.018028782404387243,0.009000893872679222,10.000284294418634,4.125649976499394,7.854281375962026,-1.8281465746507495,-4.113171332523888,0.24107300823335068,5.613171332523888
0.38421052631578945,3800.0,1.0,0.1016099226118035,0.018028782404387243,0.009000878971518028,10.000284309319795,4.125649976499394,7.854281375962026,-1.8294687590562697,-4.11903009429614,0.2406959928040203,5.61903009429614
0.38421052631578945,3800.0,1.0,0.1016099226118035,0.018028782404387243,0.009000878971518028,10.000284294418634,4.1256499914005555,7.854281375962026,-1.8281455454335274,-4.113167085300292,0.24107320567412444,5.613167085300292
0.38421052631578945,3800.0,1.0,0.1016099226118035,0.018028782404387243,0.009000878971518028,10.000284294418634,4.125649976499394,7.854281375962026,-1.829468754715614,-4.119030077852223,0.24069599318667498,5.619030077852223
0.38421052631578945,3800.0,1.0,0.1016099375129647,0.018028782404387243,0.009000878971518028,10.000284294418634,4.125649976499394,7.854281375962026,-1.828146108570504,-4.1131695019214485,0.2410730692194605,5.6131695019214485
0.38421052631578945,3800.0,1.0,0.1016099226118035,0.018028797305548436,0.009000878971518028,10.000284294418634,4.125649976499394,7.854281375962026,-1.8294693443543204,-4.119032451234209,0.24069589841588895,5.619032451234209
0.38421052631578945,3800.0,1.0,0.1016099226118035,0.018028782404387243,0.009000893872679222,10.000284294418634,4.125649976499394,7.854281375962026,-1.8281465746507495,-4.113171332523888,0.24107300823335068,5.613171332523888
0.38421052631578945,3800.0,1.0,0.1016099226118035,0.018028782404387243,0.009000878971518028,10.000284309319795,4.125649976499394,7.854281375962026,-1.8294687590562697,-4.11903009429614,0.2406959928040203,5.61903009429614
0.38421052631578945,3800.0,1.0,0.1016099226118035,0.018028782404387243,0.009000878971518028,10.000284294418634,4.1256499914005555,7.854281375962026,-1.8281455454335274,-4.113167085300292,0.24107320567412444,5.613167085300292
0.38421052631578945,3800.0,1.0,0.09144,0.0198,0.0036000000000000008,10.291580761603655,3.6,7.854281375962026,-1.494169055972488,-2.483988769039881,0.38205706751703644,3.983988769039881
0.38421052631578945,3800.0,1.0,0.09652499678236705,0.018914385023529146,0.006300458326029757,10.145931511860933,3.862826821911945,7.854281375962026,-1.6523312634913396,-3.316502786608363,0.29660270090279284,4.816502786608363
0.38421052631578945,3800.0,1.0,0.09906747843915276,0.018471580449795726,0.007650678602009723,10.073107366311898,3.9942393679217263,7.854281375962026,-1.7402642804358879,-3.7227289859757438,0.26644643897079495,5.222728985975744
0.38421052631578945,3800.0,1.0,0.10033870996377477,0.018250179783295586,0.008325783799102688,10.036695560024716,4.059945160045188,7.854281375962026,-1.788675215539941,-3.9366420078643847,0.2528266893090166,5.436642007864385
0.38421052631578945,3800.0,1.0,0.10097432060396017,0.018139480342126934,0.008663333677473068,10.018489803593855,4.092797791361029,7.854281375962026,-1.806243084714565,-4.018061561886763,0.24672191612805422,5.518061561886763
0.38421052631578945,3800.0,1.0,0.10129212406527759,0.018084130945271278,0.008832107629529766,10.00938697861921,4.109224010944946,7.854281375962026,-1.819383693113914,-4.074173634097765,0.2436232839733555,5.574173634097765
0.38421052631578945,3800.0,1.0,0.10145102440559318,0.018056456488988865,0.00891649386719706,10.004835605955398,4.117437048874625,7.854281375962026,-1.8195559345048316,-4.078825402455291,0.24238245443301357,5.578825402455291
0.38421052631578945,3800.0,1.0,0.10153047455752015,0.01804261926402279,0.00895868697634896,10.002559920145679,4.121543566897172,7.854281375962026,-1.8243004647279042,-4.098002912754084,0.24159533815264908,5.598002912754084
0.38421052631578945,3800.0,1.0,0.10157019913149028,0.018035700738968086,0.008979783264334356,10.001422091619382,4.123596799962054,7.854281375962026,-1.8263154879487706,-4.1059970587254435,0.24130720918856305,5.6059970587254435
0.38421052631578945,3800.0,1.0,0.10159006120527576,0.018032241513572078,0.008990331295104449,10.000853183462898,4.124623405474908,7.854281375962026,-1.8266633338626153,-4.107067350948702,0.2413523859966148,5.607067350948702
0.38421052631578945,3800.0,1.0,0.10159999220536106,0.018030511907284545,0.008995605290942389,10.000568730438928,4.1251367063288775,7.854281375962026,-1.828819545906222,-4.116389488012517,0.24080874475298103,5.616389488012517
0.38421052631578945,3800.0,1.0,0.10160000710652226,0.018030511907284545,0.008995605290942389,10.000568730438928,4.1251367063288775,7.854281375962026,-1.8274979483982856,-4.11053209740531,0.24118596961834304,5.61053209740531
0.38421052631578945,3800.0,1.0,0.10159999220536106,0.01803052680844574,0.008995605290942389,10.000568730438928,4.1251367063288775,7.854281375962026,-1.8288201353539018,-4.116391860961568,0.2408086499099324,5.616391860961568
0.38421052631578945,3800.0,1.0,0.10159999220536106,0.018030511907284545,0.008995620192103582,10.000568730438928,4.1251367063288775,7.854281375962026,-1.8274984143195192,-4.110533927650215,0.2411859085712102,5.610533927650215
0.38421052631578945,3800.0,1.0,0.10159999220536106,0.018030511907284545,0.008995605290942389,10.00056874534009,4.1251367063288775,7.854281375962026,-1.8288195502456792,-4.1163895044531715,0.2408087443700406,5.6163895044531715
0.38421052631578945,3800.0,1.0,0.10159999220536106,0.018030511907284545,0.008995605290942389,10.000568730438928,4.125136721230039,7.854281375962026,-1.8274973856052596,-4.110529681747142,0.24118610614688982,5.610529681747142
0.38421052631578945,3800.0,1.0,0.10159999220536106,0.018030511907284545,0.008995605290942389,10.000568730438928,4.1251367063288775,7.854281375962026,-1.828819545906222,-4.116389488012517,0.24080874475298103,5.616389488012517
0.38421052631578945,3800.0,1.0,0.10160000710652226,0.018030511907284545,0.008995605290942389,10.000568730438928,4.1251367063288775,7.854281375962026,-1.8274979483982856,-4.11053209740531,0.24118596961834304,5.61053209740531
0.38421052631578945,3800.0,1.0,0.10159999220536106,0.01803052680844574,0.008995605290942389,10.000568730438928,4.1251367063288775,7.854281375962026,-1.8288201353539018,-4.116391860961568,0.2408086499099324,5.616391860961568
0.38421052631578945,3800.0,1.0,0.10159999220536106,0.018030511907284545,0.008995620192103582,10.000568730438928,4.1251367063288775,7.854281375962026,-1.8274984143195192,-4.110533927650215,0.2411859085712102,5.610533927650215
0.38421052631578945,3800.0,1.0,0.10159999220536106,0.018030511907284545,0.008995605290942389,10.00056874534009,4.1251367063288775,7.854281375962026,-1.8288195502456792,-4.1163895044531715,0.2408087443700406,5.6163895044531715
0.38421052631578945,3800.0,1.0,0.10159999220536106,0.018030511907284545,0.008995605290942389,10.000568730438928,4.125136721230039,7.854281375962026,-1.8274973856052596,-4.110529681747142,0.24118610614688982,5.610529681747142
0.38421052631578945,3800.0,1.0,0.10159999220536106,0.018030511907284545,0.008995605290942389,10.000568730438928,4.1251367063288775,7.854281375962026,-1.828819545906222,-4.116389488012517,0.24080874475298103,5.616389488012517
0.43157894736842106,3800.0,3.23313609939851,0.1023929363460997,0.0108751988357915,0.0045507983828199,10.0,3.996910922043331,8.378743875755694,-1.7647545962325208,-1.8108672973839637,0.8516943323052868,3.3108672973839637
0.43157894736842106,3800.0,3.23313609939851,0.10239295124726089,0.0108751988357915,0.0045507983828199,10.0,3.996910922043331,8.378743875755694,-1.7651855250776611,-1.8078069567997552,0.8528766423259206,3.3078069567997552
0.43157894736842106,3800.0,3.23313609939851,0.1023929363460997,0.010875213736952693,0.0045507983828199,10.0,3.996910922043331,8.378743875755694,-1.7647546151944666,-1.8108698196250956,0.8516937152034825,3.3108698196250956
0.43157894736842106,3800.0,3.23313609939851,0.1023929363460997,0.0108751988357915,0.004550813283981094,10.0,3.996910922043331,8.378743875755694,-1.7651855383806425,-1.8078101272611637,0.8528758565685743,3.3078101272611637
0.43157894736842106,3800.0,3.23313609939851,0.1023929363460997,0.0108751988357915,0.0045507983828199,10.000000014901161,3.996910922043331,8.378743875755694,-1.7647545967045848,-1.8108673017651933,0.8516943316527672,3.3108673017651933
0.43157894736842106,3800.0,3.23313609939851,0.1023929363460997,0.0108751988357915,0.0045507983828199,10.0,3.9969109369444924,8.378743875755694,-1.7651856511188586,-1.8078055456983564,0.8528771180859368,3.3078055456983564
0.43157894736842106,3800.0,3.23313609939851,0.1023929363460997,0.0108751988357915,0.0045507983828199,10.0,3.996910922043331,8.378743875755694,-1.7647545962325208,-1.8108672973839637,0.8516943323052868,3.3108672973839637
0.43157894736842106,3800.0,3.23313609939851,0.10239295124726089,0.0108751988357915,0.0045507983828199,10.0,3.996910922043331,8.378743875755694,-1.7651855250776611,-1.8078069567997552,0.8528766423259206,3.3078069567997552
0.43157894736842106,3800.0,3.23313609939851,0.1023929363460997,0.010875213736952693,0.0045507983828199,10.0,3.996910922043331,8.378743875755694,-1.7647546151944666,-1.8108698196250956,0.8516937152034825,3.3108698196250956
0.43157894736842106,3800.0,3.23313609939851,0.1023929363460997,0.0108751988357915,0.004550813283981094,10.0,3.996910922043331,8.378743875755694,-1.7651855383806425,-1.8078101272611637,0.8528758565685743,3.3078101272611637
0.43157894736842106,3800.0,3.23313609939851,0.1023929363460997,0.0108751988357915,0.0045507983828199,10.000000014901161,3.996910922043331,8.378743875755694,-1.7647545967045848,-1.8108673017651933,0.8516943316527672,3.3108673017651933
0.43157894736842106,3800.0,3.23313609939851,0.1023929363460997,0.0108751988357915,0.0045507983828199,10.0,3.9969109369444924,8.378743875755694,-1.7651856511188586,-1.8078055456983564,0.8528771180859368,3.3078055456983564
0.43157894736842106,3800.0,3.23313609939851,0.1023929363460997,0.0108751988357915,0.0045507983828199,10.0,3.996910922043331,8.378743875755694,-1.7647545962325208,-1.8108672973839637,0.8516943323052868,3.3108672973839637
0.4789473684210527,3800.0,3.23313609939851,0.1023929363460997,0.0108751988357915,0.0045507983828199,10.0,3.996910922043331,8.378743875755694,-1.7905101426328398,-1.8078055388633198,0.8528771190577904,3.30780553886332
0.4789473684210527,3800.0,3.23313609939851,0.10239295124726089,0.0108751988357915,0.0045507983828199,10.0,3.996910922043331,8.378743875755694,-1.789875679577468,-1.8108687166328643,0.8516938562345583,3.3108687166328643
0.4789473684210527,3800.0,3.23313609939851,0.1023929363460997,0.010875213736952693,0.0045507983828199,10.0,3.996910922043331,8.378743875755694,-1.79051003369768,-1.8078080587719842,0.8528765010989886,3.3078080587719842
0.4789473684210527,3800.0,3.23313609939851,0.1023929363460997,0.0108751988357915,0.004550813283981094,10.0,3.996910922043331,8.378743875755694,-1.7898755348934343,-1.8108718900289027,0.8516930715669156,3.3108718900289027
0.4789473684210527,3800.0,3.23313609939851,0.1023929363460997,0.0108751988357915,0.0045507983828199,10.000000014901161,3.996910922043331,8.378743875755694,-1.7905101429316153,-1.807805543240498,0.8528771184043644,3.307805543240498
0.4789473684210527,3800.0,3.23313609939851,0.1023929363460997,0.0108751988357915,0.0045507983828199,10.0,3.9969109369444924,8.378743875755694,-1.7898758902156955,-1.8108673042253263,0.8516943313347811,3.3108673042253263
0.4789473684210527,3800.0,3.23313609939851,0.1023929363460997,0.0108751988357915,0.0045507983828199,10.0,3.996910922043331,8.378743875755694,-1.7905101426328398,-1.8078055388633198,0.8528771190577904,3.30780553886332
0.4789473684210527,3800.0,3.23313609939851,0.10239295124726089,0.0108751988357915,0.0045507983828199,10.0,3.996910922043331,8.378743875755694,-1.789875679577468,-1.8108687166328643,0.8516938562345583,3.3108687166328643
0.4789473684210527,3800.0,3.23313609939851,0.1023929363460997,0.010875213736952693,0.0045507983828199,10.0,3.996910922043331,8.378743875755694,-1.79051003369768,-1.8078080587719842,0.8528765010989886,3.3078080587719842
0.4789473684210527,3800.0,3.23313609939851,0.1023929363460997,0.0108751988357915,0.004550813283981094,10.0,3.996910922043331,8.378743875755694,-1.7898755348934343,-1.8108718900289027,0.8516930715669156,3.3108718900289027
0.4789473684210527,3800.0,3.23313609939851,0.1023929363460997,0.0108751988357915,0.0045507983828199,10.000000014901161,3.996910922043331,8.378743875755694,-1.7905101429316153,-1.807805543240498,0.8528771184043644,3.307805543240498
0.4789473684210527,3800.0,3.23313609939851,0.1023929363460997,0.0108751988357915,0.0045507983828199,10.0,3.9969109369444924,8.378743875755694,-1.7898758902156955,-1.8108673042253263,0.8516943313347811,3.3108673042253263
0.4789473684210527,3800.0,3.23313609939851,0.1023929363460997,0.0108751988357915,0.0045507983828199,10.0,3.996910922043331,8.378743875755694,-1.7905101426328398,-1.8078055388633198,0.8528771190577904,3.30780553886332
0.5263157894736842,3800.0,3.23313609939851,0.1023929363460997,0.0108751988357915,0.0045507983828199,10.0,3.996910922043331,8.378743875755694,-1.8149971831469291,-1.8108672973839637,0.8516943323052868,3.3108672973839637
0.5263157894736842,3800.0,3.23313609939851,0.10239295124726089,0.0108751988357915,0.0045507983828199,10.0,3.996910922043331,8.378743875755694,-1.815834337792638,-1.8078069567997552,0.8528766423259206,3.3078069567997552
0.5263157894736842,3800.0,3.23313609939851,0.1023929363460997,0.010875213736952693,0.0045507983828199,10.0,3.996910922043331,8.378743875755694,-1.8149969494337612,-1.8108698196250956,0.8516937152034825,3.3108698196250956
0.5263157894736842,3800.0,3.23313609939851,0.1023929363460997,0.0108751988357915,0.004550813283981094,10.0,3.996910922043331,8.378743875755694,-1.8158340311706196,-1.8078101272611637,0.8528758565685743,3.3078101272611637
0.5263157894736842,3800.0,3.23313609939851,0.1023929363460997,0.0108751988357915,0.0045507983828199,10.000000014901161,3.996910922043331,8.378743875755694,-1.8149971832764804,-1.8108673017651933,0.8516943316527672,3.3108673017651933
0.5263157894736842,3800.0,3.23313609939851,0.1023929363460997,0.0108751988357915,0.0045507983828199,10.0,3.9969109369444924,8.378743875755694,-1.8158346351925712,-1.8078055456983564,0.8528771180859368,3.3078055456983564
0.5263157894736842,3800.0,3.23313609939851,0.1023929363460997,0.0108751988357915,0.0045507983828199,10.0,3.996910922043331,8.378743875755694,-1.8149971831469291,-1.8108672973839637,0.8516943323052868,3.3108672973839637
0.5263157894736842,3800.0,3.23313609939851,0.10239295124726089,0.0108751988357915,0.0045507983828199,10.0,3.996910922043331,8.378743875755694,-1.815834337792638,-1.8078069567997552,0.8528766423259206,3.3078069567997552
0.5263157894736842,3800.0,3.23313609939851,0.1023929363460997,0.010875213736952693,0.0045507983828199,10.0,3.996910922043331,8.378743875755694,-1.8149969494337612,-1.8108698196250956,0.8516937152034825,3.3108698196250956
0.5263157894736842,3800.0,3.23313609939851,0.1023929363460997,0.0108751988357915,0.004550813283981094,10.0,3.996910922043331,8.378743875755694,-1.8158340311706196,-1.8078101272611637,0.8528758565685743,3.3078101272611637
0.5263157894736842,3800.0,3.23313609939851,0.1023929363460997,0.0108751988357915,0.0045507983828199,10.000000014901161,3.996910922043331,8.378743875755694,-1.8149971832764804,-1.8108673017651933,0.8516943316527672,3.3108673017651933
0.5263157894736842,3800.0,3.23313609939851,0.1023929363460997,0.0108751988357915,0.0045507983828199,10.0,3.9969109369444924,8.378743875755694,-1.8158346351925712,-1.8078055456983564,0.8528771180859368,3.3078055456983564
0.5263157894736842,3800.0,3.23313609939851,0.1023929363460997,0.0108751988357915,0.0045507983828199,10.0,3.996910922043331,8.378743875755694,-1.8149971831469291,-1.8108672973839637,0.8516943323052868,3.3108672973839637
0.5736842105263158,3800.0,3.23313609939851,0.1023929363460997,0.0108751988357915,0.0045507983828199,10.0,3.996910922043331,8.378743875755694,-1.8411591272302965,-1.8078055388633198,0.8528771190577904,3.30780553886332
0.5736842105263158,3800.0,3.23313609939851,0.10239295124726089,0.0108751988357915,0.0045507983828199,10.0,3.996910922043331,8.378743875755694,-1.8401180947036684,-1.8108687166328643,0.8516938562345583,3.3108687166328643
0.5736842105263158,3800.0,3.23313609939851,0.1023929363460997,0.010875213736952693,0.0045507983828199,10.0,3.996910922043331,8.378743875755694,-1.8411587655255635,-1.8078080587719842,0.8528765010989886,3.3078080587719842
0.5736842105263158,3800.0,3.23313609939851,0.1023929363460997,0.0108751988357915,0.004550813283981094,10.0,3.996910922043331,8.378743875755694,-1.8401176302161146,-1.8108718900289027,0.8516930715669156,3.3108718900289027
0.5736842105263158,3800.0,3.23313609939851,0.1023929363460997,0.0108751988357915,0.0045507983828199,10.000000014901161,3.996910922043331,8.378743875755694,-1.8411591271865289,-1.807805543240498,0.8528771184043644,3.307805543240498
0.5736842105263158,3800.0,3.23313609939851,0.1023929363460997,0.0108751988357915,0.0045507983828199,10.0,3.9969109369444924,8.378743875755694,-1.8401184766063916,-1.8108673042253263,0.8516943313347811,3.3108673042253263
0.5736842105263158,3800.0,3.23313609939851,0.1023929363460997,0.0108751988357915,0.0045507983828199,10.0,3.996910922043331,8.378743875755694,-1.8411591272302965,-1.8078055388633198,0.8528771190577904,3.30780553886332
0.5736842105263158,3800.0,3.23313609939851,0.10239295124726089,0.0108751988357915,0.0045507983828199,10.0,3.996910922043331,8.378743875755694,-1.8401180947036684,-1.8108687166328643,0.8516938562345583,3.3108687166328643
0.5736842105263158,3800.0,3.23313609939851,0.1023929363460997,0.010875213736952693,0.0045507983828199,10.0,3.996910922043331,8.378743875755694,-1.8411587655255635,-1.8078080587719842,0.8528765010989886,3.3078080587719842
0.5736842105263158,3800.0,3.23313609939851,0.1023929363460997,0.0108751988357915,0.004550813283981094,10.0,3.996910922043331,8.378743875755694,-1.8401176302161146,-1.8108718900289027,0.8516930715669156,3.3108718900289027
0.5736842105263158,3800.0,3.23313609939851,0.1023929363460997,0.0108751988357915,0.0045507983828199,10.000000014901161,3.996910922043331,8.378743875755694,-1.8411591271865289,-1.807805543240498,0.8528771184043644,3.307805543240498
0.5736842105263158,3800.0,3.23313609939851,0.1023929363460997,0.0108751988357915,0.0045507983828199,10.0,3.9969109369444924,8.378743875755694,-1.8401184766063916,-1.8108673042253263,0.8516943313347811,3.3108673042253263
0.5736842105263158,3800.0,3.23313609939851,0.1023929363460997,0.0108751988357915,0.0045507983828199,10.0,3.996910922043331,8.378743875755694,-1.8411591272302965,-1.8078055388633198,0.8528771190577904,3.30780553886332
0.5736842105263158,3800.0,3.23313609939851,0.09144,0.019686357833464875,0.0036000000000000003,10.09690290790645,3.6553316403619975,8.378743875755694,-1.9090954675973775,-1.1787309029137392,0.9910792644309944,2.678730902913739
0.5736842105263158,3800.0,3.23313609939851,0.0969164531018301,0.015280790458766343,0.004075397883113169,10.048451587291444,3.826120811190217,8.378743875755694,-1.8482271696653092,-1.5231442313009662,0.8984047697100871,3.023144231300966
0.5736842105263158,3800.0,3.23313609939851,0.09965469315597068,0.013077995908661794,0.004313097996852682,10.024225807518093,3.911515817717162,8.378743875755694,-1.8386429117270597,-1.665479504175737,0.8712930968149776,3.165479504175737
0.5736842105263158,3800.0,3.23313609939851,0.10102381530923889,0.01197659692317614,0.0044319482382926285,10.012112898820503,3.954213387288439,8.378743875755694,-1.839150636076376,-1.7457202737764872,0.8602560359107575,3.245720273776487
0.5736842105263158,3800.0,3.23313609939851,0.10170837627323802,0.011425897521043239,0.004491373349235027,10.006056445468213,3.9755621685614324,8.378743875755694,-1.8376005156043533,-1.7713686843450605,0.8554977206791887,3.2713686843450605
0.5736842105263158,3800.0,3.23313609939851,0.1020506570991189,0.011150547543339287,0.004521085934557746,10.003028215749676,3.9862365699222435,8.378743875755694,-1.8421168169241862,-1.797959447795491,0.854964321594627,3.297959447795491
0.5736842105263158,3800.0,3.23313609939851,0.1022217965101526,0.011012873360477522,0.004535942140245962,10.001514109754487,3.9915737393570936,8.378743875755694,-1.839276003404948,-1.8028504343435046,0.8522281637503105,3.3028504343435046
0.5736842105263158,3800.0,3.23313609939851,0.1023073668458813,0.010944035762068732,0.004543370297797263,10.000757051181276,3.994242343728363,8.378743875755694,-1.8404710908097457,-1.8086386403629664,0.8522643738105641,3.3086386403629664
0.5736842105263158,3800.0,3.23313609939851,0.10235015174862579,0.010909617176141695,0.004547084353558488,10.000378524240242,3.995576637645945,8.378743875755694,-1.8415462631733388,-1.8081666226549786,0.8531039739272431,3.3081666226549786
0.5736842105263158,3800.0,3.23313609939851,0.10237154396147913,0.010892408075056212,0.004548941360733842,10.000189262879951,3.996243777166264,8.378743875755694,-1.8402675659985515,-1.8111791250210678,0.8517571460353739,3.311179125021068
0.5736842105263158,3800.0,3.23313609939851,0.10238224035157206,0.010883803296316346,0.004549869888945913,10.000094629690151,3.9965773557728657,8.378743875755694,-1.8411893387362361,-1.8080917482542742,0.8528581573789724,3.308091748254274
0.5736842105263158,3800.0,3.23313609939851,0.10238225525273326,0.010883803296316346,0.004549869888945913,10.000094629690151,3.9965773557728657,8.378743875755694,-1.8401484360786493,-1.8111550707009356,0.8516749673107127,3.3111550707009356
0.5736842105263158,3800.0,3.23313609939851,0.10238224035157206,0.01088381819747754,0.004549869888945913,10.000094629690151,3.9965773557728657,8.378743875755694,-1.8411889771994485,-1.8080942674800973,0.8528575396378707,3.3080942674800973
0.5736842105263158,3800.0,3.23313609939851,0.10238224035157206,0.010883803296316346,0.004549884790107107,10.000094629690151,3.9965773557728657,8.378743875755694,-1.8401479719726037,-1.8111582424292574,0.8516741831541652,3.3111582424292574
0.5736842105263158,3800.0,3.23313609939851,0.10238224035157206,0.010883803296316346,0.004549869888945913,10.000094644591313,3.9965773557728657,8.378743875755694,-1.8411893386926117,-1.8080917526328855,0.8528581567254457,3.3080917526328855
0.5736842105263158,3800.0,3.23313609939851,0.10238224035157206,0.010883803296316346,0.004549869888945913,10.000094629690151,3.996577370674027,8.378743875755694,-1.8401488179715342,-1.8111536580518481,0.8516754424381895,3.311153658051848
0.5736842105263158,3800.0,3.23313609939851,0.10238224035157206,0.010883803296316346,0.004549869888945913,10.000094629690151,3.9965773557728657,8.378743875755694,-1.8411893387362361,-1.8080917482542742,0.8528581573789724,3.308091748254274
0.5736842105263158,3800.0,3.23313609939851,0.10238225525273326,0.010883803296316346,0.004549869888945913,10.000094629690151,3.9965773557728657,8.378743875755694,-1.8401484360786493,-1.8111550707009356,0.8516749673107127,3.3111550707009356
0.5736842105263158,3800.0,3.23313609939851,0.10238224035157206,0.01088381819747754,0.004549869888945913,10.000094629690151,3.9965773557728657,8.378743875755694,-1.8411889771994485,-1.8080942674800973,0.8528575396378707,3.3080942674800973
0.5736842105263158,3800.0,3.23313609939851,0.10238224035157206,0.010883803296316346,0.004549884790107107,10.000094629690151,3.9965773557728657,8.378743875755694,-1.8401479719726037,-1.8111582424292574,0.8516741831541652,3.3111582424292574
0.5736842105263158,3800.0,3.23313609939851,0.10238224035157206,0.010883803296316346,0.004549869888945913,10.000094644591313,3.9965773557728657,8.378743875755694,-1.8411893386926117,-1.8080917526328855,0.8528581567254457,3.3080917526328855
0.5736842105263158,3800.0,3.23313609939851,0.10238224035157206,0.010883803296316346,0.004549869888945913,10.000094629690151,3.996577370674027,8.378743875755694,-1.8401488179715342,-1.8111536580518481,0.8516754424381895,3.311153658051848
0.5736842105263158,3800.0,3.23313609939851,0.11176,0.019799999270165444,0.00989999866532881,10.108968046906647,3.9818208393365575,8.378743875755694,-1.6101643575789697,-3.7902312799058926,0.4052095188220479,5.290231279905893
0.5736842105263158,3800.0,3.23313609939851,0.10633388293843776,0.014640950103657385,0.006804331243317959,10.045972200472468,3.990359188431237,8.378743875755694,-1.6454984511598036,-2.775211965454047,0.5748275139625717,4.275211965454047
0.5736842105263158,3800.0,3.23313609939851,0.1038191729227126,0.012250011525767358,0.005369657832633466,10.016777053338744,3.9943162486535915,8.378743875755694,-1.7344587037682602,-2.187860879466278,0.7222069369826484,3.687860879466278
0.5736842105263158,3800.0,3.23313609939851,0.1028420587982661,0.011320989952491978,0.004812202044577764,10.005433005535512,3.995853801457044,8.378743875755694,-1.79601855845898,-1.9172879469659758,0.8048859229366448,3.417287946965976
0.5736842105263158,3800.0,3.23313609939851,0.10251407317499933,0.011009147443909259,0.0046250821580520315,10.001625175420253,3.9963699082268973,8.378743875755694,-1.824317792177709,-1.8308450983950388,0.8375025297226862,3.330845098395039
0.5736842105263158,3800.0,3.23313609939851,0.10241571451918187,0.010915629899861315,0.004568967318834162,10.000483256308106,3.9965246819869034,8.378743875755694,-1.8375487291350083,-1.821237251417041,0.848374401964472,3.321237251417041
0.5736842105263158,3800.0,3.23313609939851,0.10239141822771493,0.010892529446844972,0.004555105981690755,10.000201182510432,3.996562913786162,8.378743875755694,-1.841050795420118,-1.8102923553297283,0.8524459149860059,3.3102923553297283
0.5736842105263158,3800.0,3.23313609939851,0.10238635851143933,0.010887718764594989,0.004552219350484447,10.000142440484435,3.9965708755797227,8.378743875755694,-1.8404206415636766,-1.8111585347864874,0.8518700590450694,3.3111585347864874
0.5736842105263158,3800.0,3.23313609939851,0.10238309347262382,0.010884614427628307,0.004550356605140384,10.000104534209747,3.996576013331249,8.378743875755694,-1.841727608787516,-1.8066786462661653,0.8534457086899352,3.3066786462661653
0.5736842105263158,3800.0,3.23313609939851,0.10238310837378502,0.010884614427628307,0.004550356605140384,10.000104534209747,3.996576013331249,8.378743875755694,-1.8406850323899648,-1.8097414856481935,0.8522613846543277,3.3097414856481935
0.5736842105263158,3800.0,3.23313609939851,0.10238309347262382,0.0108846293287895,0.004550356605140384,10.000104534209747,3.996576013331249,8.378743875755694,-1.841727246479769,-1.8066811641861884,0.8534450905804353,3.3066811641861884
0.5736842105263158,3800.0,3.23313609939851,0.10238309347262382,0.010884614427628307,0.004550371506301578,10.000104534209747,3.996576013331249,8.378743875755694,-1.8406845673380339,-1.8097446556261723,0.8522606000668628,3.3097446556261723
0.5736842105263158,3800.0,3.23313609939851,0.10238309347262382,0.010884614427628307,0.004550356605140384,10.000104549110908,3.996576013331249,8.378743875755694,-1.8417276087428949,-1.806678650642851,0.8534457080359658,3.306678650642851
0.5736842105263158,3800.0,3.23313609939851,0.10238309347262382,0.010884614427628307,0.004550356605140384,10.000104534209747,3.9965760282324103,8.378743875755694,-1.8406854148548766,-1.809740073612431,0.8522618601056642,3.309740073612431
0.5736842105263158,3800.0,3.23313609939851,0.10238309347262382,0.010884614427628307,0.004550356605140384,10.000104534209747,3.996576013331249,8.378743875755694,-1.841727608787516,-1.8066786462661653,0.8534457086899352,3.3066786462661653
0.5736842105263158,3800.0,3.23313609939851,0.10238310837378502,0.010884614427628307,0.004550356605140384,10.000104534209747,3.996576013331249,8.378743875755694,-1.8406850323899648,-1.8097414856481935,0.8522613846543277,3.3097414856481935
0.5736842105263158,3800.0,3.23313609939851,0.10238309347262382,0.0108846293287895,0.004550356605140384,10.000104534209747,3.996576013331249,8.378743875755694,-1.841727246479769,-1.8066811641861884,0.8534450905804353,3.3066811641861884
0.5736842105263158,3800.0,3.23313609939851,0.10238309347262382,0.010884614427628307,0.004550371506301578,10.000104534209747,3.996576013331249,8.378743875755694,-1.8406845673380339,-1.8097446556261723,0.8522606000668628,3.3097446556261723
0.5736842105263158,3800.0,3.23313609939851,0.10238309347262382,0.010884614427628307,0.004550356605140384,10.000104549110908,3.996576013331249,8.378743875755694,-1.8417276087428949,-1.806678650642851,0.8534457080359658,3.306678650642851
0.5736842105263158,3800.0,3.23313609939851,0.10238309347262382,0.010884614427628307,0.004550356605140384,10.000104534209747,3.9965760282324103,8.378743875755694,-1.8406854148548766,-1.809740073612431,0.8522618601056642,3.309740073612431
0.5736842105263158,3800.0,3.23313609939851,0.11166711607000482,0.01971270486658503,0.009848628945968954,10.10791743538102,3.981965414717031,8.378743875755694,-1.6086443288562444,-3.767904800647811,0.4072898508964296,5.267904800647811
0.5736842105263158,3800.0,3.23313609939851,0.10628303502788182,0.014593032453902335,0.006776003113034534,10.045393524952766,3.9904385357362617,8.378743875755694,-1.6453482258913779,-2.757000809197537,0.5773073018505992,4.257000809197537
0.5736842105263158,3800.0,3.23313609939851,0.10379444247537754,0.012226653022057846,0.005355795336693612,10.016494157237483,3.9943549228968473,8.378743875755694,-1.7359748457232422,-2.1826331562777774,0.724039146091572,3.6826331562777774
0.5736842105263158,3800.0,3.23313609939851,0.10283317076831665,0.011312588727477403,0.0048072099315936085,10.005331162914167,3.9958677105838394,8.378743875755694,-1.7967797926676923,-1.916303275554228,0.8055727993915754,3.416303275554228
0.5736842105263158,3800.0,3.23313609939851,0.1025111826272545,0.01100641320929523,0.004623455438972533,10.001591999715616,3.9963744348446055,8.378743875755694,-1.8244946425944555,-1.8297401690268802,0.837786605277244,3.32974016902688
0.5736842105263158,3800.0,3.23313609939851,0.10241480389934697,0.010914767576442145,0.00456845333800169,10.000472779015976,3.9965261094978755,8.378743875755694,-1.837606875011141,-1.8208860456047957,0.8484660855386724,3.3208860456047957
0.5736842105263158,3800.0,3.23313609939851,0.10239108146082797,0.010892210131058783,0.004554915247314828,10.000197296605979,3.9965634423483416,8.378743875755694,-1.8410636502097089,-1.8101890014807367,0.8524698374948575,3.3101890014807367
0.5736842105263158,3800.0,3.23313609939851,0.10238554383089081,0.010886944450434895,0.004551754993101518,10.000132989572808,3.996572157114752,8.378743875755694,-1.840472288125355,-1.8108470292078693,0.8519514315257873,3.3108470292078693
0.5736842105263158,3800.0,3.23313609939851,0.1023833443937372,0.01088485302617314,0.004550499802593944,10.000107448090333,3.996575618447713,8.378743875755694,-1.841692761493129,-1.8068298015497941,0.8533991918382822,3.306829801549794
0.5736842105263158,3800.0,3.23313609939851,0.10238315459680386,0.010884672550040626,0.004550391487924119,10.000105244028697,3.9965759171379394,8.378743875755694,-1.8406660960214527,-1.809808877675016,0.8522382024549505,3.309808877675016
0.5736842105263158,3800.0,3.23313609939851,0.10238309958504183,0.010884620239869539,0.004550360093418758,10.000104605191643,3.996576003711918,8.378743875755694,-1.841712707259736,-1.8067235332735798,0.8534286234543854,3.30672353327358
0.6210526315789474,3800.0,3.23313609939851,0.1023929363460997,0.0107775486575126,0.0041075945594497,10.0,3.996910922043331,8.378743875755694,-1.9106193566628205,-1.726603776981928,0.8916447272168437,3.226603776981928
0.6210526315789474,3800.0,3.23313609939851,0.10239295124726089,0.0107775486575126,0.0041075945594497,10.0,3.996910922043331,8.378743875755694,-1.9119564715371493,-1.723629133217219,0.8928792515096902,3.223629133217219
0.6210526315789474,3800.0,3.23313609939851,0.1023929363460997,0.010777563558673793,0.0041075945594497,10.0,3.996910922043331,8.378743875755694,-1.910618783419249,-1.7266063519236372,0.8916440463192118,3.226606351923637
0.6210526315789474,3800.0,3.23313609939851,0.1023929363460997,0.0107775486575126,0.004107609460610894,10.0,3.996910922043331,8.378743875755694,-1.9119557140131613,-1.72363246428458,0.8928783600826287,3.22363246428458
0.6210526315789474,3800.0,3.23313609939851,0.1023929363460997,0.0107775486575126,0.0041075945594497,10.000000014901161,3.996910922043331,8.378743875755694,-1.9106193563228786,-1.726603781107162,0.8916447265099133,3.226603781107162
0.6210526315789474,3800.0,3.23313609939851,0.1023929363460997,0.0107775486575126,0.0041075945594497,10.0,3.9969109369444924,8.378743875755694,-1.9119569786846542,-1.7236277599978775,0.8928797483290681,3.2236277599978775
0.6210526315789474,3800.0,3.23313609939851,0.1023929363460997,0.0107775486575126,0.0041075945594497,10.0,3.996910922043331,8.378743875755694,-1.9106193566628205,-1.726603776981928,0.8916447272168437,3.226603776981928
0.6210526315789474,3800.0,3.23313609939851,0.10239295124726089,0.0107775486575126,0.0041075945594497,10.0,3.996910922043331,8.378743875755694,-1.9119564715371493,-1.723629133217219,0.8928792515096902,3.223629133217219
0.6210526315789474,3800.0,3.23313609939851,0.1023929363460997,0.010777563558673793,0.0041075945594497,10.0,3.996910922043331,8.378743875755694,-1.910618783419249,-1.7266063519236372,0.8916440463192118,3.226606351923637
0.6210526315789474,3800.0,3.23313609939851,0.1023929363460997,0.0107775486575126,0.004107609460610894,10.0,3.996910922043331,8.378743875755694,-1.9119557140131613,-1.72363246428458,0.8928783600826287,3.22363246428458
0.6210526315789474,3800.0,3.23313609939851,0.1023929363460997,0.0107775486575126,0.0041075945594497,10.000000014901161,3.996910922043331,8.378743875755694,-1.9106193563228786,-1.726603781107162,0.8916447265099133,3.226603781107162
0.6210526315789474,3800.0,3.23313609939851,0.1023929363460997,0.0107775486575126,0.0041075945594497,10.0,3.9969109369444924,8.378743875755694,-1.9119569786846542,-1.7236277599978775,0.8928797483290681,3.2236277599978775
0.6210526315789474,3800.0,3.23313609939851,0.1023929363460997,0.0107775486575126,0.0041075945594497,10.0,3.996910922043331,8.378743875755694,-1.9106193566628205,-1.726603776981928,0.8916447272168437,3.226603776981928
0.6684210526315789,3800.0,3.23313609939851,0.1023929363460997,0.0107775486575126,0.0041075945594497,10.0,3.996910922043331,8.378743875755694,-1.9437280971247881,-1.7236277538331009,0.89287974932157,3.223627753833101
0.6684210526315789,3800.0,3.23313609939851,0.10239295124726089,0.0107775486575126,0.0041075945594497,10.0,3.996910922043331,8.378743875755694,-1.9421825633392078,-1.7266051576394799,0.8916442300935324,3.22660515763948
0.6684210526315789,3800.0,3.23313609939851,0.1023929363460997,0.010777563558673793,0.0041075945594497,10.0,3.996910922043331,8.378743875755694,-1.9437273871598373,-1.7236303263998414,0.8928790674808228,3.2236303263998414
0.6684210526315789,3800.0,3.23313609939851,0.1023929363460997,0.0107775486575126,0.004107609460610894,10.0,3.996910922043331,8.378743875755694,-1.9421816326529606,-1.7266084917820503,0.8916433398994836,3.2266084917820503
0.6684210526315789,3800.0,3.23313609939851,0.1023929363460997,0.0107775486575126,0.0041075945594497,10.000000014901161,3.996910922043331,8.378743875755694,-1.9437280966107897,-1.7236277579545312,0.8928797486136606,3.223627757954531
0.6684210526315789,3800.0,3.23313609939851,0.1023929363460997,0.0107775486575126,0.0041075945594497,10.0,3.9969109369444924,8.378743875755694,-1.942183156444379,-1.7266037831523944,0.8916447262257148,3.2266037831523944
0.6684210526315789,3800.0,3.23313609939851,0.1023929363460997,0.0107775486575126,0.0041075945594497,10.0,3.996910922043331,8.378743875755694,-1.9437280971247881,-1.7236277538331009,0.89287974932157,3.223627753833101
0.6684210526315789,3800.0,3.23313609939851,0.10239295124726089,0.0107775486575126,0.0041075945594497,10.0,3.996910922043331,8.378743875755694,-1.9421825633392078,-1.7266051576394799,0.8916442300935324,3.22660515763948
0.6684210526315789,3800.0,3.23313609939851,0.1023929363460997,0.010777563558673793,0.0041075945594497,10.0,3.996910922043331,8.378743875755694,-1.9437273871598373,-1.7236303263998414,0.8928790674808228,3.2236303263998414
0.6684210526315789,3800.0,3.23313609939851,0.1023929363460997,0.0107775486575126,0.004107609460610894,10.0,3.996910922043331,8.378743875755694,-1.9421816326529606,-1.7266084917820503,0.8916433398994836,3.2266084917820503
0.6684210526315789,3800.0,3.23313609939851,0.1023929363460997,0.0107775486575126,0.0041075945594497,10.000000014901161,3.996910922043331,8.378743875755694,-1.9437280966107897,-1.7236277579545312,0.8928797486136606,3.223627757954531
0.6684210526315789,3800.0,3.23313609939851,0.1023929363460997,0.0107775486575126,0.0041075945594497,10.0,3.9969109369444924,8.378743875755694,-1.942183156444379,-1.7266037831523944,0.8916447262257148,3.2266037831523944
0.6684210526315789,3800.0,3.23313609939851,0.1023929363460997,0.0107775486575126,0.0041075945594497,10.0,3.996910922043331,8.378743875755694,-1.9437280971247881,-1.7236277538331009,0.89287974932157,3.223627753833101
0.6684210526315789,3800.0,3.23313609939851,0.09144,0.019644867116082737,0.0036000000000000003,10.109088473749406,3.6442038491545974,8.378743875755694,-2.021237769173555,-1.1666408659649994,0.993511209856536,2.6666408659649994
0.6684210526315789,3800.0,3.23313609939851,0.09691645693053044,0.01521121698855784,0.003853796758710074,10.054544348847351,3.820557023566722,8.378743875755694,-1.9438575057674439,-1.485030981090802,0.9155915996345659,2.985030981090802
0.6684210526315789,3800.0,3.23313609939851,0.09965469661954482,0.01299438283823131,0.003980695658210013,10.027272174610623,3.9087339722005856,8.378743875755694,-1.9385068188355432,-1.6072941242016592,0.9006946986765537,3.107294124201659
0.6684210526315789,3800.0,3.23313609939851,0.10102381724014928,0.011885965134752357,0.004044145143926844,10.013636079762525,3.952822471509446,8.378743875755694,-1.942653472624885,-1.6799009248279622,0.8963647501422002,3.179900924827962
0.6684210526315789,3800.0,3.23313609939851,0.10170837694899483,0.011331756769942393,0.004075869858911809,10.006818038328834,3.974866701795734,8.378743875755694,-1.9391530139515112,-1.6989965948322943,0.8923947750544312,3.1989965948322943
0.6684210526315789,3800.0,3.23313609939851,0.10205065731114517,0.011054652176489465,0.004091732239934032,10.00340901255515,3.9858888332887497,8.378743875755694,-1.9406104713780077,-1.702944722473109,0.8929190596126225,3.202944722473109
0.6684210526315789,3800.0,3.23313609939851,0.10222179728082152,0.01091610005090803,0.004099663420648237,10.001704501773787,3.9913998922277814,8.378743875755694,-1.943233570187425,-1.7222406202150728,0.8927063612164178,3.222240620215073
0.6684210526315789,3800.0,3.23313609939851,0.10230736688518989,0.010846824296139463,0.004103628993373135,10.000852250172487,3.994155409445386,8.378743875755694,-1.9441513103037429,-1.7174708212329883,0.8937247505453662,3.2174708212329883
0.6684210526315789,3800.0,3.23313609939851,0.10235015155425917,0.010812186526522828,0.0041056117735666095,10.00042612569763,3.9955331637676155,8.378743875755694,-1.9428510848741802,-1.724767910878903,0.8922307649346245,3.224767910878903
0.6684210526315789,3800.0,3.23313609939851,0.10237154407738612,0.01079486748903326,0.004106603172403325,10.000213061581869,3.99622204700179,8.378743875755694,-1.9442427450921103,-1.721328690184479,0.8934151991100137,3.221328690184479
0.6684210526315789,3800.0,3.23313609939851,0.10238224013709457,0.010786208133707006,0.0041070988624670665,10.000106531534414,3.996566482118731,8.378743875755694,-1.9426188721652948,-1.7240695013945513,0.8921538117203688,3.2240695013945513
0.6684210526315789,3800.0,3.23313609939851,0.10238225503825577,0.010786208133707006,0.0041070988624670665,10.000106531534414,3.996566482118731,8.378743875755694,-1.944164894593262,-1.721096858030644,0.8933891807331306,3.221096858030644
0.6684210526315789,3800.0,3.23313609939851,0.10238224013709457,0.0107862230348682,0.0041070988624670665,10.000106531534414,3.996566482118731,8.378743875755694,-1.9426181634111417,-1.7240720723864857,0.892153130775673,3.2240720723864857
0.6684210526315789,3800.0,3.23313609939851,0.10238224013709457,0.010786208133707006,0.00410711376362826,10.000106531534414,3.996566482118731,8.378743875755694,-1.9441639609053207,-1.7211001866374023,0.8933882892130983,3.2211001866374023
0.6684210526315789,3800.0,3.23313609939851,0.10238224013709457,0.010786208133707006,0.0041070988624670665,10.000106546435575,3.996566482118731,8.378743875755694,-1.9426188716497723,-1.7240695055388784,0.8921538110093477,3.2240695055388784
0.6684210526315789,3800.0,3.23313609939851,0.10238224013709457,0.010786208133707006,0.0041070988624670665,10.000106531534414,3.996566497019892,8.378743875755694,-1.9441654897014995,-1.7210954854844562,0.8933896779164584,3.2210954854844562
0.6684210526315789,3800.0,3.23313609939851,0.10238224013709457,0.010786208133707006,0.0041070988624670665,10.000106531534414,3.996566482118731,8.378743875755694,-1.9426188721652948,-1.7240695013945513,0.8921538117203688,3.2240695013945513
0.6684210526315789,3800.0,3.23313609939851,0.10238225503825577,0.010786208133707006,0.0041070988624670665,10.000106531534414,3.996566482118731,8.378743875755694,-1.944164894593262,-1.721096858030644,0.8933891807331306,3.221096858030644
0.6684210526315789,3800.0,3.23313609939851,0.10238224013709457,0.0107862230348682,0.0041070988624670665,10.000106531534414,3.996566482118731,8.378743875755694,-1.9426181634111417,-1.7240720723864857,0.892153130775673,3.2240720723864857
0.6684210526315789,3800.0,3.23313609939851,0.10238224013709457,0.010786208133707006,0.00410711376362826,10.000106531534414,3.996566482118731,8.378743875755694,-1.9441639609053207,-1.7211001866374023,0.8933882892130983,3.2211001866374023
0.6684210526315789,3800.0,3.23313609939851,0.10238224013709457,0.010786208133707006,0.0041070988624670665,10.000106546435575,3.996566482118731,8.378743875755694,-1.9426188716497723,-1.7240695055388784,0.8921538110093477,3.2240695055388784
0.6684210526315789,3800.0,3.23313609939851,0.10238224013709457,0.010786208133707006,0.0041070988624670665,10.000106531534414,3.996566497019892,8.378743875755694,-1.9441654897014995,-1.7210954854844562,0.8933896779164584,3.2210954854844562
0.6684210526315789,3800.0,3.23313609939851,0.11176,0.019799999270333796,0.0099,10.12529983403395,3.9814259074369356,8.378743875755694,-1.47096120089522,-3.7937177537031017,0.40497638487152526,5.293717753703102
0.6684210526315789,3800.0,3.23313609939851,0.106062415494797,0.014323548874506594,0.0063804447710442205,10.04923695431594,3.990624767822356,8.378743875755694,-1.6037067743627271,-2.619770843650093,0.5981922785857038,4.119770843650093
0.6684210526315789,3800.0,3.23313609939851,0.10360744255204553,0.011963858108744556,0.004863940215523273,10.016463010992249,3.994588369122123,8.378743875755694,-1.786871103631792,-2.0667935936561963,0.763598413201541,3.5667935936561963
0.6684210526315789,3800.0,3.23313609939851,0.10274413542125861,0.011134057572429381,0.004330651569504732,10.004937841617616,3.995982195182727,8.378743875755694,-1.8863958599478625,-1.8146296023582225,0.8488922019196652,3.3146296023582225
0.6684210526315789,3800.0,3.23313609939851,0.10248022763105993,0.01088039254635112,0.00416762844240452,10.001414666755673,3.996408279414465,8.378743875755694,-1.9271082851503394,-1.7527281002229849,0.8798703531984456,3.252728100222985
0.6684210526315789,3800.0,3.23313609939851,0.10240854364878467,0.010811490755996384,0.0041233472677384975,10.000457683999816,3.996524014590349,8.378743875755694,-1.9392815011969904,-1.734986954643957,0.8890601524251542,3.234986954643957
0.6684210526315789,3800.0,3.23313609939851,0.10239001558710435,0.010793681803688542,0.004111901972577048,10.000210333964779,3.9965539285042984,8.378743875755694,-1.9435767536002508,-1.7235421771337665,0.8927945363093474,3.2235421771337665
0.6684210526315789,3800.0,3.23313609939851,0.10239003048826555,0.010793681803688542,0.004111901972577048,10.000210333964779,3.9965539285042984,8.378743875755694,-1.9420309603127601,-1.7265203482868063,0.8915587842654273,3.2265203482868063
0.6684210526315789,3800.0,3.23313609939851,0.10239001558710435,0.010793696704849736,0.004111901972577048,10.000210333964779,3.9965539285042984,8.378743875755694,-1.943576044652755,-1.7235447453607207,0.8927938555076931,3.2235447453607207
0.6684210526315789,3800.0,3.23313609939851,0.10239001558710435,0.010793681803688542,0.004111916873738242,10.000210333964779,3.9965539285042984,8.378743875755694,-1.9420300317866117,-1.7265236783925437,0.891557895786379,3.2265236783925437
0.6684210526315789,3800.0,3.23313609939851,0.10239001558710435,0.010793681803688542,0.004111901972577048,10.00021034886594,3.9965539285042984,8.378743875755694,-1.9435767530838564,-1.723542181276792,0.892794535597912,3.223542181276792
0.6684210526315789,3800.0,3.23313609939851,0.10239001558710435,0.010793681803688542,0.004111901972577048,10.000210333964779,3.9965539434054596,8.378743875755694,-1.9420315533795822,-1.7265189735151778,0.8915592804009508,3.226518973515178
0.6684210526315789,3800.0,3.23313609939851,0.10239001558710435,0.010793681803688542,0.004111901972577048,10.000210333964779,3.9965539285042984,8.378743875755694,-1.9435767536002508,-1.7235421771337665,0.8927945363093474,3.2235421771337665
0.6684210526315789,3800.0,3.23313609939851,0.10239003048826555,0.010793681803688542,0.004111901972577048,10.000210333964779,3.9965539285042984,8.378743875755694,-1.9420309603127601,-1.7265203482868063,0.8915587842654273,3.2265203482868063
0.6684210526315789,3800.0,3.23313609939851,0.10239001558710435,0.010793696704849736,0.004111901972577048,10.000210333964779,3.9965539285042984,8.378743875755694,-1.943576044652755,-1.7235447453607207,0.8927938555076931,3.2235447453607207
0.6684210526315789,3800.0,3.23313609939851,0.10239001558710435,0.010793681803688542,0.004111916873738242,10.000210333964779,3.9965539285042984,8.378743875755694,-1.9420300317866117,-1.7265236783925437,0.891557895786379,3.2265236783925437
0.6684210526315789,3800.0,3.23313609939851,0.10239001558710435,0.010793681803688542,0.004111901972577048,10.00021034886594,3.9965539285042984,8.378743875755694,-1.9435767530838564,-1.723542181276792,0.892794535597912,3.223542181276792
0.6684210526315789,3800.0,3.23313609939851,0.10239001558710435,0.010793681803688542,0.004111901972577048,10.000210333964779,3.9965539434054596,8.378743875755694,-1.9420315533795822,-1.7265189735151778,0.8915592804009508,3.226518973515178
0.6684210526315789,3800.0,3.23313609939851,0.11174807733636678,0.019789269303397555,0.009890855796900785,10.017790662862021,3.9813869701787787,8.378743875755694,-1.470912870309511,-3.774608611607002,0.40675917407117396,5.274608611607002
0.6684210526315789,3800.0,3.23313609939851,0.10605755508216809,0.014319163182253366,0.006376745052131146,10.007100281081437,3.9906098109969297,8.378743875755694,-1.6076900419702624,-2.6303280594460325,0.5996472735508774,4.1303280594460325
0.6684210526315789,3800.0,3.23313609939851,0.10361246410698502,0.011968780122028138,0.004866809744964861,10.00250686155941,3.994572660774623,8.378743875755694,-1.7874465805684927,-2.071176314807264,0.7635375756449003,3.571176314807264
0.6684210526315789,3800.0,3.23313609939851,0.10275011163955032,0.011139829930818908,0.004334274779592402,10.000886820956019,3.9959703074546655,8.378743875755694,-1.8858183231524708,-1.815869815991856,0.8484184069077501,3.315869815991856
0.6684210526315789,3800.0,3.23313609939851,0.10248599891070413,0.010885947318609167,0.004171175271883068,10.000390651047818,3.9963983647659957,8.378743875755694,-1.9243330971515635,-1.7450811404215618,0.8788843038272071,3.245081140421562
0.6684210526315789,3800.0,3.23313609939851,0.10241292609805766,0.010815704901148849,0.0041260500716640515,10.000253374321698,3.9965167965880792,8.378743875755694,-1.9388541154528163,-1.7365060694475827,0.8886524973001932,3.2365060694475827
0.6684210526315789,3800.0,3.23313609939851,0.10239540486140127,0.010798862330361344,0.004115230051418899,10.000220458413324,3.996545193907236,8.378743875755694,-1.9429874601239265,-1.725575491096213,0.8922382618343263,3.225575491096213
0.6684210526315789,3800.0,3.23313609939851,0.10239170282947918,0.010795303692582059,0.0041129439079730535,10.000213503667723,3.996551193927901,8.378743875755694,-1.9410235392893167,-1.7287477724584837,0.8907262470333313,3.2287477724584837
0.6684210526315789,3800.0,3.23313609939851,0.10239018431134184,0.010793843992577894,0.004112006166116649,10.000210650935072,3.9965536550466587,8.378743875755694,-1.9427919582876956,-1.7250811104346706,0.8921645943328905,3.2250811104346706
0.6684210526315789,3800.0,3.23313609939851,0.1023900324595281,0.010793698022577477,0.004111912391931008,10.000210365661808,3.9965539011585345,8.378743875755694,-1.9412712674053796,-1.727989736362189,0.8909509191126195,3.227989736362189
0.6684210526315789,3800.0,3.23313609939851,0.10239001727434673,0.010793683425577436,0.004111903014512443,10.000210337134481,3.996553925769722,8.378743875755694,-1.9428167994777363,-1.725005379472774,0.892187096817378,3.225005379472774
0.7157894736842105,3800.0,3.23313609939851,0.1023929363460997,0.0107775486575126,0.0041075945594497,10.0,3.996910922043331,8.378743875755694,-1.9739647021702829,-1.7262335033878968,0.8917982322111752,3.226233503387897
0.7157894736842105,3800.0,3.23313609939851,0.10239295124726089,0.0107775486575126,0.0041075945594497,10.0,3.996910922043331,8.378743875755694,-1.975716791955206,-1.7232590302680388,0.8930330399860199,3.223259030268039
0.7157894736842105,3800.0,3.23313609939851,0.1023929363460997,0.010777563558673793,0.0041075945594497,10.0,3.996910922043331,8.378743875755694,-1.9739638590307416,-1.7262360780341148,0.8917975511963204,3.226236078034115
0.7157894736842105,3800.0,3.23313609939851,0.1023929363460997,0.0107775486575126,0.004107609460610894,10.0,3.996910922043331,8.378743875755694,-1.9757156828447482,-1.7232623609529605,0.8930321484054202,3.2232623609529605
0.7157894736842105,3800.0,3.23313609939851,0.1023929363460997,0.0107775486575126,0.0041075945594497,10.000000014901161,3.996910922043331,8.378743875755694,-1.9739647014863002,-1.7262335075126587,0.8917982315041233,3.2262335075126587
0.7157894736842105,3800.0,3.23313609939851,0.1023929363460997,0.0107775486575126,0.0041075945594497,10.0,3.9969109369444924,8.378743875755694,-1.975717473806121,-1.723257657206355,0.8930335368909696,3.223257657206355
0.7157894736842105,3800.0,3.23313609939851,0.1023929363460997,0.0107775486575126,0.0041075945594497,10.0,3.996910922043331,8.378743875755694,-1.9739647021702829,-1.7262335033878968,0.8917982322111752,3.226233503387897
0.7157894736842105,3800.0,3.23313609939851,0.10239295124726089,0.0107775486575126,0.0041075945594497,10.0,3.996910922043331,8.378743875755694,-1.975716791955206,-1.7232590302680388,0.8930330399860199,3.223259030268039
0.7157894736842105,3800.0,3.23313609939851,0.1023929363460997,0.010777563558673793,0.0041075945594497,10.0,3.996910922043331,8.378743875755694,-1.9739638590307416,-1.7262360780341148,0.8917975511963204,3.226236078034115
0.7157894736842105,3800.0,3.23313609939851,0.1023929363460997,0.0107775486575126,0.004107609460610894,10.0,3.996910922043331,8.378743875755694,-1.9757156828447482,-1.7232623609529605,0.8930321484054202,3.2232623609529605
0.7157894736842105,3800.0,3.23313609939851,0.1023929363460997,0.0107775486575126,0.0041075945594497,10.000000014901161,3.996910922043331,8.378743875755694,-1.9739647014863002,-1.7262335075126587,0.8917982315041233,3.2262335075126587
0.7157894736842105,3800.0,3.23313609939851,0.1023929363460997,0.0107775486575126,0.0041075945594497,10.0,3.9969109369444924,8.378743875755694,-1.975717473806121,-1.723257657206355,0.8930335368909696,3.223257657206355
0.7157894736842105,3800.0,3.23313609939851,0.1023929363460997,0.0107775486575126,0.0041075945594497,10.0,3.996910922043331,8.378743875755694,-1.9739647021702829,-1.7262335033878968,0.8917982322111752,3.226233503387897
0.7631578947368421,3800.0,3.23313609939851,0.1023929363460997,0.0107775486575126,0.0041075945594497,10.0,3.996910922043331,8.378743875755694,-2.007514397983609,-1.7232576510422861,0.8930335378836424,3.223257651042286
0.7631578947368421,3800.0,3.23313609939851,0.10239295124726089,0.0107775486575126,0.0041075945594497,10.0,3.996910922043331,8.378743875755694,-2.005553510144734,-1.7262348838870096,0.8917977350022794,3.2262348838870096
0.7631578947368421,3800.0,3.23313609939851,0.1023929363460997,0.010777563558673793,0.0041075945594497,10.0,3.996910922043331,8.378743875755694,-2.00751341800294,-1.7232602233136713,0.893032855925456,3.2232602233136713
0.7631578947368421,3800.0,3.23313609939851,0.1023929363460997,0.0107775486575126,0.004107609460610894,10.0,3.996910922043331,8.378743875755694,-2.005552228011519,-1.7262382176469666,0.8917968446549753,3.2262382176469666
0.7631578947368421,3800.0,3.23313609939851,0.1023929363460997,0.0107775486575126,0.0041075945594497,10.000000014901161,3.996910922043331,8.378743875755694,-2.0075143971255076,-1.723257655163244,0.893033537175611,3.223257655163244
0.7631578947368421,3800.0,3.23313609939851,0.1023929363460997,0.0107775486575126,0.0041075945594497,10.0,3.9969109369444924,8.378743875755694,-2.0055542778571747,-1.7262335095576558,0.8917982312198758,3.2262335095576558
0.7631578947368421,3800.0,3.23313609939851,0.1023929363460997,0.0107775486575126,0.0041075945594497,10.0,3.996910922043331,8.378743875755694,-2.007514397983609,-1.7232576510422861,0.8930335378836424,3.223257651042286
0.7631578947368421,3800.0,3.23313609939851,0.10239295124726089,0.0107775486575126,0.0041075945594497,10.0,3.996910922043331,8.378743875755694,-2.005553510144734,-1.7262348838870096,0.8917977350022794,3.2262348838870096
0.7631578947368421,3800.0,3.23313609939851,0.1023929363460997,0.010777563558673793,0.0041075945594497,10.0,3.996910922043331,8.378743875755694,-2.00751341800294,-1.7232602233136713,0.893032855925456,3.2232602233136713
0.7631578947368421,3800.0,3.23313609939851,0.1023929363460997,0.0107775486575126,0.004107609460610894,10.0,3.996910922043331,8.378743875755694,-2.005552228011519,-1.7262382176469666,0.8917968446549753,3.2262382176469666
0.7631578947368421,3800.0,3.23313609939851,0.1023929363460997,0.0107775486575126,0.0041075945594497,10.000000014901161,3.996910922043331,8.378743875755694,-2.0075143971255076,-1.723257655163244,0.893033537175611,3.223257655163244
0.7631578947368421,3800.0,3.23313609939851,0.1023929363460997,0.0107775486575126,0.0041075945594497,10.0,3.9969109369444924,8.378743875755694,-2.0055542778571747,-1.7262335095576558,0.8917982312198758,3.2262335095576558
0.7631578947368421,3800.0,3.23313609939851,0.1023929363460997,0.0107775486575126,0.0041075945594497,10.0,3.996910922043331,8.378743875755694,-2.007514397983609,-1.7232576510422861,0.8930335378836424,3.223257651042286
0.8105263157894737,3800.0,3.23313609939851,0.1023929363460997,0.0107775486575126,0.0041075945594497,10.0,3.996910922043331,8.378743875755694,-2.0371438558589703,-1.7262335033878968,0.8917982322111752,3.226233503387897
0.8105263157894737,3800.0,3.23313609939851,0.10239295124726089,0.0107775486575126,0.0041075945594497,10.0,3.996910922043331,8.378743875755694,-2.039310463442177,-1.7232590302680388,0.8930330399860199,3.223259030268039
0.8105263157894737,3800.0,3.23313609939851,0.1023929363460997,0.010777563558673793,0.0041075945594497,10.0,3.996910922043331,8.378743875755694,-2.037142743052019,-1.7262360780341148,0.8917975511963204,3.226236078034115
0.8105263157894737,3800.0,3.23313609939851,0.1023929363460997,0.0107775486575126,0.004107609460610894,10.0,3.996910922043331,8.378743875755694,-2.0393090030438095,-1.7232623609529605,0.8930321484054202,3.2232623609529605
0.8105263157894737,3800.0,3.23313609939851,0.1023929363460997,0.0107775486575126,0.0041075945594497,10.000000014901161,3.996910922043331,8.378743875755694,-2.0371438548312124,-1.7262335075126587,0.8917982315041233,3.2262335075126587
0.8105263157894737,3800.0,3.23313609939851,0.1023929363460997,0.0107775486575126,0.0041075945594497,10.0,3.9969109369444924,8.378743875755694,-2.0393113198398587,-1.723257657206355,0.8930335368909696,3.223257657206355
0.8105263157894737,3800.0,3.23313609939851,0.1023929363460997,0.0107775486575126,0.0041075945594497,10.0,3.996910922043331,8.378743875755694,-2.0371438558589703,-1.7262335033878968,0.8917982322111752,3.226233503387897
0.8105263157894737,3800.0,3.23313609939851,0.10239295124726089,0.0107775486575126,0.0041075945594497,10.0,3.996910922043331,8.378743875755694,-2.039310463442177,-1.7232590302680388,0.8930330399860199,3.223259030268039
0.8105263157894737,3800.0,3.23313609939851,0.1023929363460997,0.010777563558673793,0.0041075945594497,10.0,3.996910922043331,8.378743875755694,-2.037142743052019,-1.7262360780341148,0.8917975511963204,3.226236078034115
0.8105263157894737,3800.0,3.23313609939851,0.1023929363460997,0.0107775486575126,0.004107609460610894,10.0,3.996910922043331,8.378743875755694,-2.0393090030438095,-1.7232623609529605,0.8930321484054202,3.2232623609529605
0.8105263157894737,3800.0,3.23313609939851,0.1023929363460997,0.0107775486575126,0.0041075945594497,10.000000014901161,3.996910922043331,8.378743875755694,-2.0371438548312124,-1.7262335075126587,0.8917982315041233,3.2262335075126587
0.8105263157894737,3800.0,3.23313609939851,0.1023929363460997,0.0107775486575126,0.0041075945594497,10.0,3.9969109369444924,8.378743875755694,-2.0393113198398587,-1.723257657206355,0.8930335368909696,3.223257657206355
0.8105263157894737,3800.0,3.23313609939851,0.1023929363460997,0.0107775486575126,0.0041075945594497,10.0,3.996910922043331,8.378743875755694,-2.0371438558589703,-1.7262335033878968,0.8917982322111752,3.226233503387897
0.8578947368421053,3800.0,3.23313609939851,0.1023929363460997,0.0107775486575126,0.0041075945594497,10.0,3.996910922043331,8.378743875755694,-2.071108244516388,-1.7232576510422861,0.8930335378836424,3.223257651042286
0.8578947368421053,3800.0,3.23313609939851,0.10239295124726089,0.0107775486575126,0.0041075945594497,10.0,3.996910922043331,8.378743875755694,-2.068732488889944,-1.7262348838870096,0.8917977350022794,3.2262348838870096
0.8578947368421053,3800.0,3.23313609939851,0.1023929363460997,0.010777563558673793,0.0041075945594497,10.0,3.996910922043331,8.378743875755694,-2.0711069947558696,-1.7232602233136713,0.893032855925456,3.2232602233136713
0.8578947368421053,3800.0,3.23313609939851,0.1023929363460997,0.0107775486575126,0.004107609460610894,10.0,3.996910922043331,8.378743875755694,-2.0687308556171295,-1.7262382176469666,0.8917968446549753,3.2262382176469666
0.8578947368421053,3800.0,3.23313609939851,0.1023929363460997,0.0107775486575126,0.0041075945594497,10.000000014901161,3.996910922043331,8.378743875755694,-2.0711082433144536,-1.723257655163244,0.893033537175611,3.223257655163244
0.8578947368421053,3800.0,3.23313609939851,0.1023929363460997,0.0107775486575126,0.0041075945594497,10.0,3.9969109369444924,8.378743875755694,-2.068733431046886,-1.7262335095576558,0.8917982312198758,3.2262335095576558
0.8578947368421053,3800.0,3.23313609939851,0.1023929363460997,0.0107775486575126,0.0041075945594497,10.0,3.996910922043331,8.378743875755694,-2.071108244516388,-1.7232576510422861,0.8930335378836424,3.223257651042286
0.8578947368421053,3800.0,3.23313609939851,0.10239295124726089,0.0107775486575126,0.0041075945594497,10.0,3.996910922043331,8.378743875755694,-2.068732488889944,-1.7262348838870096,0.8917977350022794,3.2262348838870096
0.8578947368421053,3800.0,3.23313609939851,0.1023929363460997,0.010777563558673793,0.0041075945594497,10.0,3.996910922043331,8.378743875755694,-2.0711069947558696,-1.7232602233136713,0.893032855925456,3.2232602233136713
0.8578947368421053,3800.0,3.23313609939851,0.1023929363460997,0.0107775486575126,0.004107609460610894,10.0,3.996910922043331,8.378743875755694,-2.0687308556171295,-1.7262382176469666,0.8917968446549753,3.2262382176469666
0.8578947368421053,3800.0,3.23313609939851,0.1023929363460997,0.0107775486575126,0.0041075945594497,10.000000014901161,3.996910922043331,8.378743875755694,-2.0711082433144536,-1.723257655163244,0.893033537175611,3.223257655163244
0.8578947368421053,3800.0,3.23313609939851,0.1023929363460997,0.0107775486575126,0.0041075945594497,10.0,3.9969109369444924,8.378743875755694,-2.068733431046886,-1.7262335095576558,0.8917982312198758,3.2262335095576558
0.8578947368421053,3800.0,3.23313609939851,0.1023929363460997,0.0107775486575126,0.0041075945594497,10.0,3.996910922043331,8.378743875755694,-2.071108244516388,-1.7232576510422861,0.8930335378836424,3.223257651042286
0.8578947368421053,3800.0,3.23313609939851,0.09144,0.019163468527947175,0.0036000000000000003,10.140034256806489,3.6,8.378743875755694,-2.272632033189982,-1.1322730018177287,1.0085803396284614,2.6322730018177287
0.8578947368421053,3800.0,3.23313609939851,0.0969164512155029,0.014970521575972503,0.0038537964938571796,10.070017345206978,3.7984548465165338,8.378743875755694,-2.1168983564411694,-1.4731109910187459,0.9229578351678702,2.973110991018746
0.8578947368421053,3800.0,3.23313609939851,0.09965468992772436,0.01287403806678201,0.00398069534808937,10.035008721865417,3.897682744652688,8.378743875755694,-2.089502567705949,-1.5991042645926878,0.9058040366640656,3.099104264592688
0.8578947368421053,3800.0,3.23313609939851,0.10102381158909483,0.011825794547205866,0.004044144882038671,10.017504380721688,3.947296777258434,8.378743875755694,-2.0786905828770683,-1.6709961475241388,0.8983320138568922,3.170996147524139
0.8578947368421053,3800.0,3.23313609939851,0.10170837332957045,0.011301672090853053,0.004075869691175956,10.008752198518073,3.9721038265301596,8.378743875755694,-2.0691820186046246,-1.6953651965743957,0.8929914817779561,3.1953651965743957
0.8578947368421053,3800.0,3.23313609939851,0.1020506549999199,0.011039610250085471,0.004091732132824364,10.004376097186768,3.984507380160352,8.378743875755694,-2.069248080559614,-1.7020874002966515,0.892810306257696,3.2020874002966515
0.8578947368421053,3800.0,3.23313609939851,0.1022217958295357,0.010908579333957785,0.004099663353390949,10.002188046592186,3.9907091567740043,8.378743875755694,-2.0694245890779674,-1.7228043126272121,0.89223893410062,3.222804312627212
0.8578947368421053,3800.0,3.23313609939851,0.10230736622949095,0.0108430638872656,0.0041036289629859226,10.001094021484787,3.9938100445426024,8.378743875755694,-2.070896397741059,-1.7187511616064022,0.893074486883693,3.218751161606402
0.8578947368421053,3800.0,3.23313609939851,0.10235015130562145,0.010810306258740843,0.004105611762043932,10.000547010514486,3.9953604839389474,8.378743875755694,-2.072856710399876,-1.7204615188438313,0.893962204495636,3.2204615188438313
0.8578947368421053,3800.0,3.23313609939851,0.10237154367873251,0.010793927570772691,0.004106603153928425,10.000273507138289,3.996135697659534,8.378743875755694,-2.0702574041256847,-1.7231513936601996,0.8926280916979168,3.2231513936601996
0.8578947368421053,3800.0,3.23313609939851,0.10238224008401076,0.010785738059327483,0.00410709886000699,10.0001367526538,3.996523312445869,8.378743875755694,-2.072524987590299,-1.720035042300084,0.8938163264204175,3.220035042300084
0.8578947368421053,3800.0,3.23313609939851,0.10238225498517195,0.010785738059327483,0.00410709886000699,10.0001367526538,3.996523312445869,8.378743875755694,-2.070146290945714,-1.7230099126488292,0.8925791852677589,3.223009912648829
0.8578947368421053,3800.0,3.23313609939851,0.10238224008401076,0.010785752960488677,0.00410709886000699,10.0001367526538,3.996523312445869,8.378743875755694,-2.072523736969095,-1.7200376101481014,0.8938156441887937,3.2200376101481014
0.8578947368421053,3800.0,3.23313609939851,0.10238224008401076,0.010785738059327483,0.004107113761168184,10.0001367526538,3.996523312445869,8.378743875755694,-2.0701446566446378,-1.7230132433410983,0.8925782945235604,3.2230132433410983
0.8578947368421053,3800.0,3.23313609939851,0.10238224008401076,0.010785738059327483,0.00410709886000699,10.000136767554961,3.996523312445869,8.378743875755694,-2.072524986380601,-1.7200350464392136,0.8938163257080803,3.2200350464392136
0.8578947368421053,3800.0,3.23313609939851,0.10238224008401076,0.010785738059327483,0.00410709886000699,10.0001367526538,3.99652332734703,8.378743875755694,-2.0701472342387297,-1.7230085392873469,0.8925796820005596,3.223008539287347
0.8578947368421053,3800.0,3.23313609939851,0.10238224008401076,0.010785738059327483,0.00410709886000699,10.0001367526538,3.996523312445869,8.378743875755694,-2.072524987590299,-1.720035042300084,0.8938163264204175,3.220035042300084
0.8578947368421053,3800.0,3.23313609939851,0.10238225498517195,0.010785738059327483,0.00410709886000699,10.0001367526538,3.996523312445869,8.378743875755694,-2.070146290945714,-1.7230099126488292,0.8925791852677589,3.223009912648829
0.8578947368421053,3800.0,3.23313609939851,0.10238224008401076,0.010785752960488677,0.00410709886000699,10.0001367526538,3.996523312445869,8.378743875755694,-2.072523736969095,-1.7200376101481014,0.8938156441887937,3.2200376101481014
0.8578947368421053,3800.0,3.23313609939851,0.10238224008401076,0.010785738059327483,0.004107113761168184,10.0001367526538,3.996523312445869,8.378743875755694,-2.0701446566446378,-1.7230132433410983,0.8925782945235604,3.2230132433410983
0.8578947368421053,3800.0,3.23313609939851,0.10238224008401076,0.010785738059327483,0.00410709886000699,10.000136767554961,3.996523312445869,8.378743875755694,-2.072524986380601,-1.7200350464392136,0.8938163257080803,3.2200350464392136
0.8578947368421053,3800.0,3.23313609939851,0.10238224008401076,0.010785738059327483,0.00410709886000699,10.0001367526538,3.99652332734703,8.378743875755694,-2.0701472342387297,-1.7230085392873469,0.8925796820005596,3.223008539287347
0.8578947368421053,3800.0,3.23313609939851,0.09144,0.0198,0.0036000000000000003,11.0,3.6,8.378743875755694,-2.1389640087314623,-1.3310206974284489,0.9380604619237288,2.831020697428449
0.8578947368421053,3800.0,3.23313609939851,0.09691111445829924,0.015292873629543596,0.0038535491712364607,10.500068886546243,3.7982614538813997,8.378743875755694,-2.0585395105052893,-1.5785060469643062,0.8915793299429386,3.078506046964306
0.8578947368421053,3800.0,3.23313609939851,0.09964667844652875,0.013039304876157863,0.003980324070092353,10.25010271219852,3.897392425756658,8.378743875755694,-2.0616366035868237,-1.6451754485195589,0.8909557554298347,3.145175448519559
0.8578947368421053,3800.0,3.23313609939851,0.10101446018035598,0.011912520713890904,0.004043711507457733,10.125119648808813,3.9469579022620263,8.378743875755694,-2.0596659322476483,-1.691227322836618,0.8885502547889945,3.191227322836618
0.8578947368421053,3800.0,3.23313609939851,0.10169835121288863,0.011349128496319801,0.004075405233815744,10.062628101980277,3.9717406465163885,8.378743875755694,-2.0654706055135845,-1.705792632228544,0.8908779468853588,3.205792632228544
0.8578947368421053,3800.0,3.23313609939851,0.10204029624131647,0.011067432789417582,0.004091252074386735,10.031382373142968,3.984132000965349,8.378743875755694,-2.0644460341596056,-1.7078658262349782,0.8903199951976704,3.207865826234978
0.8578947368421053,3800.0,3.23313609939851,0.10221126884163624,0.010926584865032118,0.004099175498662654,10.015759500856264,3.990327681310121,8.378743875755694,-2.070598119618873,-1.7200320298489862,0.8928906004087765,3.220032029848986
0.8578947368421053,3800.0,3.23313609939851,0.10229675462476197,0.010856161328774233,0.004103137186839575,10.007948111957667,3.9934255027462977,8.378743875755694,-2.068710462457431,-1.7232992725263938,0.8918801333734306,3.223299272526394
0.8578947368421053,3800.0,3.23313609939851,0.10233949767496613,0.01082094942995594,0.004105118038279988,10.004042403012287,3.9949744192132064,8.378743875755694,-2.071147895413734,-1.7236374387974531,0.8930405600669955,3.223637438797453
0.8578947368421053,3800.0,3.23313609939851,0.10236086899522207,0.010803343649299883,0.00410610845450696,10.002089567257714,3.995748870023476,8.378743875755694,-2.0687917625250622,-1.725648977798711,0.891844772600579,3.225648977798711
0.8578947368421053,3800.0,3.23313609939851,0.10237155485335671,0.010794540595853146,0.004106603671796717,10.001113131287276,3.996136102603948,8.378743875755694,-2.0711764212040285,-1.722191154261468,0.8931000752985195,3.222191154261468
0.8578947368421053,3800.0,3.23313609939851,0.1023715697545179,0.010794540595853146,0.004106603671796717,10.001113131287276,3.996136102603948,8.378743875755694,-2.068800535310528,-1.7251672438680932,0.8918642460370116,3.225167243868093
0.8578947368421053,3800.0,3.23313609939851,0.10237155485335671,0.01079455549701434,0.004106603671796717,10.001113131287276,3.996136102603948,8.378743875755694,-2.0711751723238025,-1.7221937227666224,0.8930993938825867,3.2221937227666224
0.8578947368421053,3800.0,3.23313609939851,0.10237155485335671,0.010794540595853146,0.0041066185729579105,10.001113131287276,3.996136102603948,8.378743875755694,-2.0687989038766395,-1.7251705743348844,0.8918633566775812,3.2251705743348844
0.8578947368421053,3800.0,3.23313609939851,0.10237155485335671,0.010794540595853146,0.004106603671796717,10.001113146188437,3.996136102603948,8.378743875755694,-2.0711764199954383,-1.7221911584028446,0.8931000745866438,3.2221911584028446
0.8578947368421053,3800.0,3.23313609939851,0.10237155485335671,0.010794540595853146,0.004106603671796717,10.001113131287276,3.996136117505109,8.378743875755694,-2.0688014777862485,-1.7251658694771956,0.891864742409724,3.2251658694771956
0.8578947368421053,3800.0,3.23313609939851,0.10237155485335671,0.010794540595853146,0.004106603671796717,10.001113131287276,3.996136102603948,8.378743875755694,-2.0711764212040285,-1.722191154261468,0.8931000752985195,3.222191154261468
0.8578947368421053,3800.0,3.23313609939851,0.1023715697545179,0.010794540595853146,0.004106603671796717,10.001113131287276,3.996136102603948,8.378743875755694,-2.068800535310528,-1.7251672438680932,0.8918642460370116,3.225167243868093
0.8578947368421053,3800.0,3.23313609939851,0.10237155485335671,0.01079455549701434,0.004106603671796717,10.001113131287276,3.996136102603948,8.378743875755694,-2.0711751723238025,-1.7221937227666224,0.8930993938825867,3.2221937227666224
0.8578947368421053,3800.0,3.23313609939851,0.10237155485335671,0.010794540595853146,0.0041066185729579105,10.001113131287276,3.996136102603948,8.378743875755694,-2.0687989038766395,-1.7251705743348844,0.8918633566775812,3.2251705743348844
0.8578947368421053,3800.0,3.23313609939851,0.10237155485335671,0.010794540595853146,0.004106603671796717,10.001113146188437,3.996136102603948,8.378743875755694,-2.0711764199954383,-1.7221911584028446,0.8931000745866438,3.2221911584028446
0.8578947368421053,3800.0,3.23313609939851,0.10237155485335671,0.010794540595853146,0.004106603671796717,10.001113131287276,3.996136117505109,8.378743875755694,-2.0688014777862485,-1.7251658694771956,0.891864742409724,3.2251658694771956
0.8578947368421053,3800.0,3.23313609939851,0.11175999998823287,0.01979999997704029,0.009899999980326268,10.99999999965079,3.980922967246968,8.378743875755694,-1.1782943506868722,-4.079801326604529,0.38941393984916456,5.579801326604529
0.8578947368421053,3800.0,3.23313609939851,0.10585095827004637,0.014132007630023109,0.00625366451313388,10.371305461618904,3.9904980406693893,8.378743875755694,-1.5239693552537932,-2.655023723332831,0.6006318062540977,4.155023723332831
0.8578947368421053,3800.0,3.23313609939851,0.10347446857143047,0.011852462812618427,0.004787186683266746,10.118458017910656,3.9943489296014882,8.378743875755694,-1.839195852011685,-2.0402047902425045,0.7715653991298358,3.5402047902425045
0.8578947368421053,3800.0,3.23313609939851,0.10268272979076928,0.011093021677550314,0.0042986226597988945,10.03422069641439,3.995631871458689,8.378743875755694,-1.9937554691422117,-1.8004523570719906,0.8534220393950568,3.3004523570719906
0.8578947368421053,3800.0,3.23313609939851,0.10245286957466129,0.010872538220516327,0.00415678113989365,10.009764639193953,3.996004339373301,8.378743875755694,-2.0486955903085335,-1.7482649365889649,0.8814726340124612,3.248264936588965
0.8578947368421053,3800.0,3.23313609939851,0.1023917325884612,0.010813895214352524,0.004119054893952194,10.003259948394863,3.996103406389513,8.378743875755694,-2.064504913408452,-1.733753497446882,0.8895283275455501,3.233753497446882
0.8578947368421053,3800.0,3.23313609939851,0.10237611205328088,0.010798911892507654,0.004109415816389209,10.00159799614992,3.9961287180692033,8.378743875755694,-2.0709094396556083,-1.7232431136473343,0.8929384765868958,3.2232431136473343
0.8578947368421053,3800.0,3.23313609939851,0.10237343012878261,0.010796339372587081,0.004107760861680003,10.001312651865026,3.996133063887901,8.378743875755694,-2.069228254030132,-1.724926439969125,0.8920773834530434,3.224926439969125
0.8578947368421053,3800.0,3.23313609939851,0.10237174963111892,0.010794727427985703,0.004106723864730942,10.001133854734677,3.996135786984011,8.378743875755694,-2.072039877831696,-1.7211421513666747,0.8935481746835839,3.2211421513666747
0.8578947368421053,3800.0,3.23313609939851,0.10237176453228011,0.010794727427985703,0.004106723864730942,10.001133854734677,3.996135786984011,8.378743875755694,-2.0696622164951037,-1.72411779969008,0.8923115063343335,3.22411779969008
0.8578947368421053,3800.0,3.23313609939851,0.10237174963111892,0.010794742329146897,0.004106723864730942,10.001133854734677,3.996135786984011,8.378743875755694,-2.072038628213572,-1.7211447189778677,0.8935474929414211,3.2211447189778677
0.8578947368421053,3800.0,3.23313609939851,0.10237174963111892,0.010794727427985703,0.004106738765892136,10.001133854734677,3.996135786984011,8.378743875755694,-2.069660584118923,-1.7241211289679983,0.8923106165598066,3.2241211289679983
0.8578947368421053,3800.0,3.23313609939851,0.10237174963111892,0.010794727427985703,0.004106723864730942,10.001133869635838,3.996135786984011,8.378743875755694,-2.072039876622273,-1.7211421555066555,0.8935481739713522,3.2211421555066555
0.8578947368421053,3800.0,3.23313609939851,0.10237174963111892,0.010794727427985703,0.004106723864730942,10.001133854734677,3.9961358018851723,8.378743875755694,-2.0696631595169106,-1.7241164257487016,0.8923120029551913,3.2241164257487016
0.8578947368421053,3800.0,3.23313609939851,0.10237174963111892,0.010794727427985703,0.004106723864730942,10.001133854734677,3.996135786984011,8.378743875755694,-2.072039877831696,-1.7211421513666747,0.8935481746835839,3.2211421513666747
0.8578947368421053,3800.0,3.23313609939851,0.10237176453228011,0.010794727427985703,0.004106723864730942,10.001133854734677,3.996135786984011,8.378743875755694,-2.0696622164951037,-1.72411779969008,0.8923115063343335,3.22411779969008
0.8578947368421053,3800.0,3.23313609939851,0.10237174963111892,0.010794742329146897,0.004106723864730942,10.001133854734677,3.996135786984011,8.378743875755694,-2.072038628213572,-1.7211447189778677,0.8935474929414211,3.2211447189778677
0.8578947368421053,3800.0,3.23313609939851,0.10237174963111892,0.010794727427985703,0.004106738765892136,10.001133854734677,3.996135786984011,8.378743875755694,-2.069660584118923,-1.7241211289679983,0.8923106165598066,3.2241211289679983
0.8578947368421053,3800.0,3.23313609939851,0.10237174963111892,0.010794727427985703,0.004106723864730942,10.001133869635838,3.996135786984011,8.378743875755694,-2.072039876622273,-1.7211421555066555,0.8935481739713522,3.2211421555066555
0.8578947368421053,3800.0,3.23313609939851,0.10237174963111892,0.010794727427985703,0.004106723864730942,10.001133854734677,3.9961358018851723,8.378743875755694,-2.0696631595169106,-1.7241164257487016,0.8923120029551913,3.2241164257487016
0.8578947368421053,3800.0,3.23313609939851,0.10237174963111892,0.010794727427985703,0.004106723864730942,10.001133854734677,3.996135786984011,8.378743875755694,-2.072039877831696,-1.7211421513666747,0.8935481746835839,3.2211421513666747
0.9052631578947369,3800.0,3.23313609939851,0.1023929363460997,0.0107775486575126,0.0041075945594497,10.0,3.996910922043331,8.378743875755694,-2.1010164609164095,-1.7254336148469074,0.8921299938420867,3.2254336148469074
0.9052631578947369,3800.0,3.23313609939851,0.10239295124726089,0.0107775486575126,0.0041075945594497,10.0,3.996910922043331,8.378743875755694,-2.1035989481562916,-1.7224595103983593,0.8933654143461246,3.2224595103983593
0.9052631578947369,3800.0,3.23313609939851,0.1023929363460997,0.010777563558673793,0.0041075945594497,10.0,3.996910922043331,8.378743875755694,-2.1010150778576,-1.725436188854788,0.8921293125738842,3.225436188854788
0.9052631578947369,3800.0,3.23313609939851,0.1023929363460997,0.0107775486575126,0.004107609460610894,10.0,3.996910922043331,8.378743875755694,-2.103597135704943,-1.7224628402571156,0.8933645224336906,3.2224628402571156
0.9052631578947369,3800.0,3.23313609939851,0.1023929363460997,0.0107775486575126,0.0041075945594497,10.000000014901161,3.996910922043331,8.378743875755694,-2.1010164595442538,-1.7254336189706465,0.8921299931347714,3.2254336189706465
0.9052631578947369,3800.0,3.23313609939851,0.1023929363460997,0.0107775486575126,0.0041075945594497,10.0,3.9969109369444924,8.378743875755694,-2.1035999795218685,-1.7224581376772603,0.8933659114360151,3.2224581376772603
0.9052631578947369,3800.0,3.23313609939851,0.1023929363460997,0.0107775486575126,0.0041075945594497,10.0,3.996910922043331,8.378743875755694,-2.1010164609164095,-1.7254336148469074,0.8921299938420867,3.2254336148469074
0.9052631578947369,3800.0,3.23313609939851,0.10239295124726089,0.0107775486575126,0.0041075945594497,10.0,3.996910922043331,8.378743875755694,-2.1035989481562916,-1.7224595103983593,0.8933654143461246,3.2224595103983593
0.9052631578947369,3800.0,3.23313609939851,0.1023929363460997,0.010777563558673793,0.0041075945594497,10.0,3.996910922043331,8.378743875755694,-2.1010150778576,-1.725436188854788,0.8921293125738842,3.225436188854788
0.9052631578947369,3800.0,3.23313609939851,0.1023929363460997,0.0107775486575126,0.004107609460610894,10.0,3.996910922043331,8.378743875755694,-2.103597135704943,-1.7224628402571156,0.8933645224336906,3.2224628402571156
0.9052631578947369,3800.0,3.23313609939851,0.1023929363460997,0.0107775486575126,0.0041075945594497,10.000000014901161,3.996910922043331,8.378743875755694,-2.1010164595442538,-1.7254336189706465,0.8921299931347714,3.2254336189706465
0.9052631578947369,3800.0,3.23313609939851,0.1023929363460997,0.0107775486575126,0.0041075945594497,10.0,3.9969109369444924,8.378743875755694,-2.1035999795218685,-1.7224581376772603,0.8933659114360151,3.2224581376772603
0.9052631578947369,3800.0,3.23313609939851,0.1023929363460997,0.0107775486575126,0.0041075945594497,10.0,3.996910922043331,8.378743875755694,-2.1010164609164095,-1.7254336148469074,0.8921299938420867,3.2254336148469074
0.9526315789473684,3800.0,3.23313609939851,0.1023929363460997,0.0107775486575126,0.0041075945594497,10.0,3.996910922043331,8.378743875755694,-2.135452668132461,-1.7224581315147214,0.893365912429057,3.2224581315147214
0.9526315789473684,3800.0,3.23313609939851,0.10239295124726089,0.0107775486575126,0.0041075945594497,10.0,3.996910922043331,8.378743875755694,-2.132660619678074,-1.7254349950037504,0.8921294964482217,3.2254349950037504
0.9526315789473684,3800.0,3.23313609939851,0.1023929363460997,0.010777563558673793,0.0041075945594497,10.0,3.996910922043331,8.378743875755694,-2.135451147991482,-1.7224607031480628,0.893365230217055,3.2224607031480628
0.9526315789473684,3800.0,3.23313609939851,0.1023929363460997,0.0107775486575126,0.004107609460610894,10.0,3.996910922043331,8.378743875755694,-2.1326586344820178,-1.7254383279371592,0.8921286057696957,3.2254383279371592
0.9526315789473684,3800.0,3.23313609939851,0.1023929363460997,0.0107775486575126,0.0041075945594497,10.000000014901161,3.996910922043331,8.378743875755694,-2.135452666586062,-1.7224581356346556,0.8933659117207623,3.2224581356346556
0.9526315789473684,3800.0,3.23313609939851,0.1023929363460997,0.0107775486575126,0.0041075945594497,10.0,3.9969109369444924,8.378743875755694,-2.132661736713632,-1.7254336210151378,0.892129992850418,3.2254336210151378
0.9526315789473684,3800.0,3.23313609939851,0.1023929363460997,0.0107775486575126,0.0041075945594497,10.0,3.996910922043331,8.378743875755694,-2.135452668132461,-1.7224581315147214,0.893365912429057,3.2224581315147214
0.9526315789473684,3800.0,3.23313609939851,0.10239295124726089,0.0107775486575126,0.0041075945594497,10.0,3.996910922043331,8.378743875755694,-2.132660619678074,-1.7254349950037504,0.8921294964482217,3.2254349950037504
0.9526315789473684,3800.0,3.23313609939851,0.1023929363460997,0.010777563558673793,0.0041075945594497,10.0,3.996910922043331,8.378743875755694,-2.135451147991482,-1.7224607031480628,0.893365230217055,3.2224607031480628
0.9526315789473684,3800.0,3.23313609939851,0.1023929363460997,0.0107775486575126,0.004107609460610894,10.0,3.996910922043331,8.378743875755694,-2.1326586344820178,-1.7254383279371592,0.8921286057696957,3.2254383279371592
0.9526315789473684,3800.0,3.23313609939851,0.1023929363460997,0.0107775486575126,0.0041075945594497,10.000000014901161,3.996910922043331,8.378743875755694,-2.135452666586062,-1.7224581356346556,0.8933659117207623,3.2224581356346556
0.9526315789473684,3800.0,3.23313609939851,0.1023929363460997,0.0107775486575126,0.0041075945594497,10.0,3.9969109369444924,8.378743875755694,-2.132661736713632,-1.7254336210151378,0.892129992850418,3.2254336210151378
0.9526315789473684,3800.0,3.23313609939851,0.1023929363460997,0.0107775486575126,0.0041075945594497,10.0,3.996910922043331,8.378743875755694,-2.135452668132461,-1.7224581315147214,0.893365912429057,3.2224581315147214
0.9526315789473684,3800.0,3.23313609939851,0.09144,0.018956456569026586,0.0036000000000000003,10.155555618692496,3.6,8.378743875755694,-2.3979018655018183,-1.1306374556964545,1.0125539960698275,2.6306374556964545
0.9526315789473684,3800.0,3.23313609939851,0.09691644938150663,0.014867016645515981,0.0038537964088638504,10.077778076227204,3.7984547800564425,8.378743875755694,-2.205793217909154,-1.4752277913313812,0.9261527373139589,2.975227791331381
0.9526315789473684,3800.0,3.23313609939851,0.09965468782737939,0.012822286412373016,0.003980695250752579,10.03888910964182,3.897682668540691,8.378743875755694,-2.165305617443899,-1.5933328812021208,0.9075109213510459,3.093332881202121
0.9526315789473684,3800.0,3.23313609939851,0.10102380994925182,0.011799919131073262,0.004044144806043032,10.019444585177904,3.9472967178340403,8.378743875755694,-2.1475067105714674,-1.6680789375895624,0.899098699458991,3.1680789375895624
0.9526315789473684,3800.0,3.23313609939851,0.10170837228459989,0.011288734538779285,0.004075869642748634,10.009722304846514,3.9721037886626673,8.378743875755694,-2.134558818809831,-1.6941511323418257,0.8932482873510961,3.1941511323418257
0.9526315789473684,3800.0,3.23313609939851,0.10205065437934979,0.011033141550355098,0.004091732104065134,10.004861151514318,3.984507357672222,8.378743875755694,-2.1324931532364633,-1.7030697284167937,0.8922696817352275,3.2030697284167937
0.9526315789473684,3800.0,3.23313609939851,0.10222179557462706,0.010905344945699613,0.004099663341577657,10.002430572747683,3.990709147536662,8.378743875755694,-2.136909960845784,-1.718325007919646,0.8940357767029012,3.218325007919646
0.9526315789473684,3800.0,3.23313609939851,0.10230736585602045,0.01084144687952231,0.0041036289456780894,10.00121528785574,3.9938100310088327,8.378743875755694,-2.133019151928366,-1.7204561969647654,0.8923319705321116,3.2204561969647654
0.9526315789473684,3800.0,3.23313609939851,0.1023501512753002,0.010809497638406778,0.004105611760638747,10.000607641453279,3.9953604828401703,8.378743875755694,-2.13503003774129,-1.7222897908420136,0.8931846419246098,3.2222897908420136
0.9526315789473684,3800.0,3.23313609939851,0.10237154384096042,0.01079352312536322,0.0041066031614465925,10.000303820296875,3.9961357035383256,8.378743875755694,-2.1319715340809307,-1.7250414947607742,0.8918350722686507,3.225041494760774
0.9526315789473684,3800.0,3.23313609939851,0.10238224034277499,0.010785535705318747,0.0041070988719989635,10.000151906608615,3.9965233218229304,8.378743875755694,-2.1346268304297245,-1.72195483199682,0.8930133599318412,3.22195483199682
0.9526315789473684,3800.0,3.23313609939851,0.10238225524393618,0.010785535705318747,0.0041070988719989635,10.000151906608615,3.9965233218229304,8.378743875755694,-2.1318365135506547,-1.7249305750813084,0.8917777038519046,3.2249305750813084
0.9526315789473684,3800.0,3.23313609939851,0.10238224034277499,0.01078555060647994,0.0041070988719989635,10.000151906608615,3.9965233218229304,8.378743875755694,-2.134625311593335,-1.7219574014060584,0.8930126783054778,3.2219574014060584
0.9526315789473684,3800.0,3.23313609939851,0.10238224034277499,0.010785535705318747,0.004107113773160157,10.000151906608615,3.9965233218229304,8.378743875755694,-2.131834530014028,-1.7249339078082873,0.8917768138933724,3.2249339078082873
0.9526315789473684,3800.0,3.23313609939851,0.10238224034277499,0.010785535705318747,0.0041070988719989635,10.000151921509776,3.9965233218229304,8.378743875755694,-2.1346268288759407,-1.7219548361383819,0.8930133592201451,3.221954836138382
0.9526315789473684,3800.0,3.23313609939851,0.10238224034277499,0.010785535705318747,0.0041070988719989635,10.000151906608615,3.9965233367240915,8.378743875755694,-2.131837630315519,-1.724929200901156,0.8917782001387939,3.224929200901156
0.9526315789473684,3800.0,3.23313609939851,0.10238224034277499,0.010785535705318747,0.0041070988719989635,10.000151906608615,3.9965233218229304,8.378743875755694,-2.1346268304297245,-1.72195483199682,0.8930133599318412,3.22195483199682
0.9526315789473684,3800.0,3.23313609939851,0.10238225524393618,0.010785535705318747,0.0041070988719989635,10.000151906608615,3.9965233218229304,8.378743875755694,-2.1318365135506547,-1.7249305750813084,0.8917777038519046,3.2249305750813084
0.9526315789473684,3800.0,3.23313609939851,0.10238224034277499,0.01078555060647994,0.0041070988719989635,10.000151906608615,3.9965233218229304,8.378743875755694,-2.134625311593335,-1.7219574014060584,0.8930126783054778,3.2219574014060584
0.9526315789473684,3800.0,3.23313609939851,0.10238224034277499,0.010785535705318747,0.004107113773160157,10.000151906608615,3.9965233218229304,8.378743875755694,-2.131834530014028,-1.7249339078082873,0.8917768138933724,3.2249339078082873
0.9526315789473684,3800.0,3.23313609939851,0.10238224034277499,0.010785535705318747,0.0041070988719989635,10.000151921509776,3.9965233218229304,8.378743875755694,-2.1346268288759407,-1.7219548361383819,0.8930133592201451,3.221954836138382
0.9526315789473684,3800.0,3.23313609939851,0.10238224034277499,0.010785535705318747,0.0041070988719989635,10.000151906608615,3.9965233367240915,8.378743875755694,-2.131837630315519,-1.724929200901156,0.8917782001387939,3.224929200901156
0.9526315789473684,3800.0,3.23313609939851,0.11176,0.019799985207565797,0.0099,10.186452571674698,3.9813224713117017,8.378743875755694,-1.0501442963410874,-3.798325727613193,0.4040185650081546,5.298325727613193
0.9526315789473684,3800.0,3.23313609939851,0.10576361066371535,0.014035906062489282,0.0061958647033213046,10.06732696362136,3.9910423000596866,8.378743875755694,-1.508628386639908,-2.582338014618683,0.6139649817413839,4.082338014618683
0.9526315789473684,3800.0,3.23313609939851,0.10342650074433303,0.011789339705540561,0.0047521673616197,10.020897416668957,3.994830631154893,8.378743875755694,-1.8786592254236112,-2.0119728902414336,0.7794993653239464,3.5119728902414336
0.9526315789473684,3800.0,3.23313609939851,0.10266918727070423,0.011061365827457807,0.004284353914059793,10.005852458282565,3.9960581960876222,8.378743875755694,-2.0524608472325587,-1.7846731783069156,0.8568640293119453,3.2846731783069156
0.9526315789473684,3800.0,3.23313609939851,0.10245553619941815,0.010855991957407126,0.004152375746875878,10.001608018445378,3.996404513130807,8.378743875755694,-2.1133256226522987,-1.7497600570003629,0.8835320120421544,3.249760057000363
0.9526315789473684,3800.0,3.23313609939851,0.10240082686422794,0.010803402153722661,0.004118580279608669,10.000521150589535,3.996493194058469,8.378743875755694,-2.1267479459848406,-1.7328849821068157,0.8895002638121777,3.2328849821068157
0.9526315789473684,3800.0,3.23313609939851,0.10238608464867757,0.010789231076355826,0.004109473605924062,10.00022827844715,3.996517090407168,8.378743875755694,-2.133997492031393,-1.723143406709454,0.8927297459390169,3.223143406709454
0.9526315789473684,3800.0,3.23313609939851,0.10238348253507612,0.010786729773004414,0.004107866208489282,10.000176584277941,3.996521308295162,8.378743875755694,-2.1319980995551133,-1.7249254159650955,0.8918476707506959,3.2249254159650955
0.9526315789473684,3800.0,3.23313609939851,0.1023823645620051,0.010785655112087313,0.0041071756056479955,10.000154374375548,3.9965231204701537,8.378743875755694,-2.1351274616227056,-1.7214384437378594,0.893234891542196,3.2214384437378594
0.9526315789473684,3800.0,3.23313609939851,0.10238237946316629,0.010785655112087313,0.0041071756056479955,10.000154374375548,3.9965231204701537,8.378743875755694,-2.132336177828514,-1.7244139745763833,0.8919988190986087,3.2244139745763833
0.9526315789473684,3800.0,3.23313609939851,0.1023823645620051,0.010785670013248507,0.0041071756056479955,10.000154374375548,3.9965231204701537,8.378743875755694,-2.135125942409011,-1.7214410126978659,0.8932342097568453,3.221441012697866
0.9526315789473684,3800.0,3.23313609939851,0.1023823645620051,0.010785655112087313,0.004107190506809189,10.000154374375548,3.9965231204701537,8.378743875755694,-2.132334193813696,-1.724417306703768,0.8919979289388652,3.224417306703768
0.9526315789473684,3800.0,3.23313609939851,0.1023823645620051,0.010785655112087313,0.0041071756056479955,10.000154389276709,3.9965231204701537,8.378743875755694,-2.1351274600685017,-1.7214384478787466,0.8932348908303248,3.2214384478787466
0.9526315789473684,3800.0,3.23313609939851,0.1023823645620051,0.010785655112087313,0.0041071756056479955,10.000154374375548,3.996523135371315,8.378743875755694,-2.1323372948815504,-1.7244126006177347,0.8919993155080832,3.2244126006177347
0.9526315789473684,3800.0,3.23313609939851,0.1023823645620051,0.010785655112087313,0.0041071756056479955,10.000154374375548,3.9965231204701537,8.378743875755694,-2.1351274616227056,-1.7214384437378594,0.893234891542196,3.2214384437378594
0.9526315789473684,3800.0,3.23313609939851,0.10238237946316629,0.010785655112087313,0.0041071756056479955,10.000154374375548,3.9965231204701537,8.378743875755694,-2.132336177828514,-1.7244139745763833,0.8919988190986087,3.2244139745763833
0.9526315789473684,3800.0,3.23313609939851,0.1023823645620051,0.010785670013248507,0.0041071756056479955,10.000154374375548,3.9965231204701537,8.378743875755694,-2.135125942409011,-1.7214410126978659,0.8932342097568453,3.221441012697866
0.9526315789473684,3800.0,3.23313609939851,0.1023823645620051,0.010785655112087313,0.004107190506809189,10.000154374375548,3.9965231204701537,8.378743875755694,-2.132334193813696,-1.724417306703768,0.8919979289388652,3.224417306703768
0.9526315789473684,3800.0,3.23313609939851,0.1023823645620051,0.010785655112087313,0.0041071756056479955,10.000154389276709,3.9965231204701537,8.378743875755694,-2.1351274600685017,-1.7214384478787466,0.8932348908303248,3.2214384478787466
0.9526315789473684,3800.0,3.23313609939851,0.1023823645620051,0.010785655112087313,0.0041071756056479955,10.000154374375548,3.996523135371315,8.378743875755694,-2.1323372948815504,-1.7244126006177347,0.8919993155080832,3.2244126006177347
0.9526315789473684,3800.0,3.23313609939851,0.1117129669745197,0.019756851978240078,0.009869453119257337,10.185509086721689,3.981400238906141,8.378743875755694,-1.0522688746987383,-3.8050731122535666,0.4048737108494776,5.305073112253567
0.9526315789473684,3800.0,3.23313609939851,0.10574156614746551,0.01401546358574364,0.006181709585749581,10.066885740267915,3.9910785837210123,8.378743875755694,-1.511194471847855,-2.578160095745483,0.6151150435708171,4.078160095745483
0.9526315789473684,3800.0,3.23313609939851,0.10341770332841134,0.011781113656557315,0.004746567257855676,10.020721633673901,3.994845061021174,8.378743875755694,-1.8804379464670633,-2.008416557811678,0.780302826709921,3.508416557811678
0.9526315789473684,3800.0,3.23313609939851,0.10266615104434891,0.011058510420726829,0.00428243293562304,10.00579186266162,3.996063164170205,8.378743875755694,-2.053195500716983,-1.783434917436042,0.8571936852830981,3.283434917436042
0.9526315789473684,3800.0,3.23313609939851,0.10245449218552322,0.01085500445111829,0.004151719287259705,10.001587207360853,3.9964062172457173,8.378743875755694,-2.113592475407304,-1.7493290507328303,0.8836515765202635,3.2493290507328303
0.9526315789473684,3800.0,3.23313609939851,0.10240039395279076,0.01080299002863011,0.004118309972810499,10.000512532658915,3.9964938987404657,8.378743875755694,-2.1268330624890046,-1.7327351954360335,0.889538517665879,3.2327351954360335
0.9526315789473684,3800.0,3.23313609939851,0.10238591186452918,0.010789065776038081,0.004109366304668785,10.00022484241286,3.996517371062605,8.378743875755694,-2.134003955588286,-1.7231132317428624,0.8927328296051004,3.2231132317428624
0.9526315789473684,3800.0,3.23313609939851,0.10238322509923001,0.010786482502272213,0.004107707045535957,10.000171469159222,3.9965217257260677,8.378743875755694,-2.132030241109865,-1.7248563842214217,0.8918622346678969,3.2248563842214217
0.9526315789473684,3800.0,3.23313609939851,0.1023824506157276,0.010785737851105804,0.004107228749636792,10.000156083853915,3.996522980995745,8.378743875755694,-2.1350552525756505,-1.7215269195399419,0.893202805651784,3.221526919539942
0.9526315789473684,3800.0,3.23313609939851,0.10238237585142801,0.01078566596665285,0.004107182577629533,10.00015459864271,3.996523102172449,8.378743875755694,-2.1322878989225815,-1.7244668356820796,0.8919774263407206,3.2244668356820796
0.9526315789473684,3800.0,3.23313609939851,0.10238236569094739,0.010785656197543868,0.004107176302846149,10.000154396802264,3.996523118640383,8.378743875755694,-2.1350810585663047,-1.7214880013674128,0.8932143418687976,3.2214880013674128
1.0,3800.0,3.23313609939851,0.1023929363460997,0.0107775486575126,0.0041075945594497,10.0,3.996910922043331,8.378743875755694,-2.1634046635649113,-1.7263304352746802,0.891758042727613,3.22633043527468
1.0,3800.0,3.23313609939851,0.10239295124726089,0.0107775486575126,0.0041075945594497,10.0,3.996910922043331,8.378743875755694,-2.166400126685476,-1.7233559174816984,0.8929927762818322,3.2233559174816984
1.0,3800.0,3.23313609939851,0.1023929363460997,0.010777563558673793,0.0041075945594497,10.0,3.996910922043331,8.378743875755694,-2.1634030114975937,-1.7263330099982537,0.8917573617434483,3.2263330099982537
1.0,3800.0,3.23313609939851,0.1023929363460997,0.0107775486575126,0.004107609460610894,10.0,3.996910922043331,8.378743875755694,-2.16639796380881,-1.7233592482667373,0.8929918847414305,3.2233592482667373
1.0,3800.0,3.23313609939851,0.1023929363460997,0.0107775486575126,0.0041075945594497,10.000000014901161,3.996910922043331,8.378743875755694,-2.1634046618496807,-1.7263304393995655,0.891758042020593,3.2263304393995655
1.0,3800.0,3.23313609939851,0.1023929363460997,0.0107775486575126,0.0041075945594497,10.0,3.9969109369444924,8.378743875755694,-2.1664013321223385,-1.7233545443787421,0.892993273164378,3.223354544378742
1.0,3800.0,3.23313609939851,0.1023929363460997,0.0107775486575126,0.0041075945594497,10.0,3.996910922043331,8.378743875755694,-2.1634046635649113,-1.7263304352746802,0.891758042727613,3.22633043527468
1.0,3800.0,3.23313609939851,0.10239295124726089,0.0107775486575126,0.0041075945594497,10.0,3.996910922043331,8.378743875755694,-2.166400126685476,-1.7233559174816984,0.8929927762818322,3.2233559174816984
1.0,3800.0,3.23313609939851,0.1023929363460997,0.010777563558673793,0.0041075945594497,10.0,3.996910922043331,8.378743875755694,-2.1634030114975937,-1.7263330099982537,0.8917573617434483,3.2263330099982537
1.0,3800.0,3.23313609939851,0.1023929363460997,0.0107775486575126,0.004107609460610894,10.0,3.996910922043331,8.378743875755694,-2.16639796380881,-1.7233592482667373,0.8929918847414305,3.2233592482667373
1.0,3800.0,3.23313609939851,0.1023929363460997,0.0107775486575126,0.0041075945594497,10.000000014901161,3.996910922043331,8.378743875755694,-2.1634046618496807,-1.7263304393995655,0.891758042020593,3.2263304393995655
1.0,3800.0,3.23313609939851,0.1023929363460997,0.0107775486575126,0.0041075945594497,10.0,3.9969109369444924,8.378743875755694,-2.1664013321223385,-1.7233545443787421,0.892993273164378,3.223354544378742
1.0,3800.0,3.23313609939851,0.1023929363460997,0.0107775486575126,0.0041075945594497,10.0,3.996910922043331,8.378743875755694,-2.1634046635649113,-1.7263304352746802,0.891758042727613,3.22633043527468
1.0,3800.0,3.23313609939851,0.11176,0.018961082763550935,0.0099,10.163639832356244,4.4,8.378743875755694,-0.9555779486434018,-4.011797074041463,0.3938903967007833,5.511797074041463
1.0,3800.0,3.23313609939851,0.10707640091654622,0.014869256951894953,0.0070037556896437,10.08181874122689,4.198452566799631,8.378743875755694,-1.320011518166026,-2.9376804067155984,0.5441103588442557,4.437680406715598
1.0,3800.0,3.23313609939851,0.10473462166816971,0.012823361775350229,0.005555646083468893,10.040908550181044,4.09767972347502,8.378743875755694,-1.6345287581528056,-2.3804372549394373,0.6737547490308475,3.8804372549394373
1.0,3800.0,3.23313609939851,0.1035637495575788,0.011800429487830218,0.004831602110440975,10.020453760615489,4.047294055468297,8.378743875755694,-1.8641967463131377,-2.0692204109685286,0.7684241740572123,3.5692204109685286
1.0,3800.0,3.23313609939851,0.10297832629101003,0.01128897451693984,0.004469588032220666,10.010226589247983,4.022101771797059,8.378743875755694,-2.003795802869958,-1.8991830389433773,0.8259670755486956,3.3991830389433773
1.0,3800.0,3.23313609939851,0.10268562243105306,0.011033253822661265,0.004288585799981227,10.005113139361963,4.009505964467909,8.378743875755694,-2.077474155128935,-1.790794575605755,0.8563373822732793,3.290794575605755
1.0,3800.0,3.23313609939851,0.10253927460371816,0.01090539705979609,0.004198087220854524,10.002556486090924,4.003208237350743,8.378743875755694,-2.1206287253593485,-1.7633844189544345,0.8741257487918255,3.2633844189544345
1.0,3800.0,3.23313609939851,0.10246610309302114,0.010841470777718349,0.004152839417240185,10.001278201434586,4.00005947719822,8.378743875755694,-2.144460591891734,-1.7488887763164418,0.8839492732629458,3.248888776316442
1.0,3800.0,3.23313609939851,0.10242951866469586,0.01080950879603318,0.004130216336037733,10.000639082289121,3.998485154227214,8.378743875755694,-2.152929263073635,-1.7402167256836836,0.8874400698600242,3.2402167256836836
1.0,3800.0,3.23313609939851,0.10241122692209684,0.010793528217172088,0.004118905087042042,10.000319530954465,3.9976980130343183,8.378743875755694,-2.161857815340883,-1.7287787074427565,0.8911204300017612,3.2287787074427565
1.0,3800.0,3.23313609939851,0.10240208154796329,0.010785538362090537,0.004113249769981723,10.00015976397248,3.9973044638322133,8.378743875755694,-2.1618451989280696,-1.7275353044909578,0.8911152295010013,3.227535304490958
1.0,3800.0,3.23313609939851,0.10240209644912449,0.010785538362090537,0.004113249769981723,10.00015976397248,3.9973044638322133,8.378743875755694,-2.164838957930548,-1.7245592241035435,0.8923492606156652,3.2245592241035435
1.0,3800.0,3.23313609939851,0.10240208154796329,0.010785553263251731,0.004113249769981723,10.00015976397248,3.9973044638322133,8.378743875755694,-2.161843549957915,-1.7275378766572373,0.891114549793491,3.2275378766572373
1.0,3800.0,3.23313609939851,0.10240208154796329,0.010785538362090537,0.004113264671142917,10.00015976397248,3.9973044638322133,8.378743875755694,-2.164836799397383,-1.7245625540190144,0.8923483708656604,3.2245625540190144
1.0,3800.0,3.23313609939851,0.10240208154796329,0.010785538362090537,0.004113249769981723,10.000159778873641,3.9973044638322133,8.378743875755694,-2.1618451972054915,-1.7275353086374454,0.8911152287909525,3.2275353086374454
1.0,3800.0,3.23313609939851,0.10240208154796329,0.010785538362090537,0.004113249769981723,10.00015976397248,3.9973044787333745,8.378743875755694,-2.1648401625145732,-1.7245578502952164,0.8923497571466708,3.2245578502952164
1.0,3800.0,3.23313609939851,0.10240208154796329,0.010785538362090537,0.004113249769981723,10.00015976397248,3.9973044638322133,8.378743875755694,-2.1618451989280696,-1.7275353044909578,0.8911152295010013,3.227535304490958
1.0,3800.0,3.23313609939851,0.10240209644912449,0.010785538362090537,0.004113249769981723,10.00015976397248,3.9973044638322133,8.378743875755694,-2.164838957930548,-1.7245592241035435,0.8923492606156652,3.2245592241035435
1.0,3800.0,3.23313609939851,0.10240208154796329,0.010785553263251731,0.004113249769981723,10.00015976397248,3.9973044638322133,8.378743875755694,-2.161843549957915,-1.7275378766572373,0.891114549793491,3.2275378766572373
1.0,3800.0,3.23313609939851,0.10240208154796329,0.010785538362090537,0.004113264671142917,10.00015976397248,3.9973044638322133,8.378743875755694,-2.164836799397383,-1.7245625540190144,0.8923483708656604,3.2245625540190144
1.0,3800.0,3.23313609939851,0.10240208154796329,0.010785538362090537,0.004113249769981723,10.000159778873641,3.9973044638322133,8.378743875755694,-2.1618451972054915,-1.7275353086374454,0.8911152287909525,3.2275353086374454
1.0,3800.0,3.23313609939851,0.10240208154796329,0.010785538362090537,0.004113249769981723,10.00015976397248,3.9973044787333745,8.378743875755694,-2.1648401625145732,-1.7245578502952164,0.8923497571466708,3.2245578502952164
1.0,3800.0,3.23313609939851,0.11175999950064491,0.0198,0.009899996777271873,10.185603588790334,3.982189949838055,8.378743875755694,-0.9800956828365661,-3.798898312029846,0.4039966366587689,5.298898312029846
1.0,3800.0,3.23313609939851,0.10575194797171283,0.014012457268807156,0.006184739347094275,10.066543338330598,3.9918939010129684,8.378743875755694,-1.4915932350913401,-2.5799281372672755,0.6148365519740371,4.0799281372672755
1.0,3800.0,3.23313609939851,0.10343051503052551,0.011776226058069116,0.0047492122145667915,10.020540006622761,3.99564338149073,8.378743875755694,-1.8921356672028968,-2.0098327049463975,0.7799406313470464,3.5098327049463975
1.0,3800.0,3.23313609939851,0.1026840061251703,0.011057115682907735,0.004287586220855039,10.00574660200331,3.9968491111577147,8.378743875755694,-2.0774697679512983,-1.7864388393224822,0.856335573873303,3.286438839322482
1.0,3800.0,3.23313609939851,0.10247473143574493,0.010855521838085674,0.004158174989760964,10.001599450998048,3.9971871228006823,8.378743875755694,-2.138906754609489,-1.7460782828587402,0.8816599747568212,3.2460782828587402
1.0,3800.0,3.23313609939851,0.10242031698507739,0.010803104518274726,0.004124526195109649,10.000521131663751,3.9972750107240707,8.378743875755694,-2.1556986342818045,-1.7360780289065953,0.8885816080520118,3.2360780289065953
1.0,3800.0,3.23313609939851,0.10240650976485484,0.010789804053614557,0.004115988089656504,10.000247516983528,3.9972973115632455,8.378743875755694,-2.1632209516418612,-1.7267509838534791,0.8916823164487139,3.226750983853479
1.0,3800.0,3.23313609939851,0.10240652466601603,0.010789804053614557,0.004115988089656504,10.000247516983528,3.9972973115632455,8.378743875755694,-2.1602270956194016,-1.7297317774495595,0.8904482453422953,3.2297317774495595
1.0,3800.0,3.23313609939851,0.10240650976485484,0.010789818954775751,0.004115988089656504,10.000247516983528,3.9972973115632455,8.378743875755694,-2.163219302494525,-1.7267535540584134,0.8916816366681691,3.2267535540584134
1.0,3800.0,3.23313609939851,0.10240650976485484,0.010789804053614557,0.0041160029908176975,10.000247516983528,3.9972973115632455,8.378743875755694,-2.1602249433637257,-1.7297351103599317,0.8904473581798789,3.2297351103599317
1.0,3800.0,3.23313609939851,0.10240650976485484,0.010789804053614557,0.004115988089656504,10.000247531884689,3.9972973115632455,8.378743875755694,-2.1632209499183164,-1.7267509879985559,0.8916823157382665,3.226750987998556
1.0,3800.0,3.23313609939851,0.10240650976485484,0.010789804053614557,0.004115988089656504,10.000247516983528,3.9972973264644067,8.378743875755694,-2.160228297596801,-1.7297304014865316,0.8904487407988463,3.2297304014865316
1.0,3800.0,3.23313609939851,0.10240650976485484,0.010789804053614557,0.004115988089656504,10.000247516983528,3.9972973115632455,8.378743875755694,-2.1632209516418612,-1.7267509838534791,0.8916823164487139,3.226750983853479
1.0,3800.0,3.23313609939851,0.10240652466601603,0.010789804053614557,0.004115988089656504,10.000247516983528,3.9972973115632455,8.378743875755694,-2.1602270956194016,-1.7297317774495595,0.8904482453422953,3.2297317774495595
1.0,3800.0,3.23313609939851,0.10240650976485484,0.010789818954775751,0.004115988089656504,10.000247516983528,3.9972973115632455,8.378743875755694,-2.163219302494525,-1.7267535540584134,0.8916816366681691,3.2267535540584134
1.0,3800.0,3.23313609939851,0.10240650976485484,0.010789804053614557,0.0041160029908176975,10.000247516983528,3.9972973115632455,8.378743875755694,-2.1602249433637257,-1.7297351103599317,0.8904473581798789,3.2297351103599317
1.0,3800.0,3.23313609939851,0.10240650976485484,0.010789804053614557,0.004115988089656504,10.000247531884689,3.9972973115632455,8.378743875755694,-2.1632209499183164,-1.7267509879985559,0.8916823157382665,3.226750987998556
1.0,3800.0,3.23313609939851,0.10240650976485484,0.010789804053614557,0.004115988089656504,10.000247516983528,3.9972973264644067,8.378743875755694,-2.160228297596801,-1.7297304014865316,0.8904487407988463,3.2297304014865316
1.0,3800.0,3.23313609939851,0.11176,0.0198,0.0099,10.024117070388193,3.9820555413545633,8.378743875755694,-0.9873496867366544,-3.7498295955589676,0.406986745919799,5.2498295955589676
1.0,3800.0,3.23313609939851,0.10679473185534095,0.01501696844867349,0.006829577156252691,10.01144599999972,3.990146582685961,8.378743875755694,-1.364201310943229,-2.8405016899604787,0.5623254453600638,4.340501689960479
1.0,3800.0,3.23313609939851,0.10440984300300767,0.012719610421919774,0.005354809429986166,10.005359904820931,3.9940328248208945,8.378743875755694,-1.695249006607192,-2.2642416997290415,0.6987837095519882,3.7642416997290415
1.0,3800.0,3.23313609939851,0.10329912376142038,0.011649657093640412,0.0046679627918992175,10.0025254150649,3.9958427724469714,8.378743875755694,-1.923366421140106,-1.9575804672284831,0.7928139862366772,3.457580467228483
1.0,3800.0,3.23313609939851,0.10279782287430453,0.011166755085143207,0.0043579683161634125,10.00124612487525,3.996659656063113,8.378743875755694,-2.0486003209279153,-1.8309512617242567,0.8444355525754945,3.3309512617242567
1.0,3800.0,3.23313609939851,0.10257617454689226,0.01095324175365233,0.004220905408796146,10.000680491464061,3.997020838123352,8.378743875755694,-2.1081980281211226,-1.7557661797163449,0.8690018002187307,3.255766179716345
1.0,3800.0,3.23313609939851,0.10247904010610788,0.010859672366973412,0.00416083940687845,10.000432610121006,3.9971791213725525,8.378743875755694,-2.13783735991508,-1.7475178865351162,0.8812191689586041,3.247517886535116
1.0,3800.0,3.23313609939851,0.10243716406155974,0.0108193332681608,0.0041349440956806646,10.000325744934152,3.997247359541643,8.378743875755694,-2.1504349090092005,-1.7434979873215206,0.8864118940703389,3.2434979873215206
1.0,3800.0,3.23313609939851,0.10241909210494952,0.010801924593313335,0.00412376875795658,10.000279626370643,3.997276808293173,8.378743875755694,-2.159294648050961,-1.7322870066481513,0.8900638893165443,3.2322870066481513
1.0,3800.0,3.23313609939851,0.10241191825314393,0.010795014038126573,0.004119332591002481,10.000261319125489,3.9972884982824692,8.378743875755694,-2.158645562664335,-1.7320080069108306,0.8897963355279772,3.2320080069108306
1.0,3800.0,3.23313609939851,0.10240838453078936,0.010791610011390644,0.004117147407539113,10.000252301275216,3.997294256580469,8.378743875755694,-2.162790959283397,-1.7274206981061342,0.8915050730737549,3.227420698106134
1.0,3800.0,3.23313609939851,0.10240839943195056,0.010791610011390644,0.004117147407539113,10.000252301275216,3.997294256580469,8.378743875755694,-2.1597976140419064,-1.7304021944425658,0.8902712125118752,3.230402194442566
1.0,3800.0,3.23313609939851,0.10240838453078936,0.010791624912551838,0.004117147407539113,10.000252301275216,3.997294256580469,8.378743875755694,-2.162789310833498,-1.7274232682775774,0.8915043935806949,3.2274232682775774
1.0,3800.0,3.23313609939851,0.10240838453078936,0.010791610011390644,0.004117162308700307,10.000252301275216,3.997294256580469,8.378743875755694,-2.1597954629221343,-1.730405527056365,0.8902703258176797,3.230405527056365
1.0,3800.0,3.23313609939851,0.10240838453078936,0.010791610011390644,0.004117147407539113,10.000252316176377,3.997294256580469,8.378743875755694,-2.1627909575602517,-1.7274207022519552,0.8915050723634724,3.227420702251955
1.0,3800.0,3.23313609939851,0.10240838453078936,0.010791610011390644,0.004117147407539113,10.000252301275216,3.99729427148163,8.378743875755694,-2.1597988157634322,-1.7304008182143944,0.8902717078629548,3.2304008182143944
1.0,3800.0,3.23313609939851,0.10240838453078936,0.010791610011390644,0.004117147407539113,10.000252301275216,3.997294256580469,8.378743875755694,-2.162790959283397,-1.7274206981061342,0.8915050730737549,3.227420698106134
1.0,3800.0,3.23313609939851,0.10240839943195056,0.010791610011390644,0.004117147407539113,10.000252301275216,3.997294256580469,8.378743875755694,-2.1597976140419064,-1.7304021944425658,0.8902712125118752,3.230402194442566
1.0,3800.0,3.23313609939851,0.10240838453078936,0.010791624912551838,0.004117147407539113,10.000252301275216,3.997294256580469,8.378743875755694,-2.162789310833498,-1.7274232682775774,0.8915043935806949,3.2274232682775774
1.0,3800.0,3.23313609939851,0.10240838453078936,0.010791610011390644,0.004117162308700307,10.000252301275216,3.997294256580469,8.378743875755694,-2.1597954629221343,-1.730405527056365,0.8902703258176797,3.230405527056365
1.0,3800.0,3.23313609939851,0.10240838453078936,0.010791610011390644,0.004117147407539113,10.000252316176377,3.997294256580469,8.378743875755694,-2.1627909575602517,-1.7274207022519552,0.8915050723634724,3.227420702251955
1.0,3800.0,3.23313609939851,0.10240838453078936,0.010791610011390644,0.004117147407539113,10.000252301275216,3.99729427148163,8.378743875755694,-2.1597988157634322,-1.7304008182143944,0.8902717078629548,3.2304008182143944
1.0,3800.0,3.23313609939851,0.10240838453078936,0.010791610011390644,0.004117147407539113,10.000252301275216,3.997294256580469,8.378743875755694,-2.162790959283397,-1.7274206981061342,0.8915050730737549,3.227420698106134
