Lambda,Motor,Battery,Diameter,Root Chord,Tip Chord,Root Pitch,Tip Pitch,Airfoil,WeightedObj,ConstraintG,Flight Time [hr],Thrust to Weight,Method,WeightedObjSum,Runtime [min],Beta,NBI_t
1.0,2300.0,4.0,0.0909530510888445,0.0077633262905334,0.0034589479553742,8.90041733556643,3.395350677042909,8.0,-1.5585934492558426,0.1987566106587697,2.826231163949189,1.3012433893412303,Lawnmower Search,,,,
1.0,2300.0,4.0,0.0868287706847387,0.0087926233126116,0.0041870021307531,9.176417353464672,4.125311955147857,8.0,-1.461744476801079,0.1625300144666739,2.66128444919823,1.337469985533326,Lawnmower Search,,,,
0.8888888888888888,2300.0,4.0,0.0868287706847387,0.0087926233126116,0.0041870021307531,9.176417353464672,4.125311955147857,8.0,-1.2905534636039488,0.1625300144666717,2.661284449198224,1.3374699855333283,Lawnmower Search,,,,
1.0,2300.0,4.0,0.0951616624767159,0.0076225904849806,0.0034729732337812,8.900167449967025,3.3865973300388017,8.0,-1.3462098819048125,0.0316646109218243,2.464513627730576,1.4683353890781756,Lawnmower Search,,,,
0.8888888888888888,2300.0,4.0,0.0951616624767159,0.0076225904849806,0.0034729732337812,8.900167449967025,3.3865973300388017,8.0,-1.1902824844058315,0.0316646109218043,2.4645136277305406,1.4683353890781956,Lawnmower Search,,,,
1.0,2300.0,4.0,0.0909537609213941,0.008806526910982,0.0034902457314234,9.145428461134111,4.191907352950336,8.0,-1.3411465334255366,0.0262626626571331,2.4558900700806903,1.4737373373428668,Lawnmower Search,,,,
0.7777777777777777,2300.0,4.0,0.0909537609213941,0.008806526910982,0.0034902457314234,9.145428461134111,4.191907352950336,8.0,-1.030183888970323,0.0258701515319481,2.454909254172484,1.4741298484680518,Lawnmower Search,,,,
0.8888888888888888,2300.0,4.0,0.0909537609213941,0.008806526910982,0.0034902457314234,9.145428461134111,4.191907352950336,8.0,-1.185377266654686,0.0258701515319481,2.454909254172484,1.4741298484680518,Lawnmower Search,,,,
0.6666666666666666,2300.0,4.0,0.0909537609213941,0.008806526910982,0.0034902457314234,9.145428461134111,4.191907352950336,8.0,-0.8749905112859542,0.025870151531939,2.454909254172468,1.474129848468061,Lawnmower Search,,,,
1.0,2300.0,4.0,0.0951626262525076,0.0065396922506181,0.0034927735351559,8.898552394645408,3.3865973300388017,10.0,-1.3326367705624544,0.0158901700218883,2.4413968091611618,1.4841098299781117,Lawnmower Search,,,,
0.8888888888888888,2300.0,4.0,0.0951626262525076,0.0065396922506181,0.0034927735351559,8.898552394645408,3.3865973300388017,10.0,-1.1780082852402145,0.015494784908909,2.4404215067510435,1.484505215091091,Lawnmower Search,,,,
0.7777777777777777,2300.0,4.0,0.0951626262525076,0.0065396922506181,0.0034927735351559,8.898552394645408,3.3865973300388017,10.0,-1.0237920907074278,0.0153475145288073,2.4400583986565114,1.4846524854711929,Lawnmower Search,,,,
1.0,2300.0,4.0,0.092432744368028,0.0077099844014349,0.0038030298407262,9.1224249824754,4.141126222513605,8.0,-1.3191906719640272,0.0030412142772402,2.418496310231615,1.4969587857227598,Lawnmower Search,,,,
0.8888888888888888,2300.0,4.0,0.092432744368028,0.0077099844014349,0.0038030298407262,9.1224249824754,4.141126222513605,8.0,-1.1663877264609277,0.0027134231863135,2.417702155492526,1.4972865768136865,Lawnmower Search,,,,
0.7777777777777777,2300.0,4.0,0.092432744368028,0.0077099844014349,0.0038030298407262,9.1224249824754,4.141126222513605,8.0,-1.0140510713629745,0.0027134231862959,2.4177021554924982,1.497286576813704,Lawnmower Search,,,,
1.0,2300.0,4.0,0.0915981857995975,0.0087926233126116,0.003440081015579,9.185989089452894,4.195561661908457,8.0,-1.313344472211336,-0.0022608591053152,2.4085394524710977,1.5022608591053153,Lawnmower Search,,,,
1.0,2300.0,4.0,0.0915981857995975,0.0087926233126116,0.003440081015579,9.185989089452894,4.195561661908457,8.0,-1.313344472211336,-0.0022608591053152,2.4085394524710977,1.5022608591053153,Lawnmower Search,,,,
1.0,2300.0,4.0,0.0915981857995975,0.0087926233126116,0.003440081015579,9.185989089452894,4.195561661908457,8.0,-1.313344472211336,-0.0022608591053152,2.4085394524710977,1.5022608591053153,Lawnmower Search,,,,
1.0,2300.0,4.0,0.0915981857995975,0.0087926233126116,0.003440081015579,9.185989089452894,4.195561661908457,8.0,-1.313344472211336,-0.0022608591053152,2.4085394524710977,1.5022608591053153,Lawnmower Search,,,,
1.0,2300.0,4.0,0.0915981857995975,0.0087926233126116,0.003440081015579,9.185989089452894,4.195561661908457,8.0,,,2.4085394524710977,1.5022608591053153,Heuristic (Genetic) method,1.313344472211336,10.424783023198446,,
1.0,2300.0,4.0,0.0915981857995975,0.0087926233126116,0.003440081015579,9.185989089452894,4.195561661908457,8.0,,,2.4085394524710977,1.5022608591053153,Gradient (SQP) method,1.313344472211336,1.4892831563949585,,
1.0,2300.0,4.0,0.0915981857995975,0.0087926233126116,0.003440081015579,9.185989104354055,4.195561661908457,8.0,-1.3133444710801667,-0.0022608611287275,2.408539450544566,1.5022608611287276,Lawnmower Search,,,,
1.0,2300.0,4.0,0.0915981857995975,0.0087926233126116,0.003440081015579,9.185989104354055,4.195561661908457,8.0,-1.3133444710801667,-0.0022608611287275,2.408539450544566,1.5022608611287276,Lawnmower Search,,,,
1.0,2300.0,4.0,0.0915981857995975,0.0087926382137727,0.003440081015579,9.185989089452894,4.195561661908457,8.0,-1.3133431399297764,-0.0022623342179457,2.4085371834179443,1.5022623342179455,Lawnmower Search,,,,
1.0,2300.0,4.0,0.0915981857995975,0.0087926382137727,0.003440081015579,9.185989089452894,4.195561661908457,8.0,-1.3133431399297764,-0.0022623342179457,2.4085371834179443,1.5022623342179455,Lawnmower Search,,,,
1.0,2300.0,4.0,0.0915981857995975,0.0087926233126116,0.003440081015579,9.185989089452894,4.195561676809618,8.0,-1.3121490924426868,-0.0031080119367294,2.4065035613230474,1.5031080119367295,Lawnmower Search,,,,
1.0,2300.0,4.0,0.0915981857995975,0.0087926233126116,0.003440081015579,9.185989089452894,4.195561676809618,8.0,-1.3121490924426868,-0.0031080119367294,2.4065035613230474,1.5031080119367295,Lawnmower Search,,,,
1.0,2300.0,4.0,0.0915982007007586,0.0087926233126116,0.003440081015579,9.185989089452894,4.195561661908457,8.0,-1.312148216446887,-0.0031087288031095,2.406502069385388,1.5031087288031095,Lawnmower Search,,,,
1.0,2300.0,4.0,0.0915982007007586,0.0087926233126116,0.003440081015579,9.185989089452894,4.195561661908457,8.0,-1.312148216446887,-0.0031087288031095,2.406502069385388,1.5031087288031095,Lawnmower Search,,,,
1.0,2300.0,4.0,0.0915981857995975,0.0087926233126116,0.0034400959167402,9.185989089452894,4.195561661908457,8.0,-1.3121464811308934,-0.0031106291766895,2.406499113910849,1.5031106291766896,Lawnmower Search,,,,
1.0,2300.0,4.0,0.0915981857995975,0.0087926233126116,0.0034400959167402,9.185989089452894,4.195561661908457,8.0,-1.3121464811308934,-0.0031106291766895,2.406499113910849,1.5031106291766896,Lawnmower Search,,,,
0.6666666666666666,2300.0,4.0,0.095734900585527,0.0076772221181462,0.0035724012476515,9.13617493911735,3.3860697651545544,8.0,-0.8388458430446363,-0.0327298890738854,2.354243182628091,1.5327298890738854,Lawnmower Search,,,,
0.6666666666666666,2300.0,4.0,0.095734900585527,0.0076772221181462,0.0035724012476515,9.13617493911735,3.3860697651545544,8.0,-0.8388458430446363,-0.0327298890738854,2.354243182628091,1.5327298890738854,Lawnmower Search,,,,
0.6666666666666666,2300.0,4.0,0.095734900585527,0.0076772221181462,0.0035724012476515,9.13617495401851,3.3860697651545544,8.0,-0.838845842506656,-0.032729891163042,2.354243180956836,1.532729891163042,Lawnmower Search,,,,
0.6666666666666666,2300.0,4.0,0.095734900585527,0.0076772221181462,0.0035724012476515,9.13617495401851,3.3860697651545544,8.0,-0.838845842506656,-0.032729891163042,2.354243180956836,1.532729891163042,Lawnmower Search,,,,
0.6666666666666666,2300.0,4.0,0.095734900585527,0.0076772370193074,0.0035724012476515,9.13617493911735,3.3860697651545544,8.0,-0.8388450114701905,-0.0327315163864079,2.3542408269575894,1.532731516386408,Lawnmower Search,,,,
0.6666666666666666,2300.0,4.0,0.095734900585527,0.0076772370193074,0.0035724012476515,9.13617493911735,3.3860697651545544,8.0,-0.8388450114701905,-0.0327315163864079,2.3542408269575894,1.532731516386408,Lawnmower Search,,,,
0.6666666666666666,2300.0,4.0,0.095734900585527,0.0076772221181462,0.0035724012476515,9.13617493911735,3.386069780055716,8.0,-0.8381141108975101,-0.0335952373121593,2.3522508572470846,1.5335952373121593,Lawnmower Search,,,,
0.6666666666666666,2300.0,4.0,0.095734900585527,0.0076772221181462,0.0035724012476515,9.13617493911735,3.386069780055716,8.0,-0.8381141108975101,-0.0335952373121593,2.3522508572470846,1.5335952373121593,Lawnmower Search,,,,
0.6666666666666666,2300.0,4.0,0.0957349154866882,0.0076772221181462,0.0035724012476515,9.13617493911735,3.3860697651545544,8.0,-0.83811360224214,-0.0335959346166381,2.3522494586956038,1.533595934616638,Lawnmower Search,,,,
0.6666666666666666,2300.0,4.0,0.0957349154866882,0.0076772221181462,0.0035724012476515,9.13617493911735,3.3860697651545544,8.0,-0.83811360224214,-0.0335959346166381,2.3522494586956038,1.533595934616638,Lawnmower Search,,,,
0.6666666666666666,2300.0,4.0,0.095734900585527,0.0076772221181462,0.0035724161488127,9.13617493911735,3.3860697651545544,8.0,-0.8381124653175324,-0.0335980264325219,2.352246256939356,1.533598026432522,Lawnmower Search,,,,
0.6666666666666666,2300.0,4.0,0.095734900585527,0.0076772221181462,0.0035724161488127,9.13617493911735,3.3860697651545544,8.0,-0.8381124653175324,-0.0335980264325219,2.352246256939356,1.533598026432522,Lawnmower Search,,,,
0.6666666666666666,2300.0,4.0,0.0957220811961569,0.0076908818720775,0.0035721573855719,9.139045658727786,3.386069780055716,8.0,-0.8379481070935619,-0.0345650128319521,2.3516889585666934,1.534565012831952,Lawnmower Search,,,,
0.6666666666666666,2300.0,4.0,0.0957220811961569,0.0076908818720775,0.0035721573855719,9.139045658727786,3.386069780055716,8.0,-0.8379481070935619,-0.0345650128319521,2.3516889585666934,1.534565012831952,Lawnmower Search,,,,
0.6666666666666666,2300.0,4.0,0.0957220960973181,0.0076908818720775,0.0035721573855719,9.139045658727786,3.3860697651545544,8.0,-0.8379475985552804,-0.03456571063683,2.3516875602432297,1.53456571063683,Lawnmower Search,,,,
0.6666666666666666,2300.0,4.0,0.0957220960973181,0.0076908818720775,0.0035721573855719,9.139045658727786,3.3860697651545544,8.0,-0.8379475985552804,-0.03456571063683,2.3516875602432297,1.53456571063683,Lawnmower Search,,,,
0.6666666666666666,2300.0,4.0,0.0957220811961569,0.0076908818720775,0.0035721722867331,9.139045658727786,3.3860697651545544,8.0,-0.8379464636452486,-0.034567800751337,2.351684363875392,1.534567800751337,Lawnmower Search,,,,
0.6666666666666666,2300.0,4.0,0.0957220811961569,0.0076908818720775,0.0035721722867331,9.139045658727786,3.3860697651545544,8.0,-0.8379464636452486,-0.034567800751337,2.351684363875392,1.534567800751337,Lawnmower Search,,,,
0.6666666666666666,2300.0,4.0,0.0957220811961569,0.0076908818720775,0.0035721573855719,9.139045658727786,3.3860697651545544,8.0,-0.8372174206636834,-0.0354312235994072,2.349699182110914,1.5354312235994072,Lawnmower Search,,,,
0.6666666666666666,2300.0,4.0,0.0957220811961569,0.0076908818720775,0.0035721573855719,9.139045658727786,3.3860697651545544,8.0,-0.8372174206636834,-0.0354312235994072,2.349699182110914,1.5354312235994072,Lawnmower Search,,,,
0.6666666666666666,2300.0,4.0,0.0957220811961569,0.0076908818720775,0.0035721573855719,9.139045673628948,3.3860697651545544,8.0,-0.8372174201267552,-0.0354312256902684,2.349699180442104,1.5354312256902685,Lawnmower Search,,,,
0.6666666666666666,2300.0,4.0,0.0957220811961569,0.0076908818720775,0.0035721573855719,9.139045673628948,3.3860697651545544,8.0,-0.8372174201267552,-0.0354312256902684,2.349699180442104,1.5354312256902685,Lawnmower Search,,,,
0.6666666666666666,2300.0,4.0,0.0957220811961569,0.0076908967732387,0.0035721573855719,9.139045658727786,3.3860697651545544,8.0,-0.8372165917462948,-0.0354328522660065,2.349696833035977,1.5354328522660066,Lawnmower Search,,,,
0.6666666666666666,2300.0,4.0,0.0957220811961569,0.0076908967732387,0.0035721573855719,9.139045658727786,3.3860697651545544,8.0,-0.8372165917462948,-0.0354328522660065,2.349696833035977,1.5354328522660066,Lawnmower Search,,,,
0.6666666666666666,2300.0,4.0,0.0957752248473191,0.0076885172481411,0.003586447752129,9.13701659850948,3.388909016707108,8.0,-0.8333582142908462,-0.0355654511708727,2.3398209932585927,1.5355654511708727,Lawnmower Search,,,,
0.6666666666666666,2300.0,4.0,0.095541291464136,0.0078831611523839,0.0035687182389203,9.137379059089866,3.3860697651545544,8.0,-0.832817982815592,-0.0358876522488749,2.338395077908208,1.535887652248875,Lawnmower Search,,,,
0.8888888888888888,2300.0,4.0,0.0957258745076036,0.0077152597943586,0.0035994636805108,9.136498163554933,3.3860745095754368,8.0,-1.1254206148902548,-0.0374185211727602,2.3377824196877746,1.5374185211727602,Lawnmower Search,,,,
0.6666666666666666,2300.0,4.0,0.0955287969861386,0.007896836670035,0.0035684805576001,9.18232890382384,3.3860697651545544,8.0,-0.8309347381613017,-0.0387646802557819,2.3331751162172587,1.538764680255782,Lawnmower Search,,,,
0.6666666666666666,2300.0,4.0,0.095828370905333,0.0076861525171119,0.0036007387658902,9.134987446395966,3.391748396848066,8.0,-0.8307622600683038,-0.0400163571671621,2.332556618419605,1.540016357167162,Lawnmower Search,,,,
0.8888888888888888,2300.0,4.0,0.095703523880176,0.0077680572381853,0.0036268344811752,9.136909767852114,3.3860793518735983,8.0,-1.1187470695252368,-0.0421213260026087,2.324828668240757,1.5421213260026088,Lawnmower Search,,,,
0.6666666666666666,2300.0,4.0,0.095934665208185,0.0076814229577509,0.0036293213814513,9.130929058674525,3.3974272739631988,8.0,-0.8248972248058362,-0.0498084007486272,2.3161817263798827,1.5498084007486272,Lawnmower Search,,,,
0.6666666666666666,2300.0,4.0,0.091637675600634,0.0086356549015413,0.003489189567293,10.048203479996015,4.202424166161743,8.0,-0.8244777223659898,-0.0692073606847714,2.312353358121003,1.5692073606847714,Lawnmower Search,,,,
0.7777777777777777,2300.0,4.0,0.091637675600634,0.0086356549015413,0.003489189567293,10.048203479996015,4.202424166161743,8.0,-0.968607984965052,-0.0692073606847714,2.312353358121003,1.5692073606847714,Lawnmower Search,,,,
0.8888888888888888,2300.0,4.0,0.091637675600634,0.0086356549015413,0.003489189567293,10.048203479996015,4.202424166161743,8.0,-1.1127382475641143,-0.0692073606847714,2.312353358121003,1.5692073606847714,Lawnmower Search,,,,
1.0,2300.0,4.0,0.091637675600634,0.0086356549015413,0.003489189567293,10.048203479996015,4.202424166161743,8.0,-1.256868510163177,-0.0692073606847714,2.312353358121003,1.5692073606847714,Lawnmower Search,,,,
0.5555555555555556,2300.0,4.0,0.091637675600634,0.0086356549015413,0.003489189567293,10.048203479996015,4.202424166161743,8.0,-0.6803474597669236,-0.0692073606847814,2.3123533581209883,1.5692073606847814,Lawnmower Search,,,,
0.5555555555555556,2300.0,4.0,0.091637675600634,0.0086356549015413,0.003489189567293,10.048203479996015,4.202424166161743,8.0,-0.6803474597669236,-0.0692073606847814,2.3123533581209883,1.5692073606847814,Lawnmower Search,,,,
0.5555555555555556,2300.0,4.0,0.091637675600634,0.0086356549015413,0.003489189567293,10.048203479996015,4.202424166161743,8.0,-0.6803474597669236,-0.0692073606847814,2.3123533581209883,1.5692073606847814,Lawnmower Search,,,,
0.5555555555555556,2300.0,4.0,0.091637675600634,0.0086356549015413,0.003489189567293,10.048203479996015,4.202424166161743,8.0,-0.6803474597669236,-0.0692073606847814,2.3123533581209883,1.5692073606847814,Lawnmower Search,,,,
0.5555555555555556,2300.0,4.0,0.091637675600634,0.0086356549015413,0.003489189567293,10.048203479996015,4.202424166161743,8.0,,,2.3123533581209883,1.5692073606847814,Heuristic (Genetic) method,0.6803474597669236,75.730249273777,,
0.5555555555555556,2300.0,4.0,0.091637675600634,0.0086356549015413,0.003489189567293,10.048203494897177,4.202424166161743,8.0,-0.6803474591988581,-0.0692073623831639,2.3123533559933493,1.569207362383164,Lawnmower Search,,,,
0.5555555555555556,2300.0,4.0,0.091637675600634,0.0086356549015413,0.003489189567293,10.048203494897177,4.202424166161743,8.0,-0.6803474591988581,-0.0692073623831639,2.3123533559933493,1.569207362383164,Lawnmower Search,,,,
0.5555555555555556,2300.0,4.0,0.091637675600634,0.0086356698027025,0.003489189567293,10.048203479996015,4.202424166161743,8.0,-0.6803468542340588,-0.06920892094131,2.3123511470258613,1.56920892094131,Lawnmower Search,,,,
0.5555555555555556,2300.0,4.0,0.091637675600634,0.0086356698027025,0.003489189567293,10.048203479996015,4.202424166161743,8.0,-0.6803468542340588,-0.06920892094131,2.3123511470258613,1.56920892094131,Lawnmower Search,,,,
0.5555555555555556,2300.0,4.0,0.091637675600634,0.0086356549015413,0.003489189567293,10.048203479996015,4.202424181062904,8.0,-0.6797745813964978,-0.0700937044008298,2.310395594802332,1.5700937044008298,Lawnmower Search,,,,
0.5555555555555556,2300.0,4.0,0.091637675600634,0.0086356549015413,0.003489189567293,10.048203479996015,4.202424181062904,8.0,-0.6797745813964978,-0.0700937044008298,2.310395594802332,1.5700937044008298,Lawnmower Search,,,,
0.5555555555555556,2300.0,4.0,0.0916376905017952,0.0086356549015413,0.003489189567293,10.048203479996015,4.202424166161743,8.0,-0.6797741710987933,-0.070094451957718,2.310394167008221,1.570094451957718,Lawnmower Search,,,,
0.5555555555555556,2300.0,4.0,0.0916376905017952,0.0086356549015413,0.003489189567293,10.048203479996015,4.202424166161743,8.0,-0.6797741710987933,-0.070094451957718,2.310394167008221,1.570094451957718,Lawnmower Search,,,,
0.5555555555555556,2300.0,4.0,0.091637675600634,0.0086356549015413,0.0034892044684542,10.048203479996015,4.202424166161743,8.0,-0.6797734065734762,-0.0700964154079952,2.3103913768269044,1.5700964154079953,Lawnmower Search,,,,
0.5555555555555556,2300.0,4.0,0.091637675600634,0.0086356549015413,0.0034892044684542,10.048203479996015,4.202424166161743,8.0,-0.6797734065734762,-0.0700964154079952,2.3103913768269044,1.5700964154079953,Lawnmower Search,,,,
0.5555555555555556,2300.0,4.0,0.0916464455778728,0.0086484275073899,0.003489025480851,10.04823808183879,4.202364739595463,8.0,-0.6797349898249818,-0.0707440093809859,2.3101263640316683,1.570744009380986,Lawnmower Search,,,,
0.5555555555555556,2300.0,4.0,0.0916464455778728,0.0086484275073899,0.003489025480851,10.04823808183879,4.202364739595463,8.0,-0.6797349898249818,-0.0707440093809859,2.3101263640316683,1.570744009380986,Lawnmower Search,,,,
0.5555555555555556,2300.0,4.0,0.0916464455778728,0.0086484275073899,0.003489025480851,10.04823809673995,4.202364739595463,8.0,-0.6797349892576183,-0.0707440110812966,2.310126361905743,1.570744011081297,Lawnmower Search,,,,
0.5555555555555556,2300.0,4.0,0.0916464455778728,0.0086484275073899,0.003489025480851,10.04823809673995,4.202364739595463,8.0,-0.6797349892576183,-0.0707440110812966,2.310126361905743,1.570744011081297,Lawnmower Search,,,,
0.5555555555555556,2300.0,4.0,0.0916464455778728,0.0086484424085511,0.003489025480851,10.04823808183879,4.202364739595463,8.0,-0.6797343856154051,-0.070745569774961,2.310124156962015,1.570745569774961,Lawnmower Search,,,,
0.5555555555555556,2300.0,4.0,0.0916464455778728,0.0086484424085511,0.003489025480851,10.04823808183879,4.202364739595463,8.0,-0.6797343856154051,-0.070745569774961,2.310124156962015,1.570745569774961,Lawnmower Search,,,,
0.5555555555555556,2300.0,4.0,0.0916464475484834,0.008648428334414,0.003489025946963,10.048238086370624,4.202364737154117,8.0,-0.6797129954991776,-0.0707781640336013,2.3100511717382006,1.5707781640336014,Lawnmower Search,,,,
0.5555555555555556,2300.0,4.0,0.09164664263893,0.0086485102097999,0.0034890720920568,10.0482385350223,4.202364495460794,8.0,-0.679700654704921,-0.0708049713243512,2.310007244237977,1.5708049713243513,Lawnmower Search,,,,
0.5555555555555556,2300.0,4.0,0.0916464455778728,0.0086484275073899,0.003489025480851,10.04823808183879,4.2023647544966245,8.0,-0.6791627532557755,-0.0716312794146742,2.308170357631352,1.5716312794146745,Lawnmower Search,,,,
0.5555555555555556,2300.0,4.0,0.0916464455778728,0.0086484275073899,0.003489025480851,10.04823808183879,4.2023647544966245,8.0,-0.6791627532557755,-0.0716312794146742,2.308170357631352,1.5716312794146745,Lawnmower Search,,,,
0.5555555555555556,2300.0,4.0,0.091646460479034,0.0086484275073899,0.003489025480851,10.04823808183879,4.202364739595463,8.0,-0.6791623435114962,-0.0716320276099944,2.308168931388685,1.5716320276099944,Lawnmower Search,,,,
0.5555555555555556,2300.0,4.0,0.091646460479034,0.0086484275073899,0.003489025480851,10.04823808183879,4.202364739595463,8.0,-0.6791623435114962,-0.0716320276099944,2.308168931388685,1.5716320276099944,Lawnmower Search,,,,
0.5555555555555556,2300.0,4.0,0.0916464455778728,0.0086484275073899,0.0034890403820122,10.04823808183879,4.202364739595463,8.0,-0.6791615808835988,-0.0716339907961747,2.3081661470842216,1.5716339907961747,Lawnmower Search,,,,
0.5555555555555556,2300.0,4.0,0.0916464455778728,0.0086484275073899,0.0034890403820122,10.04823808183879,4.202364739595463,8.0,-0.6791615808835988,-0.0716339907961747,2.3081661470842216,1.5716339907961747,Lawnmower Search,,,,
0.5555555555555556,2300.0,4.0,0.0916464457749339,0.0086484275900924,0.0034890255274622,10.048238082291974,4.202364739351329,8.0,-0.679140900098238,-0.071665197518081,2.308095651892229,1.571665197518081,Lawnmower Search,,,,
0.5555555555555556,2300.0,4.0,0.0916464457749339,0.0086484275900924,0.0034890255274622,10.048238082291974,4.202364739351329,8.0,,,2.308095651892229,1.571665197518081,Gradient (SQP) method,0.679140900098238,6.734083910783132,,
0.5555555555555556,2300.0,4.0,0.0916464652839785,0.0086484357776309,0.0034890301419715,10.04823812715714,4.2023647151819965,8.0,-0.6791396673262642,-0.0716678797499632,2.308091262808696,1.5716678797499632,Lawnmower Search,,,,
0.5555555555555556,2300.0,4.0,0.0916484161884447,0.0086492545314898,0.0034894915929097,10.048242613673894,4.202362298248773,8.0,-0.6790164100239804,-0.0719361155243163,2.307652412584954,1.5719361155243163,Lawnmower Search,,,,
0.5555555555555556,2300.0,4.0,0.0916598833928595,0.0086540670776842,0.0034922039513708,10.048268984931749,4.202348091777974,8.0,-0.6788640080341314,-0.0726249595868455,2.307028583202045,1.5726249595868456,Lawnmower Search,,,,
0.5555555555555556,2300.0,4.0,0.0916552242128414,0.0086612127223671,0.0034888612324227,10.048272717840534,4.202305254363221,8.0,-0.6784184424575781,-0.0733777591349782,2.3054914784880958,1.5733777591349782,Lawnmower Search,,,,
0.5555555555555556,2300.0,4.0,0.0916727855880657,0.0086867891312666,0.003488532658756,10.048342006041386,4.202186256080751,8.0,-0.6775041182595537,-0.0759834685594085,2.3020960398109707,1.5759834685594083,Lawnmower Search,,,,
0.5555555555555556,2300.0,4.0,0.0917295362280524,0.0086832989178796,0.0035086790616103,10.048429166333484,4.202261800391387,8.0,-0.675059907817891,-0.0813244102012171,2.293388621726698,1.5813244102012172,Lawnmower Search,,,,
0.5555555555555556,2300.0,4.0,0.0917782149584592,0.0088403365985221,0.0034865600732178,10.04875797639099,4.201471852234891,8.0,-0.6694549652697626,-0.0874099845404305,2.2748222325982885,1.5874099845404306,Lawnmower Search,,,,
0.5555555555555556,2300.0,4.0,0.0919188550129818,0.0090451649502991,0.0034839286951055,10.04931287008361,4.200518855973434,8.0,-0.6579143971967115,-0.1034860856648951,2.235787845820544,1.6034860856648951,Lawnmower Search,,,,
0.5555555555555556,2300.0,4.0,0.0922002021132891,0.0094549192200115,0.0034786646854731,10.050422921782088,4.1986124095085575,8.0,-0.6429924250380691,-0.1293956408834247,2.1841514978711003,1.6293956408834247,Lawnmower Search,,,,
0.8888888888888888,2300.0,4.0,0.0958059300609277,0.0076281488852721,0.0036300032942354,9.223823119811804,4.202424166161743,8.0,-1.0472932289949335,-0.151364218100565,2.184040365484604,1.651364218100565,Lawnmower Search,,,,
1.0,2300.0,4.0,0.0958059300609277,0.0076281488852721,0.0036300032942354,9.223823119811804,4.202424166161743,8.0,-1.181529140669256,-0.151364218100565,2.184040365484604,1.651364218100565,Lawnmower Search,,,,
0.7777777777777777,2300.0,4.0,0.0958059300609277,0.0076281488852721,0.0036300032942354,9.223823119811804,4.202424166161743,8.0,-0.9125527122225168,-0.1519452302746935,2.1828882306249264,1.6519452302746935,Lawnmower Search,,,,
1.0,2300.0,4.0,0.0970863162818657,0.0076950224309522,0.00357972099515,8.897285021100934,4.195561661908457,8.0,-1.1482846982434278,-0.189023488295901,2.1274206469385035,1.689023488295901,Lawnmower Search,,,,
0.7777777777777777,2300.0,4.0,0.095806679051346,0.0076281488852721,0.0036303724878573,9.936948212307689,4.202424166161743,8.0,-0.8773482028789547,-0.1968419276624768,2.1021536984847105,1.6968419276624769,Lawnmower Search,,,,
0.7777777777777777,2300.0,4.0,0.0958805456001735,0.0076131453648893,0.0036123448358131,10.050333202183944,4.191853470359891,8.0,-0.8729712372865056,-0.2011672521831464,2.0922180435853237,1.7011672521831465,Lawnmower Search,,,,
0.2222222222222222,2300.0,4.0,0.0957947559435892,0.0076281488852721,0.0036303724878573,10.050333202183944,4.202424166161743,8.0,-0.2365144740245546,-0.20397390847449,2.0906033652655736,1.70397390847449,Lawnmower Search,,,,
0.3333333333333333,2300.0,4.0,0.0957947559435892,0.0076281488852721,0.0036303724878573,10.050333202183944,4.202424166161743,8.0,-0.3636791659812719,-0.20397390847449,2.0906033652655736,1.70397390847449,Lawnmower Search,,,,
0.4444444444444444,2300.0,4.0,0.0957947559435892,0.0076281488852721,0.0036303724878573,10.050333202183944,4.202424166161743,8.0,-0.4908438579379892,-0.20397390847449,2.0906033652655736,1.70397390847449,Lawnmower Search,,,,
0.5555555555555556,2300.0,4.0,0.0957947559435892,0.0076281488852721,0.0036303724878573,10.050333202183944,4.202424166161743,8.0,-0.6180085498947065,-0.20397390847449,2.0906033652655736,1.70397390847449,Lawnmower Search,,,,
0.6666666666666666,2300.0,4.0,0.0957947559435892,0.0076281488852721,0.0036303724878573,10.050333202183944,4.202424166161743,8.0,-0.7451732418514239,-0.20397390847449,2.0906033652655736,1.70397390847449,Lawnmower Search,,,,
0.7777777777777777,2300.0,4.0,0.0957947559435892,0.0076281488852721,0.0036303724878573,10.050333202183944,4.202424166161743,8.0,-0.8723379338081411,-0.20397390847449,2.0906033652655736,1.70397390847449,Lawnmower Search,,,,
0.1111111111111111,2300.0,4.0,0.0957947559435892,0.0076281488852721,0.0036303724878573,10.050333202183944,4.202424166161743,8.0,-0.1093497820678382,-0.2039739084745038,2.090603365265556,1.7039739084745038,Lawnmower Search,,,,
0.5555555555555556,2300.0,4.0,0.0972858113014039,0.0076960207108066,0.0035869048968154,9.122055374471586,4.202424166161743,8.0,-0.6184399142349655,-0.2168544335051174,2.0889971791602293,1.7168544335051177,Lawnmower Search,,,,
0.6666666666666666,2300.0,4.0,0.0972858113014039,0.0076960207108066,0.0035869048968154,9.122055374471586,4.202424166161743,8.0,-0.7452609958248403,-0.2168544335051174,2.0889971791602293,1.7168544335051177,Lawnmower Search,,,,
0.7777777777777777,2300.0,4.0,0.0972858113014039,0.0076960207108066,0.0035869048968154,9.122055374471586,4.202424166161743,8.0,-0.8720820774147151,-0.2168544335051174,2.0889971791602293,1.7168544335051177,Lawnmower Search,,,,
0.4444444444444444,2300.0,4.0,0.0972858113014039,0.0076960207108066,0.0035869048968154,9.122055374471586,4.202424166161743,8.0,-0.4913312193082994,-0.2176047653270301,2.0876284680091386,1.71760476532703,Lawnmower Search,,,,
0.7777777777777777,2300.0,4.0,0.0972858113014039,0.007674834677274,0.0038348544300794,9.122055374471586,4.141126222513605,8.0,-0.8466561356047875,-0.2331051619018103,2.032001310034965,1.7331051619018103,Lawnmower Search,,,,
0.6666666666666666,2300.0,4.0,0.0972858113014039,0.007674834677274,0.0038348544300794,9.122055374471586,4.141126222513605,8.0,-0.7238547333093794,-0.2331051619018236,2.032001310034949,1.7331051619018236,Lawnmower Search,,,,
1.0,3800.0,4.0,0.0930547274459093,0.0074164206767071,0.0039660290200415,8.899302522736875,4.195561661908457,8.0,-1.0855813960943062,-0.2533773848988696,2.02062856199031,1.7533773848988696,Lawnmower Search,,,,
0.6666666666666666,2300.0,4.0,0.0973856771391086,0.0087968733079869,0.0035726461253136,9.159154567749182,4.245479523290042,8.0,-0.6945077139686594,-0.3069551853124295,1.9465341122222075,1.8069551853124293,Lawnmower Search,,,,
0.5555555555555556,2300.0,4.0,0.0973856771391086,0.0087968733079869,0.0035726461253136,9.159154567749182,4.245479523290042,8.0,-0.5785204365487067,-0.3072444364818958,1.9460668140020023,1.807244436481896,Lawnmower Search,,,,
0.6666666666666666,2300.0,4.0,0.1022565152871076,0.0076679223904108,0.0034851265998763,9.159063781461578,3.3906237702194018,8.0,-0.6866398520914361,-0.32347531172252,1.9240865130407605,1.82347531172252,Lawnmower Search,,,,
0.5555555555555556,2300.0,4.0,0.1022565152871076,0.0076679223904108,0.0034851265998763,9.159063781461578,3.3906237702194018,8.0,-0.57217254020053,-0.3243394300632183,1.922719627975132,1.8243394300632183,Lawnmower Search,,,,
0.4444444444444444,2300.0,4.0,0.1021474096880121,0.0076635295442481,0.0035726461253136,9.159063781461578,3.3860697651545544,8.0,-0.4561860148973933,-0.3356866362193753,1.9110005883099024,1.8356866362193756,Lawnmower Search,,,,
0.5555555555555556,2300.0,4.0,0.1021474096880121,0.0076635295442481,0.0035726461253136,9.159063781461578,3.3860697651545544,8.0,-0.5690137574644535,-0.3360949765414962,1.9103631252008733,1.836094976541496,Lawnmower Search,,,,
0.7777777777777777,3800.0,4.0,0.097283353380877,0.0076635295442481,0.0035726461253136,9.159063781461578,3.3860697651545544,8.0,-0.7876304689064022,-0.357060391831425,1.892684845049175,1.857060391831425,Lawnmower Search,,,,
0.8888888888888888,3800.0,4.0,0.097283353380877,0.0076635295442481,0.0035726461253136,9.159063781461578,3.3860697651545544,8.0,-0.8990446584352699,-0.357060391831425,1.892684845049175,1.857060391831425,Lawnmower Search,,,,
0.4444444444444444,2300.0,4.0,0.1021474096880121,0.0076544316089409,0.0035956728386801,9.122037276291318,3.804847724189597,8.0,-0.446298189484464,-0.400731443089239,1.850002165700158,1.900731443089239,Lawnmower Search,,,,
0.5555555555555556,2300.0,4.0,0.1021474096880121,0.0076544316089409,0.0035956728386801,9.122037276291318,3.804847724189597,8.0,-0.5541180678077752,-0.400731443089239,1.850002165700158,1.900731443089239,Lawnmower Search,,,,
0.3333333333333333,2300.0,4.0,0.1021474096880121,0.0076544316089409,0.0035956728386801,9.122037276291318,3.804847724189597,8.0,-0.338478311161152,-0.4007314430892548,1.850002165700144,1.9007314430892548,Lawnmower Search,,,,
0.8888888888888888,3800.0,4.0,0.0958485811294685,0.0076281488852721,0.0036401288588125,9.217759367702252,4.202424166161743,8.0,-0.8764888215491212,-0.4160013205700399,1.847373365231294,1.91600132057004,Lawnmower Search,,,,
0.5555555555555556,2300.0,4.0,0.0973341030474832,0.0079339181641676,0.0035879385266529,10.070438620872396,4.202424166161743,10.0,-0.5368786604071145,-0.4221452017093205,1.792283586954955,1.9221452017093208,Lawnmower Search,,,,
0.4444444444444444,2300.0,4.0,0.0973341030474832,0.0079339181641676,0.0035879385266529,10.070438620872396,4.202424166161743,10.0,-0.4332213406291113,-0.4221452017093363,1.7922835869549396,1.9221452017093363,Lawnmower Search,,,,
0.5555555555555556,2300.0,4.0,0.097474556317827,0.0086621841182026,0.0042766246297692,10.048716667125412,4.201894162953405,8.0,-0.5210862134823482,-0.4524018324526655,1.7369902993978554,1.9524018324526653,Lawnmower Search,,,,
0.5555555555555556,2300.0,4.0,0.0957938973848754,0.0092209771733052,0.0036297044536139,10.2221293599674,4.225450528110379,10.0,-0.5208436078671498,-0.4548382290538684,1.7356926040804015,1.9548382290538684,Lawnmower Search,,,,
0.4444444444444444,3800.0,4.0,0.0920000011810991,0.0087926233126116,0.0041870021307531,10.553366228684595,4.191907352950336,8.0,-0.4209732839986993,-0.477182231379083,1.7257959974342103,1.977182231379083,Lawnmower Search,,,,
0.3333333333333333,3800.0,4.0,0.0920000011810991,0.0087926233126116,0.0041870021307531,10.553366228684595,4.191907352950336,8.0,-0.3225124879916172,-0.4782977046133851,1.7243365549196377,1.9782977046133847,Lawnmower Search,,,,
0.4444444444444444,3800.0,4.0,0.0914327948153593,0.0074805931672334,0.004769528992251,10.070124697307998,4.084696541767969,10.0,-0.4115511341991639,-0.4787544275133133,1.689131310474643,1.978754427513313,Lawnmower Search,,,,
0.3333333333333333,3800.0,4.0,0.0914327948153593,0.0074805931672334,0.004769528992251,10.070124697307998,4.084696541767969,10.0,-0.3156730086107276,-0.4787544275133215,1.6891313104746348,1.978754427513321,Lawnmower Search,,,,
0.8888888888888888,3800.0,4.0,0.0915981857995975,0.0087943559253422,0.0040650051978876,9.158355520575483,4.188279514294305,9.0,-0.7752354082380397,-0.4879601895457086,1.6508128856047848,1.9879601895457089,Lawnmower Search,,,,
0.5555555555555556,2300.0,4.0,0.0958062629483301,0.0091742975045431,0.0035916231160126,9.149271302109572,4.159398372309763,11.0,-0.4964916439610229,-0.5067999922209685,1.6492239087731464,2.0067999922209685,Lawnmower Search,,,,
0.0,2300.0,4.0,0.1023750721246157,0.0076108228794861,0.0038270101601042,10.834595409581803,3.7987273866711697,8.0,-0.0428958427247648,-0.56778729089715,1.6412158778198562,2.06778729089715,Lawnmower Search,,,,
0.1111111111111111,2300.0,4.0,0.1023750721246157,0.0076108228794861,0.0038270101601042,10.834595409581803,3.7987273866711697,8.0,-0.1339972010921025,-0.56778729089715,1.6412158778198562,2.06778729089715,Lawnmower Search,,,,
0.2222222222222222,2300.0,4.0,0.1023750721246157,0.0076108228794861,0.0038270101601042,10.834595409581803,3.7987273866711697,8.0,-0.2250985594594403,-0.56778729089715,1.6412158778198562,2.06778729089715,Lawnmower Search,,,,
0.3333333333333333,2300.0,4.0,0.1023750721246157,0.0076108228794861,0.0038270101601042,10.834595409581803,3.7987273866711697,8.0,-0.316199917826778,-0.56778729089715,1.6412158778198562,2.06778729089715,Lawnmower Search,,,,
0.4444444444444444,2300.0,4.0,0.1023750721246157,0.0076108228794861,0.0038270101601042,10.834595409581803,3.7987273866711697,8.0,-0.4073012761941157,-0.56778729089715,1.6412158778198562,2.06778729089715,Lawnmower Search,,,,
1.0,2300.0,4.0,0.1023750721246157,0.0076108228794861,0.0038270101601042,10.834595409581803,3.7987273866711697,8.0,-3.981589078952384,-0.5677872908971722,1.641215877819838,2.067787290897172,Lawnmower Search,,,,
0.7777777777777777,3800.0,4.0,0.0972858113014039,0.009176565944299,0.0035218775109419,9.121522165930408,4.198791082166094,8.0,-0.6779564745397488,-0.6082204462752565,1.632132259460246,2.1082204462752565,Lawnmower Search,,,,
1.0,3800.0,4.0,0.0959393164016434,0.0073717229574159,0.0040101465440354,9.17775497633665,4.361270567421586,10.0,-0.8400256664641207,-0.6178722629005473,1.602414409953826,2.1178722629005478,Lawnmower Search,,,,
0.4444444444444444,2300.0,4.0,0.1023750721246157,0.0076108228794861,0.0038446989012173,11.47183908585286,3.7987273866711697,8.0,-0.3976879915054695,-0.6259798428571277,1.5837038371635088,2.125979842857128,Lawnmower Search,,,,
0.3333333333333333,2300.0,4.0,0.1023750721246157,0.0076108228794861,0.0038446989012173,11.47183908585286,3.7987273866711697,8.0,-0.3114176506215673,-0.6259798428571361,1.5837038371635026,2.125979842857136,Lawnmower Search,,,,
0.3333333333333333,2300.0,4.0,0.1044688854998789,0.0075980008074058,0.0038259061763958,10.826987330027888,3.794873972489702,8.0,-0.3102589867925558,-0.6890138165392647,1.5419542986210977,2.1890138165392647,Lawnmower Search,,,,
0.2222222222222222,2300.0,4.0,0.1044688854998789,0.0075980008074058,0.0038259061763958,10.826987330027888,3.794873972489702,8.0,-0.2278810969970895,-0.6890138165392852,1.5419542986210828,2.189013816539285,Lawnmower Search,,,,
0.1111111111111111,3800.0,4.0,0.0984269240565025,0.0075980008074058,0.0036895889333763,10.827284638658638,4.271905216825127,8.0,-0.1469061750576727,-0.7023379631319524,1.5331646870195637,2.2023379631319524,Lawnmower Search,,,,
0.2222222222222222,3800.0,4.0,0.0984269240565025,0.0075980008074058,0.0036895889333763,10.827284638658638,4.271905216825127,8.0,-0.2284635879249719,-0.7023379631319524,1.5331646870195637,2.2023379631319524,Lawnmower Search,,,,
0.3333333333333333,3800.0,4.0,0.0984269240565025,0.0075980008074058,0.0036895889333763,10.827284638658638,4.271905216825127,8.0,-0.3100210007922712,-0.7023379631319524,1.5331646870195637,2.2023379631319524,Lawnmower Search,,,,
0.0,3800.0,4.0,0.0984269240565025,0.0075980008074058,0.0036895889333763,10.827284638658638,4.271905216825127,8.0,-0.0653487621903751,-0.7023379631319617,1.5331646870195563,2.2023379631319617,Lawnmower Search,,,,
0.7777777777777777,3800.0,4.0,0.0959392403544214,0.0085852752820231,0.0040101465440354,9.13640200344378,4.371404547062325,10.0,-0.6213581678261411,-0.705873148478144,1.5002669106441793,2.205873148478144,Lawnmower Search,,,,
0.3333333333333333,2300.0,4.0,0.1044688854998789,0.0075980008074058,0.0038259061763958,10.824504734165156,4.199150081182519,8.0,-0.3064611721912779,-0.7464739966332141,1.4898885113605689,2.246473996633214,Lawnmower Search,,,,
0.3333333333333333,2300.0,4.0,0.1023750721246157,0.008854107522801,0.0038215129632362,10.834595409581803,3.813841099122069,10.0,-0.3011741670466509,-0.8150893561368604,1.4238730816155705,2.3150893561368604,Lawnmower Search,,,,
0.2222222222222222,2300.0,4.0,0.1023750721246157,0.008854107522801,0.0038215129632362,10.834595409581803,3.813841099122069,10.0,-0.2288374324377804,-0.8150893561368653,1.423873081615568,2.3150893561368653,Lawnmower Search,,,,
0.4444444444444444,3800.0,4.0,0.1024680730252302,0.0073991101698082,0.0035023678197899,9.16242432573538,3.97421410360918,10.0,-0.3784710257527766,-0.8806180862228303,1.4196008261463156,2.3806180862228303,Lawnmower Search,,,,
0.3333333333333333,2300.0,4.0,0.1074609385884074,0.007512386715228,0.0043759403305729,10.057178526520044,3.969856791357572,8.0,-0.3013769454956314,-0.8994600804723372,1.3769515653692732,2.399460080472337,Lawnmower Search,,,,
0.2222222222222222,2300.0,4.0,0.1074609385884074,0.007512386715228,0.0043759403305729,10.057178526520044,3.969856791357572,8.0,-0.2336656927990735,-0.89946008047235,1.3769515653692668,2.39946008047235,Lawnmower Search,,,,
0.0,2300.0,4.0,0.1074608712536651,0.0076486540127776,0.0043759403305729,10.057178526520044,4.007596705217208,8.0,-0.1004507892464405,-0.9126892871293628,1.3622656233131267,2.412689287129363,Lawnmower Search,,,,
0.1111111111111111,2300.0,4.0,0.1074608712536651,0.0076486540127776,0.0043759403305729,10.057178526520044,4.007596705217208,8.0,-0.1669586532732896,-0.9126892871293628,1.3622656233131267,2.412689287129363,Lawnmower Search,,,,
0.2222222222222222,2300.0,4.0,0.1074608712536651,0.0076486540127776,0.0043759403305729,10.057178526520044,4.007596705217208,8.0,-0.2334665173001387,-0.9126892871293628,1.3622656233131267,2.412689287129363,Lawnmower Search,,,,
0.3333333333333333,2300.0,4.0,0.1074608712536651,0.0076486540127776,0.0043759403305729,10.057178526520044,4.007596705217208,8.0,-0.2999743813269878,-0.9126892871293628,1.3622656233131267,2.412689287129363,Lawnmower Search,,,,
0.0,2300.0,4.0,0.1074608712536651,0.0076486540127776,0.0043759403305729,10.057178526520044,4.007596705217208,8.0,-1.1192176746620484,-0.9126892871293748,1.3622656233131205,2.412689287129375,Lawnmower Search,,,,
1.0,2300.0,4.0,0.1074608712536651,0.0076486540127776,0.0043759403305729,10.057178526520044,4.007596705217208,8.0,-3.304855870405606,-0.9126892871293748,1.3622656233131205,2.412689287129375,Lawnmower Search,,,,
0.0,2300.0,4.0,0.1074609385884074,0.0076486540127776,0.0043759403305729,10.057178526520044,4.007596705217208,8.0,-0.1004514127111592,-0.9126930232847944,1.362262938362456,2.4126930232847945,Lawnmower Search,,,,
0.1111111111111111,2300.0,4.0,0.1074609385884074,0.0076486540127776,0.0043759403305729,10.057178526520044,4.007596705217208,8.0,-0.167089841104093,-0.9140977774567256,1.361074068041294,2.4140977774567256,Lawnmower Search,,,,
0.2222222222222222,2300.0,4.0,0.1074609385884074,0.0076486540127776,0.0043759403305729,10.057178526520044,4.007596705217208,8.0,-0.2334938534828408,-0.9140977774567256,1.361074068041294,2.4140977774567256,Lawnmower Search,,,,
0.0,2300.0,4.0,0.1023750721246157,0.0076212869795105,0.0038215129632362,10.834595409581803,3.813841099122069,11.0,-0.102683377689027,-0.9260682277269888,1.350205777745605,2.4260682277269887,Lawnmower Search,,,,
0.1111111111111111,2300.0,4.0,0.1023750721246157,0.0076212869795105,0.0038215129632362,10.834595409581803,3.813841099122069,11.0,-0.1681564012742942,-0.9260682277269888,1.350205777745605,2.4260682277269887,Lawnmower Search,,,,
0.2222222222222222,2300.0,4.0,0.1023750721246157,0.0076212869795105,0.0038215129632362,10.834595409581803,3.813841099122069,11.0,-0.2336294248595615,-0.9260682277269888,1.350205777745605,2.4260682277269887,Lawnmower Search,,,,
0.2222222222222222,2300.0,4.0,0.1023750721246157,0.0076212869795105,0.0038761519245757,10.834595409581803,3.813841099122069,11.0,-0.2340844546945457,-0.937154579535139,1.3426652851213154,2.437154579535139,Lawnmower Search,,,,
0.1111111111111111,2300.0,4.0,0.1023750721246157,0.0076212869795105,0.0038761519245757,10.834595409581803,3.813841099122069,11.0,-0.1693089244440005,-0.9371545795351564,1.342665285121306,2.4371545795351564,Lawnmower Search,,,,
0.2222222222222222,3800.0,4.0,0.0980805680427884,0.0076428683720866,0.0038215129632362,9.873450243130783,3.853486534164224,11.0,-0.23486730959653,-0.9507735361065062,1.3351180277988033,2.450773536106506,Lawnmower Search,,,,
0.3333333333333333,2300.0,3.0,0.1026238466553931,0.0075138247434511,0.0035294664514751,10.06153000054878,3.969856791357572,8.0,-0.2983424273978822,-0.9593325637848688,1.3274145757589395,2.459332563784869,Lawnmower Search,,,,
0.2222222222222222,2300.0,3.0,0.1021621408067467,0.0076486540127776,0.0037982811690738,10.057178526520044,4.007596705217208,8.0,-0.2359790347529334,-1.0028223182972469,1.2918641029582176,2.502822318297247,Lawnmower Search,,,,
0.2222222222222222,2300.0,4.0,0.1047012068572466,0.0076212869795105,0.0038761519245757,10.834595409581803,3.813841099122069,11.0,-0.2429882979823443,-1.0958167471319054,1.2530797844182588,2.5958167471319054,Lawnmower Search,,,,
0.1111111111111111,2300.0,4.0,0.1047012068572466,0.0076212869795105,0.0038761519245757,10.834595409581803,3.813841099122069,11.0,-0.1869990886478204,-1.0958167471319302,1.2530797844182462,2.5958167471319302,Lawnmower Search,,,,
0.1111111111111111,2300.0,3.0,0.1023750721246157,0.0077007055721315,0.0038215129632362,10.834595409581803,4.002158168892754,8.0,-0.1852723563671907,-1.0958833998470268,1.2264605408044285,2.5958833998470268,Lawnmower Search,,,,
0.2222222222222222,2300.0,3.0,0.1023750721246157,0.0077007055721315,0.0038215129632362,10.834595409581803,4.002158168892754,8.0,-0.2395237108602001,-1.0958833998470268,1.2264605408044285,2.5958833998470268,Lawnmower Search,,,,
0.0,2300.0,3.0,0.1023750721246157,0.0077007055721315,0.0038215129632362,10.834595409581803,4.002158168892754,8.0,-0.1310210018741822,-1.0958833998470323,1.2264605408044262,2.5958833998470325,Lawnmower Search,,,,
1.0,2300.0,3.0,0.1006550771142468,0.0084256098153535,0.0043448560720838,10.04501453467156,4.202424166161743,8.0,-2.9354335818851376,-1.1061954405730725,1.2099893051100723,2.6061954405730723,Lawnmower Search,,,,
0.0,2300.0,3.0,0.1006550771142468,0.0084256098153535,0.0043448560720838,10.04501453467156,4.202424166161743,8.0,-0.133023697083989,-1.107884689352999,1.2088138455877704,2.607884689352999,Lawnmower Search,,,,
0.1111111111111111,2300.0,3.0,0.1006550771142468,0.0084256098153535,0.0043448560720838,10.04501453467156,4.202424166161743,8.0,-0.1859012730492949,-1.107884689352999,1.2088138455877704,2.607884689352999,Lawnmower Search,,,,
0.1111111111111111,2300.0,4.0,0.1074608712536651,0.0076486540127776,0.0043759403305729,10.057178526520044,4.007596705217208,9.0,-0.1873514806119182,-1.1243920313526377,1.1935108285089688,2.6243920313526377,Lawnmower Search,,,,
0.2222222222222222,3600.0,4.0,0.0998834656959589,0.0075980008074058,0.0036895889333763,10.307590232357576,3.795702753009276,8.0,-0.2393549621383626,-1.1485481315573645,1.1727802347788332,2.6485481315573645,Lawnmower Search,,,,
0.0,3800.0,4.0,0.1006550771142468,0.0084256098153535,0.0043448560720838,10.04501453467156,4.202424166161743,9.0,-0.149546582803934,-1.2068992243796202,1.143655161162699,2.70689922437962,Lawnmower Search,,,,
0.0,3600.0,4.0,0.098211428072267,0.0087508791199742,0.0036895889333763,10.06029225960133,4.271905216825127,8.0,-0.1524542190191501,-1.2243234354257972,1.1279453556408146,2.724323435425797,Lawnmower Search,,,,
1.0,3600.0,4.0,0.098211428072267,0.0087508791199742,0.0036895889333763,10.06029225960133,4.271905216825127,8.0,-2.7363949924980577,-1.224323435425812,1.1279453556408092,2.724323435425812,Lawnmower Search,,,,
0.1111111111111111,3800.0,4.0,0.1023771107195224,0.0076230558450753,0.0044821087334679,10.057178526520044,4.002250450102146,9.0,-0.2027496076971386,-1.2571182140341288,1.1277621444356485,2.757118214034129,Lawnmower Search,,,,
0.0,3800.0,4.0,0.1075622431717646,0.0077499525914458,0.0043759403305729,10.057178526520044,4.010082860312732,8.0,-0.1762699836912414,-1.3670410517840603,1.11624596732509,2.8670410517840605,Lawnmower Search,,,,
0.0,2300.0,3.0,0.1074199896189594,0.0076479499420462,0.0043759403305729,10.057178526520044,3.8135164945142415,8.0,-0.1855929061597847,-1.4229093092397038,1.0596648424123565,2.922909309239704,Lawnmower Search,,,,
0.0,2300.0,3.0,0.1074199896189594,0.0076486540127776,0.0043759403305729,10.057178526520044,4.007596705217208,8.0,-0.1924383449744135,-1.463931074612412,1.0437426794453917,2.963931074612412,Lawnmower Search,,,,
0.0,2300.0,3.0,0.1074199896189594,0.0076486540127776,0.0043759403305729,10.057178526520044,4.007596705217208,8.0,-1.3749321401983037,-1.46393107461243,1.0437426794453852,2.96393107461243,Lawnmower Search,,,,
1.0,2300.0,3.0,0.1074199896189594,0.0076486540127776,0.0043759403305729,10.057178526520044,4.007596705217208,8.0,-2.532119332915957,-1.46393107461243,1.0437426794453852,2.96393107461243,Lawnmower Search,,,,
1.0,3800.0,3.233136099,0.102392936,0.0087999850988388,0.004107595,10.0,3.996910922,8.378743876,-2.382747687912998,-1.510760852433093,0.9821715050690916,3.0107608524330933,Lawnmower Search,,,,
1.0,3800.0,3.233136099,0.102392936,0.0087999850988388,0.004107595,10.0,3.996910922,8.378743876,-2.382747687912998,-1.510760852433093,0.9821715050690916,3.0107608524330933,Lawnmower Search,,,,
0.7777777777777777,3800.0,3.233136099,0.102392936,0.0087999850988388,0.004107595,10.0,3.996910922,8.378743876,-2.1636161824801827,-1.510760852433093,0.9821715050690916,3.0107608524330933,Lawnmower Search,,,,
0.7777777777777777,3800.0,3.233136099,0.102392936,0.0087999850988388,0.004107595,10.0,3.996910922,8.378743876,-2.1636161824801827,-1.510760852433093,0.9821715050690916,3.0107608524330933,Lawnmower Search,,,,
0.7777777777777777,3800.0,3.233136099,0.102392936,0.0087999850988388,0.004107595,10.0,3.996910922,8.378743876,-2.1636161824801827,-1.510760852433093,0.9821715050690916,3.0107608524330933,Lawnmower Search,,,,
0.8888888888888888,3800.0,3.233136099,0.102392936,0.0087999850988388,0.004107595,10.0,3.996910922,8.378743876,-2.27318193519659,-1.510760852433093,0.9821715050690916,3.0107608524330933,Lawnmower Search,,,,
0.8888888888888888,3800.0,3.233136099,0.102392936,0.0087999850988388,0.004107595,10.0,3.996910922,8.378743876,-2.27318193519659,-1.510760852433093,0.9821715050690916,3.0107608524330933,Lawnmower Search,,,,
0.8888888888888888,3800.0,3.233136099,0.102392936,0.0087999850988388,0.004107595,10.0,3.996910922,8.378743876,-2.27318193519659,-1.510760852433093,0.9821715050690916,3.0107608524330933,Lawnmower Search,,,,
1.0,3800.0,3.233136099,0.102392936,0.0088,0.004107595,10.0,3.996910922,8.378743876,-2.3827456475682744,-1.5107635803690531,0.9821706640365062,3.010763580369053,Lawnmower Search,,,,
1.0,3800.0,3.233136099,0.102392936,0.0088,0.004107595,10.0,3.996910922,8.378743876,-2.3827456475682744,-1.5107635803690531,0.9821706640365062,3.010763580369053,Lawnmower Search,,,,
1.0,3800.0,3.233136099,0.102392936,0.0088,0.004107595,10.0,3.996910922,8.378743876,-2.3827456475682744,-1.5107635803690531,0.9821706640365062,3.010763580369053,Lawnmower Search,,,,
0.7777777777777777,3800.0,3.233136099,0.102392936,0.0088,0.004107595,10.0,3.996910922,8.378743876,-2.163614876758027,-1.5107635803690531,0.9821706640365062,3.010763580369053,Lawnmower Search,,,,
0.7777777777777777,3800.0,3.233136099,0.102392936,0.0088,0.004107595,10.0,3.996910922,8.378743876,-2.163614876758027,-1.5107635803690531,0.9821706640365062,3.010763580369053,Lawnmower Search,,,,
0.7777777777777777,3800.0,3.233136099,0.102392936,0.0088,0.004107595,10.0,3.996910922,8.378743876,-2.163614876758027,-1.5107635803690531,0.9821706640365062,3.010763580369053,Lawnmower Search,,,,
0.7777777777777777,3800.0,3.233136099,0.102392936,0.0088,0.004107595,10.0,3.996910922,8.378743876,-2.163614876758027,-1.5107635803690531,0.9821706640365062,3.010763580369053,Lawnmower Search,,,,
0.8888888888888888,3800.0,3.233136099,0.102392936,0.0088,0.004107595,10.0,3.996910922,8.378743876,-2.2731802621631507,-1.5107635803690531,0.9821706640365062,3.010763580369053,Lawnmower Search,,,,
0.8888888888888888,3800.0,3.233136099,0.102392936,0.0088,0.004107595,10.0,3.996910922,8.378743876,-2.2731802621631507,-1.5107635803690531,0.9821706640365062,3.010763580369053,Lawnmower Search,,,,
0.8888888888888888,3800.0,3.233136099,0.102392936,0.0088,0.004107595,10.0,3.996910922,8.378743876,-2.2731802621631507,-1.5107635803690531,0.9821706640365062,3.010763580369053,Lawnmower Search,,,,
0.8888888888888888,3800.0,3.233136099,0.102392936,0.0088,0.004107595,10.0,3.996910922,8.378743876,-2.2731802621631507,-1.5107635803690531,0.9821706640365062,3.010763580369053,Lawnmower Search,,,,
1.0,3800.0,3.233136099,0.102392936,0.0088,0.004107595,10.00000001490116,3.996910922,8.378743876,-2.3827456455862213,-1.5107635835900233,0.9821706632195016,3.0107635835900237,Lawnmower Search,,,,
1.0,3800.0,3.233136099,0.102392936,0.0088,0.004107595,10.00000001490116,3.996910922,8.378743876,-2.3827456455862213,-1.5107635835900233,0.9821706632195016,3.0107635835900237,Lawnmower Search,,,,
0.7777777777777777,3800.0,3.233136099,0.102392936,0.0088,0.004107595,10.00000001490116,3.996910922,8.378743876,-2.163614875548468,-1.5107635835900233,0.9821706632195016,3.0107635835900237,Lawnmower Search,,,,
0.7777777777777777,3800.0,3.233136099,0.102392936,0.0088,0.004107595,10.00000001490116,3.996910922,8.378743876,-2.163614875548468,-1.5107635835900233,0.9821706632195016,3.0107635835900237,Lawnmower Search,,,,
0.7777777777777777,3800.0,3.233136099,0.102392936,0.0088,0.004107595,10.00000001490116,3.996910922,8.378743876,-2.163614875548468,-1.5107635835900233,0.9821706632195016,3.0107635835900237,Lawnmower Search,,,,
0.8888888888888888,3800.0,3.233136099,0.102392936,0.0088,0.004107595,10.00000001490116,3.996910922,8.378743876,-2.273180260567345,-1.5107635835900233,0.9821706632195016,3.0107635835900237,Lawnmower Search,,,,
0.8888888888888888,3800.0,3.233136099,0.102392936,0.0088,0.004107595,10.00000001490116,3.996910922,8.378743876,-2.273180260567345,-1.5107635835900233,0.9821706632195016,3.0107635835900237,Lawnmower Search,,,,
0.8888888888888888,3800.0,3.233136099,0.102392936,0.0088,0.004107595,10.00000001490116,3.996910922,8.378743876,-2.273180260567345,-1.5107635835900233,0.9821706632195016,3.0107635835900237,Lawnmower Search,,,,
0.6666666666666666,3800.0,3.233136099,0.102390017,0.0087999850988388,0.004111903,10.00021034,3.996553926,8.378743876,-2.053685121565458,-1.5117378294555817,0.9818522279074676,3.0117378294555817,Lawnmower Search,,,,
0.6666666666666666,3800.0,3.233136099,0.102390017,0.0087999850988388,0.004111903,10.00021034,3.996553926,8.378743876,-2.053685121565458,-1.5117378294555817,0.9818522279074676,3.0117378294555817,Lawnmower Search,,,,
0.6666666666666666,3800.0,3.233136099,0.102390017,0.0087999850988388,0.004111903,10.00021034,3.996553926,8.378743876,-2.053685121565458,-1.5117378294555817,0.9818522279074676,3.0117378294555817,Lawnmower Search,,,,
0.6666666666666666,3800.0,3.233136099,0.102390017,0.0088,0.004111903,10.00021034,3.996553926,8.378743876,-2.053684184220503,-1.5117405570144902,0.9818513875699896,3.01174055701449,Lawnmower Search,,,,
0.6666666666666666,3800.0,3.233136099,0.102390017,0.0088,0.004111903,10.00021034,3.996553926,8.378743876,-2.053684184220503,-1.5117405570144902,0.9818513875699896,3.01174055701449,Lawnmower Search,,,,
0.6666666666666666,3800.0,3.233136099,0.102390017,0.0088,0.004111903,10.00021034,3.996553926,8.378743876,-2.053684184220503,-1.5117405570144902,0.9818513875699896,3.01174055701449,Lawnmower Search,,,,
0.6666666666666666,3800.0,3.233136099,0.102390017,0.0088,0.004111903,10.00021034,3.996553926,8.378743876,-2.053684184220503,-1.5117405570144902,0.9818513875699896,3.01174055701449,Lawnmower Search,,,,
0.6666666666666666,3800.0,3.233136099,0.102390017,0.0088,0.004111903,10.000210354901162,3.996553926,8.378743876,-2.053684183398004,-1.5117405602362086,0.9818513867534164,3.0117405602362086,Lawnmower Search,,,,
0.6666666666666666,3800.0,3.233136099,0.102390017,0.0088,0.004111903,10.000210354901162,3.996553926,8.378743876,-2.053684183398004,-1.5117405602362086,0.9818513867534164,3.0117405602362086,Lawnmower Search,,,,
0.6666666666666666,3800.0,3.233136099,0.102390017,0.0088,0.004111903,10.000210354901162,3.996553926,8.378743876,-2.053684183398004,-1.5117405602362086,0.9818513867534164,3.0117405602362086,Lawnmower Search,,,,
1.0,3800.0,3.233136099,0.102392936,0.0088,0.004107595,10.0,3.996910936901161,8.378743876,-2.3802852722450862,-1.512837937730522,0.9811564943254332,3.012837937730522,Lawnmower Search,,,,
1.0,3800.0,3.233136099,0.102392936,0.0088,0.004107595,10.0,3.996910936901161,8.378743876,-2.3802852722450862,-1.512837937730522,0.9811564943254332,3.012837937730522,Lawnmower Search,,,,
0.7777777777777777,3800.0,3.233136099,0.102392936,0.0088,0.004107595,10.0,3.996910936901161,8.378743876,-2.161915089183322,-1.512837937730522,0.9811564943254332,3.012837937730522,Lawnmower Search,,,,
0.7777777777777777,3800.0,3.233136099,0.102392936,0.0088,0.004107595,10.0,3.996910936901161,8.378743876,-2.161915089183322,-1.512837937730522,0.9811564943254332,3.012837937730522,Lawnmower Search,,,,
0.7777777777777777,3800.0,3.233136099,0.102392936,0.0088,0.004107595,10.0,3.996910936901161,8.378743876,-2.161915089183322,-1.512837937730522,0.9811564943254332,3.012837937730522,Lawnmower Search,,,,
0.8888888888888888,3800.0,3.233136099,0.102392936,0.0088,0.004107595,10.0,3.996910936901161,8.378743876,-2.271100180714204,-1.512837937730522,0.9811564943254332,3.012837937730522,Lawnmower Search,,,,
0.8888888888888888,3800.0,3.233136099,0.102392936,0.0088,0.004107595,10.0,3.996910936901161,8.378743876,-2.271100180714204,-1.512837937730522,0.9811564943254332,3.012837937730522,Lawnmower Search,,,,
0.8888888888888888,3800.0,3.233136099,0.102392936,0.0088,0.004107595,10.0,3.996910936901161,8.378743876,-2.271100180714204,-1.512837937730522,0.9811564943254332,3.012837937730522,Lawnmower Search,,,,
1.0,3800.0,3.233136099,0.1023929509011612,0.0088,0.004107595,10.0,3.996910922,8.378743876,-2.380283944049025,-1.5128392231143333,0.9811559468413958,3.0128392231143333,Lawnmower Search,,,,
1.0,3800.0,3.233136099,0.1023929509011612,0.0088,0.004107595,10.0,3.996910922,8.378743876,-2.380283944049025,-1.5128392231143333,0.9811559468413958,3.0128392231143333,Lawnmower Search,,,,
0.7777777777777777,3800.0,3.233136099,0.1023929509011612,0.0088,0.004107595,10.0,3.996910922,8.378743876,-2.1619141886473106,-1.5128392231143333,0.9811559468413958,3.0128392231143333,Lawnmower Search,,,,
0.7777777777777777,3800.0,3.233136099,0.1023929509011612,0.0088,0.004107595,10.0,3.996910922,8.378743876,-2.1619141886473106,-1.5128392231143333,0.9811559468413958,3.0128392231143333,Lawnmower Search,,,,
0.7777777777777777,3800.0,3.233136099,0.1023929509011612,0.0088,0.004107595,10.0,3.996910922,8.378743876,-2.1619141886473106,-1.5128392231143333,0.9811559468413958,3.0128392231143333,Lawnmower Search,,,,
0.8888888888888888,3800.0,3.233136099,0.1023929509011612,0.0088,0.004107595,10.0,3.996910922,8.378743876,-2.271099066348168,-1.5128392231143333,0.9811559468413958,3.0128392231143333,Lawnmower Search,,,,
0.8888888888888888,3800.0,3.233136099,0.1023929509011612,0.0088,0.004107595,10.0,3.996910922,8.378743876,-2.271099066348168,-1.5128392231143333,0.9811559468413958,3.0128392231143333,Lawnmower Search,,,,
0.8888888888888888,3800.0,3.233136099,0.1023929509011612,0.0088,0.004107595,10.0,3.996910922,8.378743876,-2.271099066348168,-1.5128392231143333,0.9811559468413958,3.0128392231143333,Lawnmower Search,,,,
1.0,3800.0,3.233136099,0.102392936,0.0088,0.0041076099011611,10.0,3.996910922,8.378743876,-2.3802811528535406,-1.5128428162264158,0.9811547963072104,3.012842816226416,Lawnmower Search,,,,
1.0,3800.0,3.233136099,0.102392936,0.0088,0.0041076099011611,10.0,3.996910922,8.378743876,-2.3802811528535406,-1.5128428162264158,0.9811547963072104,3.012842816226416,Lawnmower Search,,,,
0.7777777777777777,3800.0,3.233136099,0.102392936,0.0088,0.0041076099011611,10.0,3.996910922,8.378743876,-2.161912388117862,-1.5128428162264158,0.9811547963072104,3.012842816226416,Lawnmower Search,,,,
0.7777777777777777,3800.0,3.233136099,0.102392936,0.0088,0.0041076099011611,10.0,3.996910922,8.378743876,-2.161912388117862,-1.5128428162264158,0.9811547963072104,3.012842816226416,Lawnmower Search,,,,
0.7777777777777777,3800.0,3.233136099,0.102392936,0.0088,0.0041076099011611,10.0,3.996910922,8.378743876,-2.161912388117862,-1.5128428162264158,0.9811547963072104,3.012842816226416,Lawnmower Search,,,,
0.8888888888888888,3800.0,3.233136099,0.102392936,0.0088,0.0041076099011611,10.0,3.996910922,8.378743876,-2.271096770485701,-1.5128428162264158,0.9811547963072104,3.012842816226416,Lawnmower Search,,,,
0.8888888888888888,3800.0,3.233136099,0.102392936,0.0088,0.0041076099011611,10.0,3.996910922,8.378743876,-2.271096770485701,-1.5128428162264158,0.9811547963072104,3.012842816226416,Lawnmower Search,,,,
0.8888888888888888,3800.0,3.233136099,0.102392936,0.0088,0.0041076099011611,10.0,3.996910922,8.378743876,-2.271096770485701,-1.5128428162264158,0.9811547963072104,3.012842816226416,Lawnmower Search,,,,
0.6666666666666666,3800.0,3.233136099,0.102390017,0.0088,0.004111903,10.00021034,3.996553940901161,8.378743876,-2.052365306483834,-1.5138156210752225,0.980837531144634,3.0138156210752225,Lawnmower Search,,,,
0.6666666666666666,3800.0,3.233136099,0.102390017,0.0088,0.004111903,10.00021034,3.996553940901161,8.378743876,-2.052365306483834,-1.5138156210752225,0.980837531144634,3.0138156210752225,Lawnmower Search,,,,
0.6666666666666666,3800.0,3.233136099,0.102390017,0.0088,0.004111903,10.00021034,3.996553940901161,8.378743876,-2.052365306483834,-1.5138156210752225,0.980837531144634,3.0138156210752225,Lawnmower Search,,,,
0.6666666666666666,3800.0,3.233136099,0.1023900319011612,0.0088,0.004111903,10.00021034,3.996553926,8.378743876,-2.0523646200952714,-1.5138169069387892,0.9808369838109924,3.013816906938789,Lawnmower Search,,,,
0.6666666666666666,3800.0,3.233136099,0.1023900319011612,0.0088,0.004111903,10.00021034,3.996553926,8.378743876,-2.0523646200952714,-1.5138169069387892,0.9808369838109924,3.013816906938789,Lawnmower Search,,,,
0.6666666666666666,3800.0,3.233136099,0.1023900319011612,0.0088,0.004111903,10.00021034,3.996553926,8.378743876,-2.0523646200952714,-1.5138169069387892,0.9808369838109924,3.013816906938789,Lawnmower Search,,,,
0.6666666666666666,3800.0,3.233136099,0.102390017,0.0088,0.0041119179011611,10.00021034,3.996553926,8.378743876,-2.052363316787825,-1.5138204986810817,0.9808358345757312,3.0138204986810817,Lawnmower Search,,,,
0.6666666666666666,3800.0,3.233136099,0.102390017,0.0088,0.0041119179011611,10.00021034,3.996553926,8.378743876,-2.052363316787825,-1.5138204986810817,0.9808358345757312,3.0138204986810817,Lawnmower Search,,,,
0.6666666666666666,3800.0,3.233136099,0.102390017,0.0088,0.0041119179011611,10.00021034,3.996553926,8.378743876,-2.052363316787825,-1.5138204986810817,0.9808358345757312,3.0138204986810817,Lawnmower Search,,,,
1.0,3800.0,3.233136099,0.102408385,0.0087999850988388,0.004117147,10.0002523,3.997294257,8.378743876,-2.3791545231616147,-1.5149685984864192,0.9806903981731622,3.014968598486419,Lawnmower Search,,,,
1.0,3800.0,3.233136099,0.102408385,0.0087999850988388,0.004117147,10.0002523,3.997294257,8.378743876,-2.3791545231616147,-1.5149685984864192,0.9806903981731622,3.014968598486419,Lawnmower Search,,,,
1.0,3800.0,3.233136099,0.102408385,0.0087999850988388,0.004117147,10.0002523,3.997294257,8.378743876,-2.3791545231616147,-1.5149685984864192,0.9806903981731622,3.014968598486419,Lawnmower Search,,,,
1.0,3800.0,3.233136099,0.102408385,0.0088,0.004117147,10.0002523,3.997294257,8.378743876,-2.3791524882528923,-1.5149713272637606,0.9806895593813032,3.0149713272637606,Lawnmower Search,,,,
1.0,3800.0,3.233136099,0.102408385,0.0088,0.004117147,10.0002523,3.997294257,8.378743876,-2.3791524882528923,-1.5149713272637606,0.9806895593813032,3.0149713272637606,Lawnmower Search,,,,
1.0,3800.0,3.233136099,0.102408385,0.0088,0.004117147,10.0002523,3.997294257,8.378743876,-2.3791524882528923,-1.5149713272637606,0.9806895593813032,3.0149713272637606,Lawnmower Search,,,,
1.0,3800.0,3.233136099,0.102408385,0.0088,0.004117147,10.0002523,3.997294257,8.378743876,-2.3791524882528923,-1.5149713272637606,0.9806895593813032,3.0149713272637606,Lawnmower Search,,,,
1.0,3800.0,3.233136099,0.102408385,0.0088,0.004117147,10.00025231490116,3.997294257,8.378743876,-2.379152486274465,-1.5149713304873489,0.9806895585657932,3.0149713304873487,Lawnmower Search,,,,
1.0,3800.0,3.233136099,0.102408385,0.0088,0.004117147,10.00025231490116,3.997294257,8.378743876,-2.379152486274465,-1.5149713304873489,0.9806895585657932,3.0149713304873487,Lawnmower Search,,,,
1.0,3800.0,3.233136099,0.102408385,0.0088,0.004117147,10.00025231490116,3.997294257,8.378743876,-2.379152486274465,-1.5149713304873489,0.9806895585657932,3.0149713304873487,Lawnmower Search,,,,
1.0,3800.0,3.233136099,0.102408385,0.0088,0.004117147,10.0002523,3.997294271901161,8.378743876,-2.376695638645281,-1.5170487398279082,0.979676842974494,3.017048739827908,Lawnmower Search,,,,
1.0,3800.0,3.233136099,0.102408385,0.0088,0.004117147,10.0002523,3.997294271901161,8.378743876,-2.376695638645281,-1.5170487398279082,0.979676842974494,3.017048739827908,Lawnmower Search,,,,
1.0,3800.0,3.233136099,0.102408385,0.0088,0.004117147,10.0002523,3.997294271901161,8.378743876,-2.376695638645281,-1.5170487398279082,0.979676842974494,3.017048739827908,Lawnmower Search,,,,
1.0,3800.0,3.233136099,0.1024083999011612,0.0088,0.004117147,10.0002523,3.997294257,8.378743876,-2.376694312571016,-1.5170500268845464,0.9796762963650636,3.0170500268845464,Lawnmower Search,,,,
1.0,3800.0,3.233136099,0.1024083999011612,0.0088,0.004117147,10.0002523,3.997294257,8.378743876,-2.376694312571016,-1.5170500268845464,0.9796762963650636,3.0170500268845464,Lawnmower Search,,,,
1.0,3800.0,3.233136099,0.1024083999011612,0.0088,0.004117147,10.0002523,3.997294257,8.378743876,-2.376694312571016,-1.5170500268845464,0.9796762963650636,3.0170500268845464,Lawnmower Search,,,,
1.0,3800.0,3.233136099,0.102408385,0.0088,0.0041171619011611,10.0002523,3.997294257,8.378743876,-2.3766915300562155,-1.517053620061747,0.979675149409067,3.017053620061747,Lawnmower Search,,,,
1.0,3800.0,3.233136099,0.102408385,0.0088,0.0041171619011611,10.0002523,3.997294257,8.378743876,-2.3766915300562155,-1.517053620061747,0.979675149409067,3.017053620061747,Lawnmower Search,,,,
1.0,3800.0,3.233136099,0.102408385,0.0088,0.0041171619011611,10.0002523,3.997294257,8.378743876,-2.3766915300562155,-1.517053620061747,0.979675149409067,3.017053620061747,Lawnmower Search,,,,
1.0,3600.0,4.0,0.1023750721246157,0.0076197013447069,0.0038270101601042,10.834595409581803,3.8080779581897786,10.0,-2.361672955419928,-1.5811054707404413,0.9734844746140217,3.0811054707404413,Lawnmower Search,,,,
0.4444444444444444,3600.0,4.0,0.1010480202326681,0.0076544316089409,0.0035956728386801,10.579856430982964,3.3860697651545544,11.0,-0.3260764851996104,-1.592082741171731,0.966067798693874,3.092082741171731,Lawnmower Search,,,,
0.2222222222222222,2300.0,3.0,0.1076791501848752,0.0076486540127776,0.0043759403305729,10.057178526520044,4.007596705217208,10.0,-0.2783610370621724,-1.6623475626744546,0.9606368382687348,3.1623475626744546,Lawnmower Search,,,,
0.0,3600.0,4.0,0.1020750437251371,0.0087506482579904,0.0038248192783295,10.068070412111178,3.818521443457193,9.0,-0.2258133962720927,-1.6639333769790183,0.9102849789279076,3.1639333769790183,Lawnmower Search,,,,
0.0,3600.0,4.0,0.1020495061064576,0.0088306450581805,0.0038232071794983,10.067603030523523,3.7987273866711697,9.0,-0.226340814671661,-1.667093968202784,0.9091829169096812,3.167093968202784,Lawnmower Search,,,,
1.0,3800.0,3.233136099,0.104869698478202,0.0087999850988388,0.0041915929541203,10.010363591722763,3.994757309949373,8.378743876,-2.1965149820096577,-1.7134172623309962,0.9054061564012338,3.213417262330996,Lawnmower Search,,,,
1.0,3800.0,3.233136099,0.104869698478202,0.0087999850988388,0.0041915929541203,10.010363591722763,3.994757309949373,8.378743876,-2.1965149820096577,-1.7134172623309962,0.9054061564012338,3.213417262330996,Lawnmower Search,,,,
1.0,3800.0,3.233136099,0.104869698478202,0.0087999850988388,0.0041915929541203,10.010363591722763,3.994757309949373,8.378743876,-2.1965149820096577,-1.7134172623309962,0.9054061564012338,3.213417262330996,Lawnmower Search,,,,
1.0,3800.0,3.233136099,0.104869698478202,0.0088,0.0041915929541203,10.010363591722763,3.994757309949373,8.378743876,-2.1965131335678576,-1.7134201358148888,0.9054053944712678,3.213420135814889,Lawnmower Search,,,,
1.0,3800.0,3.233136099,0.104869698478202,0.0088,0.0041915929541203,10.010363591722763,3.994757309949373,8.378743876,-2.1965131335678576,-1.7134201358148888,0.9054053944712678,3.213420135814889,Lawnmower Search,,,,
1.0,3800.0,3.233136099,0.104869698478202,0.0088,0.0041915929541203,10.010363591722763,3.994757309949373,8.378743876,-2.1965131335678576,-1.7134201358148888,0.9054053944712678,3.213420135814889,Lawnmower Search,,,,
1.0,3800.0,3.233136099,0.104869698478202,0.0088,0.0041915929541203,10.010363591722763,3.994757309949373,8.378743876,-2.1965131335678576,-1.7134201358148888,0.9054053944712678,3.213420135814889,Lawnmower Search,,,,
1.0,3800.0,3.233136099,0.104869698478202,0.0088,0.0041915929541203,10.010363606623926,3.994757309949373,8.378743876,-2.196513131735411,-1.713420139161642,0.905405393715931,3.213420139161642,Lawnmower Search,,,,
1.0,3800.0,3.233136099,0.104869698478202,0.0088,0.0041915929541203,10.010363606623926,3.994757309949373,8.378743876,-2.196513131735411,-1.713420139161642,0.905405393715931,3.213420139161642,Lawnmower Search,,,,
1.0,3800.0,3.233136099,0.104869698478202,0.0088,0.0041915929541203,10.010363606623926,3.994757309949373,8.378743876,-2.196513131735411,-1.713420139161642,0.905405393715931,3.213420139161642,Lawnmower Search,,,,
1.0,3800.0,3.233136099,0.104869698478202,0.0088,0.0041915929541203,10.010363591722763,3.9947573248505344,8.378743876,-2.1942354050313977,-1.7156435506530885,0.904466511988602,3.2156435506530885,Lawnmower Search,,,,
1.0,3800.0,3.233136099,0.104869698478202,0.0088,0.0041915929541203,10.010363591722763,3.9947573248505344,8.378743876,-2.1942354050313977,-1.7156435506530885,0.904466511988602,3.2156435506530885,Lawnmower Search,,,,
1.0,3800.0,3.233136099,0.104869698478202,0.0088,0.0041915929541203,10.010363591722763,3.9947573248505344,8.378743876,-2.1942354050313977,-1.7156435506530885,0.904466511988602,3.2156435506530885,Lawnmower Search,,,,
1.0,3800.0,3.233136099,0.1048697133793632,0.0088,0.0041915929541203,10.010363591722763,3.994757309949373,8.378743876,-2.1942342075760903,-1.7156448904521646,0.9044660183960628,3.2156448904521646,Lawnmower Search,,,,
1.0,3800.0,3.233136099,0.1048697133793632,0.0088,0.0041915929541203,10.010363591722763,3.994757309949373,8.378743876,-2.1942342075760903,-1.7156448904521646,0.9044660183960628,3.2156448904521646,Lawnmower Search,,,,
1.0,3800.0,3.233136099,0.1048697133793632,0.0088,0.0041915929541203,10.010363591722763,3.994757309949373,8.378743876,-2.1942342075760903,-1.7156448904521646,0.9044660183960628,3.2156448904521646,Lawnmower Search,,,,
1.0,3800.0,3.233136099,0.104869698478202,0.0088,0.0041916078552815,10.010363591722763,3.994757309949373,8.378743876,-2.194231613959791,-1.7156487352976906,0.9044649493042588,3.2156487352976906,Lawnmower Search,,,,
1.0,3800.0,3.233136099,0.104869698478202,0.0088,0.0041916078552815,10.010363591722763,3.994757309949373,8.378743876,-2.194231613959791,-1.7156487352976906,0.9044649493042588,3.2156487352976906,Lawnmower Search,,,,
1.0,3800.0,3.233136099,0.104869698478202,0.0088,0.0041916078552815,10.010363591722763,3.994757309949373,8.378743876,-2.194231613959791,-1.7156487352976906,0.9044649493042588,3.2156487352976906,Lawnmower Search,,,,
0.2222222222222222,3600.0,4.0,0.1021054133287698,0.0087926233126116,0.0038885183474449,10.553366228684595,4.191907352950336,10.0,-0.2841231287429258,-1.7637450616430654,0.903935316481926,3.263745061643065,Lawnmower Search,,,,
0.2222222222222222,3600.0,4.0,0.1074748014304649,0.0071199019782582,0.0038980535935941,10.566850611296127,4.269023474025951,8.0,-0.2850145602358314,-1.7708121986713752,0.9037374688790596,3.270812198671375,Lawnmower Search,,,,
1.0,3800.0,3.233136099,0.1055587286303815,0.0087999999999997,0.0042124336587083,10.009888355983378,3.9940470332716496,8.378743876,-2.141368244469026,-1.78063965092149,0.8826746038811373,3.28063965092149,Lawnmower Search,,,,
0.0,3600.0,4.0,0.1074199896189594,0.007832964004039,0.0043627128772211,10.057178526520044,4.007596705217208,8.0,-1.5560035066873268,-1.8542652839661715,0.874319418129057,3.3542652839661717,Lawnmower Search,,,,
0.8888888888888888,3800.0,3.233136099,0.1082074597172674,0.0072000000003148,0.0043999999988179,10.078619119602472,3.983697750587449,8.378743876,-2.0339627334409984,-1.8671944252516892,0.8627198121646221,3.367194425251689,Lawnmower Search,,,,
0.1111111111111111,3600.0,4.0,0.1023750721246157,0.0076212869795105,0.0039943590922587,10.834595409581803,3.813841099122069,11.0,-0.2807857503722881,-1.9015605330331555,0.8586728145293658,3.4015605330331558,Lawnmower Search,,,,
0.1111111111111111,3600.0,4.0,0.1023750721246157,0.0077087171334687,0.0039943590922587,10.834595409581803,3.813841099122069,11.0,-0.2828529696104517,-1.916997955482368,0.8552601095492419,3.416997955482368,Lawnmower Search,,,,
0.8888888888888888,3800.0,3.233136099,0.1056866351402828,0.0088,0.0043999999999864,10.623404352336074,3.989178637827753,8.378743876,-1.983397132280685,-1.9180017517528425,0.8380568176294622,3.4180017517528425,Lawnmower Search,,,,
0.8888888888888888,3800.0,3.233136099,0.1063815242267223,0.0088,0.0043999999999893,10.266717113725525,3.988483763169248,8.378743876,-1.97587184055634,-1.9227158590510487,0.8344544652642056,3.4227158590510487,Lawnmower Search,,,,
0.8888888888888888,3800.0,3.233136099,0.1079420883464016,0.0084455947679202,0.0043187051482116,10.05207894610776,3.987004491024559,8.378743876,-1.9607696720424517,-1.989413240189685,0.8258569972068864,3.489413240189685,Lawnmower Search,,,,
0.8888888888888888,3800.0,3.233136099,0.1079666493303349,0.0084080596287358,0.0043100951918826,10.093270379234424,3.986988539659397,8.378743876,-1.9606862324611167,-1.9897686762410145,0.8258098084750146,3.4897686762410145,Lawnmower Search,,,,
0.8888888888888888,3800.0,3.233136099,0.1098399820070902,0.0080824751552934,0.0042459980161199,9.487858369641089,3.9851795676363992,8.378743876,-1.95342889507093,-1.9975355630472171,0.8222587463665014,3.4975355630472174,Lawnmower Search,,,,
0.8888888888888888,3800.0,3.233136099,0.1098399820070902,0.0080824751552934,0.0042459980161199,9.487858369641089,3.9851795676363992,8.378743876,-1.95342889507093,-1.9975355630472171,0.8222587463665014,3.4975355630472174,Lawnmower Search,,,,
0.8888888888888888,3800.0,3.233136099,0.1098399820070902,0.0080824751552934,0.0042459980161199,9.487858369641089,3.9851795676363992,8.378743876,-1.95342889507093,-1.9975355630472171,0.8222587463665014,3.4975355630472174,Lawnmower Search,,,,
0.8888888888888888,3800.0,3.233136099,0.1098399820070902,0.0080824751552934,0.0042459980161199,9.487858369641089,3.9851795676363992,8.378743876,-1.95342889507093,-1.9975355630472171,0.8222587463665014,3.4975355630472174,Lawnmower Search,,,,
0.8888888888888888,3800.0,3.233136099,0.1098399820070902,0.0080824751552934,0.0042459980161199,9.48785838454225,3.9851795676363992,8.378743876,-1.953428893878584,-1.9975355666683967,0.8222587457270258,3.4975355666683967,Lawnmower Search,,,,
0.8888888888888888,3800.0,3.233136099,0.1098399820070902,0.0080824751552934,0.0042459980161199,9.48785838454225,3.9851795676363992,8.378743876,-1.953428893878584,-1.9975355666683967,0.8222587457270258,3.4975355666683967,Lawnmower Search,,,,
0.8888888888888888,3800.0,3.233136099,0.1098399820070902,0.0080824751552934,0.0042459980161199,9.48785838454225,3.9851795676363992,8.378743876,-1.953428893878584,-1.9975355666683967,0.8222587457270258,3.4975355666683967,Lawnmower Search,,,,
0.8888888888888888,3800.0,3.233136099,0.1098399820070902,0.0080824900564546,0.0042459980161199,9.487858369641089,3.9851795676363992,8.378743876,-1.953427534504645,-1.9975387978038437,0.8222580381191988,3.4975387978038435,Lawnmower Search,,,,
0.8888888888888888,3800.0,3.233136099,0.1098399820070902,0.0080824900564546,0.0042459980161199,9.487858369641089,3.9851795676363992,8.378743876,-1.953427534504645,-1.9975387978038437,0.8222580381191988,3.4975387978038435,Lawnmower Search,,,,
0.8888888888888888,3800.0,3.233136099,0.1098399820070902,0.0080824900564546,0.0042459980161199,9.487858369641089,3.9851795676363992,8.378743876,-1.953427534504645,-1.9975387978038437,0.8222580381191988,3.4975387978038435,Lawnmower Search,,,,
0.8888888888888888,3800.0,3.233136099,0.1098414064206035,0.0072000000004519,0.0043999850982004,10.08580709284866,3.9853321855717594,8.378743876,-1.9528403279552533,-1.998579241498355,0.8219608663732273,3.498579241498355,Lawnmower Search,,,,
0.8888888888888888,3800.0,3.233136099,0.1098414064206035,0.0072000000004519,0.0043999850982004,10.08580709284866,3.9853321855717594,8.378743876,-1.9528403279552533,-1.998579241498355,0.8219608663732273,3.498579241498355,Lawnmower Search,,,,
0.8888888888888888,3800.0,3.233136099,0.1098414064206035,0.0072000000004519,0.0043999850982004,10.08580709284866,3.9853321855717594,8.378743876,-1.9528403279552533,-1.998579241498355,0.8219608663732273,3.498579241498355,Lawnmower Search,,,,
0.8888888888888888,3800.0,3.233136099,0.109841406420612,0.0072000000029897,0.0043999999993616,10.085807094152438,3.985332185571754,8.378743876,-1.952837347394986,-1.9985853352451173,0.8219593385566908,3.4985853352451173,Lawnmower Search,,,,
0.8888888888888888,3800.0,3.233136099,0.1098414064206035,0.0072000000004519,0.0043999999993616,10.08580709284866,3.98533220047292,8.378743876,-1.952837345686601,-1.998585340313067,0.8219593376433341,3.498585340313067,Lawnmower Search,,,,
0.8888888888888888,3800.0,3.233136099,0.1098414064206035,0.0072000000004519,0.0043999999993616,10.08580709284866,3.98533220047292,8.378743876,-1.952837345686601,-1.998585340313067,0.8219593376433341,3.498585340313067,Lawnmower Search,,,,
0.8888888888888888,3800.0,3.233136099,0.1098414064206035,0.0072000000004519,0.0043999999993616,10.08580709284866,3.98533220047292,8.378743876,-1.952837345686601,-1.998585340313067,0.8219593376433341,3.498585340313067,Lawnmower Search,,,,
0.8888888888888888,3800.0,3.233136099,0.1098414064215467,0.007200000282139,0.0043999999993616,10.0858072375679,3.985332185571276,8.378743876,-1.952837306879195,-1.9985854273136396,0.8219593175678372,3.4985854273136394,Lawnmower Search,,,,
0.8888888888888888,3800.0,3.233136099,0.1098414213217647,0.0072000000004519,0.0043999999993616,10.08580709284866,3.9853321855717594,8.378743876,-1.952836489216896,-1.9985867359387128,0.8219589071176373,3.4985867359387126,Lawnmower Search,,,,
0.8888888888888888,3800.0,3.233136099,0.1098414213217647,0.0072000000004519,0.0043999999993616,10.08580709284866,3.9853321855717594,8.378743876,-1.952836489216896,-1.9985867359387128,0.8219589071176373,3.4985867359387126,Lawnmower Search,,,,
0.8888888888888888,3800.0,3.233136099,0.1098414213217647,0.0072000000004519,0.0043999999993616,10.08580709284866,3.9853321855717594,8.378743876,-1.952836489216896,-1.9985867359387128,0.8219589071176373,3.4985867359387126,Lawnmower Search,,,,
0.8888888888888888,3800.0,3.233136099,0.1098414065150164,0.0072000281970784,0.0043999999993616,10.085821579113976,3.985332185523438,8.378743876,-1.952833255305109,-1.9985946341665757,0.8219572186847902,3.4985946341665755,Lawnmower Search,,,,
0.8888888888888888,3800.0,3.233136099,0.1086725863593312,0.0082704604083676,0.0042935708752359,9.922053691770389,3.986299130894164,8.378743876,-1.95275893838607,-2.001066665685824,0.8218636697158519,3.501066665685824,Lawnmower Search,,,,
0.8888888888888888,3800.0,3.233136099,0.1087972763700892,0.0083021400419842,0.0042857989447352,9.848232016743294,3.986182213459247,8.378743876,-1.952618198352956,-2.008783844279508,0.8216139496089657,3.508783844279508,Lawnmower Search,,,,
0.8888888888888888,3800.0,3.233136099,0.1089630943080916,0.0082704604604224,0.0042821963414329,9.806848979118897,3.986019999066665,8.378743876,-1.9524659567092195,-2.014630400925378,0.8214036073232442,3.514630400925378,Lawnmower Search,,,,
0.8888888888888888,3800.0,3.233136099,0.1090059278477802,0.0082784308984332,0.0042803604490876,9.782599387126927,3.9859790016706858,8.378743876,-1.9519627639912815,-2.017394849238193,0.821104188018229,3.517394849238193,Lawnmower Search,,,,
0.8888888888888888,3800.0,3.233136099,0.1090536759365752,0.0082704604766534,0.0042786497128483,9.770927653986508,3.9859329645617434,8.378743876,-1.9517170654910965,-2.0186437072074117,0.8209604010638394,3.5186437072074117,Lawnmower Search,,,,
0.8888888888888888,3800.0,3.233136099,0.1090566745077083,0.0082704604771907,0.0042785323069431,9.769738531529702,3.9859300983140615,8.378743876,-1.9515281545265248,-2.0198928165559207,0.8208429419789312,3.5198928165559207,Lawnmower Search,,,,
0.8888888888888888,3800.0,3.233136099,0.1090566745077083,0.0082704604771907,0.0042785323069431,9.769738531529702,3.9859300983140615,8.378743876,-1.9515281545265248,-2.0198928165559207,0.8208429419789312,3.5198928165559207,Lawnmower Search,,,,
0.8888888888888888,3800.0,3.233136099,0.1090566745077083,0.0082704604771907,0.0042785323069431,9.769738531529702,3.9859300983140615,8.378743876,-1.9515281545265248,-2.0198928165559207,0.8208429419789312,3.5198928165559207,Lawnmower Search,,,,
0.8888888888888888,3800.0,3.233136099,0.1090566894088695,0.0082704604771907,0.0042785323069431,9.769738531529702,3.9859300834129,8.378743876,-1.951527295289653,-2.0198942287929342,0.8208425097729831,3.5198942287929342,Lawnmower Search,,,,
0.8888888888888888,3800.0,3.233136099,0.1090566894088695,0.0082704604771907,0.0042785323069431,9.769738531529702,3.9859300834129,8.378743876,-1.951527295289653,-2.0198942287929342,0.8208425097729831,3.5198942287929342,Lawnmower Search,,,,
0.8888888888888888,3800.0,3.233136099,0.1090566894088695,0.0082704604771907,0.0042785323069431,9.769738531529702,3.9859300834129,8.378743876,-1.951527295289653,-2.0198942287929342,0.8208425097729831,3.5198942287929342,Lawnmower Search,,,,
0.8888888888888888,3800.0,3.233136099,0.1090566745077083,0.0082704604771907,0.0042785472081043,9.769738531529702,3.9859300834129,8.378743876,-1.9515253080755843,-2.019898661265772,0.8208414823048819,3.519898661265772,Lawnmower Search,,,,
0.8888888888888888,3800.0,3.233136099,0.1090566745077083,0.0082704604771907,0.0042785472081043,9.769738531529702,3.9859300834129,8.378743876,-1.9515253080755843,-2.019898661265772,0.8208414823048819,3.519898661265772,Lawnmower Search,,,,
0.8888888888888888,3800.0,3.233136099,0.1090566745077083,0.0082704604771907,0.0042785472081043,9.769738531529702,3.9859300834129,8.378743876,-1.9515253080755843,-2.019898661265772,0.8208414823048819,3.519898661265772,Lawnmower Search,,,,
0.8888888888888888,3800.0,3.233136099,0.1090566781882415,0.0082704604771913,0.0042785321628357,9.769737071966311,3.985930094777656,8.378743876,-1.9510988843260249,-2.0205036382875146,0.820629278264998,3.5205036382875146,Lawnmower Search,,,,
0.8888888888888888,3800.0,3.233136099,0.1090566781882415,0.0082704604771913,0.0042785321628357,9.769737071966311,3.985930094777656,8.378743876,-1.9510988843260249,-2.0205036382875146,0.820629278264998,3.5205036382875146,Lawnmower Search,,,,
0.8888888888888888,3800.0,3.233136099,0.1090566781882415,0.0082704604771913,0.0042785321628357,9.769737071966311,3.985930094777656,8.378743876,-1.9510988843260249,-2.0205036382875146,0.820629278264998,3.5205036382875146,Lawnmower Search,,,,
0.8888888888888888,3800.0,3.233136099,0.1090566930894027,0.0082704604771913,0.0042785321628357,9.769737071966311,3.9859300798764954,8.378743876,-1.9510980253444123,-2.020505050769557,0.8206288461715638,3.520505050769557,Lawnmower Search,,,,
0.8888888888888888,3800.0,3.233136099,0.1090566930894027,0.0082704604771913,0.0042785321628357,9.769737071966311,3.9859300798764954,8.378743876,-1.9510980253444123,-2.020505050769557,0.8206288461715638,3.520505050769557,Lawnmower Search,,,,
0.8888888888888888,3800.0,3.233136099,0.1090566930894027,0.0082704604771913,0.0042785321628357,9.769737071966311,3.9859300798764954,8.378743876,-1.9510980253444123,-2.020505050769557,0.8206288461715638,3.520505050769557,Lawnmower Search,,,,
0.8888888888888888,3800.0,3.233136099,0.1090566781882415,0.0082704604771913,0.0042785470639968,9.769737071966311,3.9859300798764954,8.378743876,-1.951096038746556,-2.020509484011914,0.8206278189708234,3.520509484011914,Lawnmower Search,,,,
0.8888888888888888,3800.0,3.233136099,0.1090566781882415,0.0082704604771913,0.0042785470639968,9.769737071966311,3.9859300798764954,8.378743876,-1.951096038746556,-2.020509484011914,0.8206278189708234,3.520509484011914,Lawnmower Search,,,,
0.8888888888888888,3800.0,3.233136099,0.1090566781882415,0.0082704604771913,0.0042785470639968,9.769737071966311,3.9859300798764954,8.378743876,-1.951096038746556,-2.020509484011914,0.8206278189708234,3.520509484011914,Lawnmower Search,,,,
0.8888888888888888,3800.0,3.233136099,0.1090572039014221,0.0082703737586789,0.0042785122710057,9.769610728307816,3.9859295889588937,8.378743876,-1.9510230389357228,-2.020594231345768,0.8205919414108955,3.520594231345768,Lawnmower Search,,,,
0.8888888888888888,3800.0,3.233136099,0.1090572039014221,0.0082703737586789,0.0042785122710057,9.769610728307816,3.9859295889588937,8.378743876,-1.9510230389357228,-2.020594231345768,0.8205919414108955,3.520594231345768,Lawnmower Search,,,,
0.8888888888888888,3800.0,3.233136099,0.1090572039014221,0.0082703737586789,0.0042785122710057,9.769610728307816,3.9859295889588937,8.378743876,-1.9510230389357228,-2.020594231345768,0.8205919414108955,3.520594231345768,Lawnmower Search,,,,
0.8888888888888888,3800.0,3.233136099,0.1090572188025833,0.0082703737586789,0.0042785122710057,9.769610728307816,3.985929574057733,8.378743876,-1.951022180001821,-2.0205956438580595,0.820591509338863,3.5205956438580595,Lawnmower Search,,,,
0.8888888888888888,3800.0,3.233136099,0.1090572188025833,0.0082703737586789,0.0042785122710057,9.769610728307816,3.985929574057733,8.378743876,-1.951022180001821,-2.0205956438580595,0.820591509338863,3.5205956438580595,Lawnmower Search,,,,
0.8888888888888888,3800.0,3.233136099,0.1090572188025833,0.0082703737586789,0.0042785122710057,9.769610728307816,3.985929574057733,8.378743876,-1.951022180001821,-2.0205956438580595,0.820591509338863,3.5205956438580595,Lawnmower Search,,,,
0.8888888888888888,3800.0,3.233136099,0.1090572039014221,0.0082703737586789,0.0042785271721669,9.769610728307816,3.985929574057733,8.378743876,-1.9510201934764848,-2.020600077284151,0.8205904821673606,3.520600077284151,Lawnmower Search,,,,
0.8888888888888888,3800.0,3.233136099,0.1090572039014221,0.0082703737586789,0.0042785271721669,9.769610728307816,3.985929574057733,8.378743876,-1.9510201934764848,-2.020600077284151,0.8205904821673606,3.520600077284151,Lawnmower Search,,,,
0.8888888888888888,3800.0,3.233136099,0.1090572039014221,0.0082703737586789,0.0042785271721669,9.769610728307816,3.985929574057733,8.378743876,-1.9510201934764848,-2.020600077284151,0.8205904821673606,3.520600077284151,Lawnmower Search,,,,
0.8888888888888888,3800.0,3.233136099,0.1090566815420896,0.0082704599244949,0.004278532036056,9.76973626492948,3.9859300915506033,8.378743876,-1.9510143368793569,-2.0206238923925843,0.8205871970824425,3.5206238923925843,Lawnmower Search,,,,
0.8888888888888888,3800.0,3.233136099,0.1090566815420896,0.0082704599244949,0.004278532036056,9.76973626492948,3.9859300915506033,8.378743876,-1.9510143368793569,-2.0206238923925843,0.8205871970824425,3.5206238923925843,Lawnmower Search,,,,
0.8888888888888888,3800.0,3.233136099,0.1090566815420896,0.0082704599244949,0.004278532036056,9.76973626492948,3.9859300915506033,8.378743876,-1.9510143368793569,-2.0206238923925843,0.8205871970824425,3.5206238923925843,Lawnmower Search,,,,
0.8888888888888888,3800.0,3.233136099,0.1090566964432508,0.0082704599244949,0.004278532036056,9.76973626492948,3.985930076649442,8.378743876,-1.951013477948032,-2.0206253049228406,0.8205867650111759,3.5206253049228406,Lawnmower Search,,,,
0.8888888888888888,3800.0,3.233136099,0.1090566964432508,0.0082704599244949,0.004278532036056,9.76973626492948,3.985930076649442,8.378743876,-1.951013477948032,-2.0206253049228406,0.8205867650111759,3.5206253049228406,Lawnmower Search,,,,
0.8888888888888888,3800.0,3.233136099,0.1090566964432508,0.0082704599244949,0.004278532036056,9.76973626492948,3.985930076649442,8.378743876,-1.951013477948032,-2.0206253049228406,0.8205867650111759,3.5206253049228406,Lawnmower Search,,,,
0.8888888888888888,3800.0,3.233136099,0.1090566815420896,0.0082704599244949,0.0042785469372172,9.76973626492948,3.985930076649442,8.378743876,-1.9510114914713537,-2.020629738317069,0.8205857378629989,3.520629738317069,Lawnmower Search,,,,
0.8888888888888888,3800.0,3.233136099,0.1090566815420896,0.0082704599244949,0.0042785469372172,9.76973626492948,3.985930076649442,8.378743876,-1.9510114914713537,-2.020629738317069,0.8205857378629989,3.520629738317069,Lawnmower Search,,,,
0.8888888888888888,3800.0,3.233136099,0.1090566815420896,0.0082704599244949,0.0042785469372172,9.76973626492948,3.985930076649442,8.378743876,-1.9510114914713537,-2.020629738317069,0.8205857378629989,3.520629738317069,Lawnmower Search,,,,
0.8888888888888888,3800.0,3.233136099,0.1090448315515674,0.0082704604750686,0.0042789960054598,9.774435010111386,3.985941462605809,8.378743876,-1.950140300199612,-2.0212103906462544,0.8201678647996071,3.5212103906462544,Lawnmower Search,,,,
0.8888888888888888,3800.0,3.233136099,0.1090566745077083,0.0082704604771907,0.0042785323069431,9.769738531529702,3.9859300834129,8.378743876,-1.9498088656655364,-2.022341491658361,0.8199871344003594,3.522341491658361,Lawnmower Search,,,,
0.8888888888888888,3800.0,3.233136099,0.1090566745077083,0.0082704604771907,0.0042785323069431,9.769738531529702,3.9859300834129,8.378743876,-1.9498088656655364,-2.022341491658361,0.8199871344003594,3.522341491658361,Lawnmower Search,,,,
0.8888888888888888,3800.0,3.233136099,0.1090566745077083,0.0082704604771907,0.0042785323069431,9.769738531529702,3.9859300834129,8.378743876,-1.9498088656655364,-2.022341491658361,0.8199871344003594,3.522341491658361,Lawnmower Search,,,,
0.8888888888888888,3800.0,3.233136099,0.1090566745077083,0.0082704604771907,0.0042785323069431,9.769738531529702,3.9859300834129,8.378743876,-1.9498088656655364,-2.022341491658361,0.8199871344003594,3.522341491658361,Lawnmower Search,,,,
,3800.0,3.233136099,0.1090566745077083,0.0082704604771907,0.0042785323069431,9.769738531529702,3.9859300834129,8.378743876,,,0.8199871344003594,3.522341491658361,NBI (also SQP) method,1.9498088656655364,64.28324199120203,0.8888888888888888,0.0272124441322485
0.8888888888888888,3800.0,3.233136099,0.1090566745077083,0.0082704604771907,0.0042785323069431,9.769738546430863,3.9859300834129,8.378743876,-1.9498088643926788,-2.022341495141019,0.8199871337268597,3.522341495141019,Lawnmower Search,,,,
0.8888888888888888,3800.0,3.233136099,0.1090566745077083,0.0082704604771907,0.0042785323069431,9.769738546430863,3.9859300834129,8.378743876,-1.9498088643926788,-2.022341495141019,0.8199871337268597,3.522341495141019,Lawnmower Search,,,,
0.8888888888888888,3800.0,3.233136099,0.1090566745077083,0.0082704604771907,0.0042785323069431,9.769738546430863,3.9859300834129,8.378743876,-1.9498088643926788,-2.022341495141019,0.8199871337268597,3.522341495141019,Lawnmower Search,,,,
0.8888888888888888,3800.0,3.233136099,0.1090566781882415,0.0082704604771913,0.0042785321628357,9.769737071966311,3.9859300798764954,8.378743876,-1.9493802467608696,-2.0229525257907706,0.8197737676326976,3.5229525257907706,Lawnmower Search,,,,
0.8888888888888888,3800.0,3.233136099,0.1090566781882415,0.0082704604771913,0.0042785321628357,9.769737071966311,3.9859300798764954,8.378743876,-1.9493802467608696,-2.0229525257907706,0.8197737676326976,3.5229525257907706,Lawnmower Search,,,,
0.8888888888888888,3800.0,3.233136099,0.1090566781882415,0.0082704604771913,0.0042785321628357,9.769737071966311,3.9859300798764954,8.378743876,-1.9493802467608696,-2.0229525257907706,0.8197737676326976,3.5229525257907706,Lawnmower Search,,,,
0.8888888888888888,3800.0,3.233136099,0.1090566781882415,0.0082704604771913,0.0042785321628357,9.769737071966311,3.9859300798764954,8.378743876,-1.9493802467608696,-2.0229525257907706,0.8197737676326976,3.5229525257907706,Lawnmower Search,,,,
0.8888888888888888,3800.0,3.233136099,0.1090566781882415,0.0082704604771913,0.0042785321628357,9.769737086867472,3.9859300798764954,8.378743876,-1.9493802454884224,-2.0229525292740345,0.8197737669593737,3.5229525292740345,Lawnmower Search,,,,
0.8888888888888888,3800.0,3.233136099,0.1090566781882415,0.0082704604771913,0.0042785321628357,9.769737086867472,3.9859300798764954,8.378743876,-1.9493802454884224,-2.0229525292740345,0.8197737669593737,3.5229525292740345,Lawnmower Search,,,,
0.8888888888888888,3800.0,3.233136099,0.1090566781882415,0.0082704604771913,0.0042785321628357,9.769737086867472,3.9859300798764954,8.378743876,-1.9493802454884224,-2.0229525292740345,0.8197737669593737,3.5229525292740345,Lawnmower Search,,,,
0.8888888888888888,3800.0,3.233136099,0.1090572039014221,0.0082703737586789,0.0042785122710057,9.769610728307816,3.985929574057733,8.378743876,-1.9493045121533208,-2.023043148207896,0.8197364814497466,3.523043148207896,Lawnmower Search,,,,
0.8888888888888888,3800.0,3.233136099,0.1090572039014221,0.0082703737586789,0.0042785122710057,9.769610728307816,3.985929574057733,8.378743876,-1.9493045121533208,-2.023043148207896,0.8197364814497466,3.523043148207896,Lawnmower Search,,,,
0.8888888888888888,3800.0,3.233136099,0.1090572039014221,0.0082703737586789,0.0042785122710057,9.769610728307816,3.985929574057733,8.378743876,-1.9493045121533208,-2.023043148207896,0.8197364814497466,3.523043148207896,Lawnmower Search,,,,
0.8888888888888888,3800.0,3.233136099,0.1090572039014221,0.0082703737586789,0.0042785122710057,9.769610728307816,3.985929574057733,8.378743876,-1.9493045121533208,-2.023043148207896,0.8197364814497466,3.523043148207896,Lawnmower Search,,,,
0.8888888888888888,3800.0,3.233136099,0.1090572039014221,0.0082703737586789,0.0042785122710057,9.769610743208975,3.985929574057733,8.378743876,-1.949304510880997,-2.0230431516913905,0.8197364807764743,3.5230431516913905,Lawnmower Search,,,,
0.8888888888888888,3800.0,3.233136099,0.1090572039014221,0.0082703737586789,0.0042785122710057,9.769610743208975,3.985929574057733,8.378743876,-1.949304510880997,-2.0230431516913905,0.8197364807764743,3.5230431516913905,Lawnmower Search,,,,
0.8888888888888888,3800.0,3.233136099,0.1090572039014221,0.0082703737586789,0.0042785122710057,9.769610743208975,3.985929574057733,8.378743876,-1.949304510880997,-2.0230431516913905,0.8197364807764743,3.5230431516913905,Lawnmower Search,,,,
0.8888888888888888,3800.0,3.233136099,0.1090572039014221,0.0082703886598401,0.0042785122710057,9.769610728307816,3.985929574057733,8.378743876,-1.9493031697685808,-2.023046359938529,0.8197357821840708,3.523046359938529,Lawnmower Search,,,,
0.8888888888888888,3800.0,3.233136099,0.1090572039014221,0.0082703886598401,0.0042785122710057,9.769610728307816,3.985929574057733,8.378743876,-1.9493031697685808,-2.023046359938529,0.8197357821840708,3.523046359938529,Lawnmower Search,,,,
0.8888888888888888,3800.0,3.233136099,0.1090572039014221,0.0082703886598401,0.0042785122710057,9.769610728307816,3.985929574057733,8.378743876,-1.9493031697685808,-2.023046359938529,0.8197357821840708,3.523046359938529,Lawnmower Search,,,,
0.8888888888888888,3800.0,3.233136099,0.1090566815420896,0.0082704599244949,0.004278532036056,9.76973626492948,3.985930076649442,8.378743876,-1.9492958275663963,-2.0230728216992118,0.8197317449248873,3.5230728216992118,Lawnmower Search,,,,
0.8888888888888888,3800.0,3.233136099,0.1090566815420896,0.0082704599244949,0.004278532036056,9.76973626492948,3.985930076649442,8.378743876,-1.9492958275663963,-2.0230728216992118,0.8197317449248873,3.5230728216992118,Lawnmower Search,,,,
0.8888888888888888,3800.0,3.233136099,0.1090566815420896,0.0082704599244949,0.004278532036056,9.76973626492948,3.985930076649442,8.378743876,-1.9492958275663963,-2.0230728216992118,0.8197317449248873,3.5230728216992118,Lawnmower Search,,,,
0.8888888888888888,3800.0,3.233136099,0.1090566815420896,0.0082704599244949,0.004278532036056,9.76973626492948,3.985930076649442,8.378743876,-1.9492958275663963,-2.0230728216992118,0.8197317449248873,3.5230728216992118,Lawnmower Search,,,,
0.8888888888888888,3800.0,3.233136099,0.1090566815420896,0.0082704599244949,0.004278532036056,9.76973627983064,3.985930076649442,8.378743876,-1.9492958262940296,-2.0230728251825942,0.8197317442515978,3.5230728251825942,Lawnmower Search,,,,
0.8888888888888888,3800.0,3.233136099,0.1090566815420896,0.0082704599244949,0.004278532036056,9.76973627983064,3.985930076649442,8.378743876,-1.9492958262940296,-2.0230728251825942,0.8197317442515978,3.5230728251825942,Lawnmower Search,,,,
0.8888888888888888,3800.0,3.233136099,0.1090566815420896,0.0082704599244949,0.004278532036056,9.76973627983064,3.985930076649442,8.378743876,-1.9492958262940296,-2.0230728251825942,0.8197317442515978,3.5230728251825942,Lawnmower Search,,,,
0.8888888888888888,3800.0,3.233136099,0.1090566815420896,0.0082704748256561,0.004278532036056,9.76973626492948,3.985930076649442,8.378743876,-1.949294485197924,-2.0230760334393367,0.8197310456665283,3.5230760334393367,Lawnmower Search,,,,
0.8888888888888888,3800.0,3.233136099,0.1090566815420896,0.0082704748256561,0.004278532036056,9.76973626492948,3.985930076649442,8.378743876,-1.949294485197924,-2.0230760334393367,0.8197310456665283,3.5230760334393367,Lawnmower Search,,,,
0.8888888888888888,3800.0,3.233136099,0.1090566815420896,0.0082704748256561,0.004278532036056,9.76973626492948,3.985930076649442,8.378743876,-1.949294485197924,-2.0230760334393367,0.8197310456665283,3.5230760334393367,Lawnmower Search,,,,
0.8888888888888888,3800.0,3.233136099,0.109878983019481,0.0081408117372468,0.0042487928301619,9.585450790021172,3.985137538748209,8.378743876,-1.9378712486602785,-2.026801031929985,0.8143447550718478,3.526801031929985,Lawnmower Search,,,,
0.8888888888888888,3800.0,3.233136099,0.1098419826924109,0.0073741288135496,0.0043999999990372,10.173654014973003,3.9853318918608247,8.378743876,-1.9303089945450889,-2.0447188146399866,0.8104096693234123,3.5447188146399866,Lawnmower Search,,,,
0.8888888888888888,3800.0,3.233136099,0.1098420144492426,0.0073815890168818,0.004399999999434,10.179100050226934,3.9853318743831694,8.378743876,-1.929290599698031,-2.0472175799767034,0.8098776875319709,3.5472175799767034,Lawnmower Search,,,,
0.8888888888888888,3800.0,3.233136099,0.1098416534504133,0.0081874734662913,0.0042453368968311,9.70913616698647,3.985177904325588,8.378743876,-1.928338191599959,-2.0536650095956763,0.8092819249519925,3.5536650095956763,Lawnmower Search,,,,
0.8888888888888888,3800.0,3.233136099,0.1100326273638509,0.0081946552429119,0.0042611436630966,9.586403264595509,3.984971716405456,8.378743876,-1.9245230458026512,-2.0545108135826737,0.8074925249052645,3.5545108135826737,Lawnmower Search,,,,
0.8888888888888888,3800.0,3.233136099,0.1100508192926857,0.0082010304676383,0.004262606036962,9.608302892767783,3.984952108698156,8.378743876,-1.921509167021301,-2.0626731018575866,0.8058998156196869,3.5626731018575866,Lawnmower Search,,,,
0.8888888888888888,3800.0,3.233136099,0.1098443271587147,0.0083554330087152,0.0042442793436935,10.063101075921685,3.98517524362638,8.378743876,-1.8905917418275373,-2.127331155512327,0.7900171397478278,3.627331155512327,Lawnmower Search,,,,
0.8888888888888888,3800.0,3.233136099,0.111759999999959,0.0072,0.0043999850988388,10.094247269493309,3.9872513524946287,8.378743876,-1.8750806634673307,-2.154982113778971,0.7821633331598533,3.654982113778971,Lawnmower Search,,,,
0.8888888888888888,3800.0,3.233136099,0.111759999999959,0.0072,0.0043999850988388,10.094247269493309,3.9872513524946287,8.378743876,-1.8750806634673307,-2.154982113778971,0.7821633331598533,3.654982113778971,Lawnmower Search,,,,
0.8888888888888888,3800.0,3.233136099,0.111759999999959,0.0072,0.0043999850988388,10.094247269493309,3.9872513524946287,8.378743876,-1.8750806634673307,-2.154982113778971,0.7821633331598533,3.654982113778971,Lawnmower Search,,,,
0.8888888888888888,3800.0,3.233136099,0.1117599850987978,0.0072,0.0044,10.094247269493309,3.9872513524946287,8.378743876,-1.875078640445018,-2.1549870737924923,0.7821622764772995,3.654987073792492,Lawnmower Search,,,,
0.8888888888888888,3800.0,3.233136099,0.1117599850987978,0.0072,0.0044,10.094247269493309,3.9872513524946287,8.378743876,-1.875078640445018,-2.1549870737924923,0.7821622764772995,3.654987073792492,Lawnmower Search,,,,
0.8888888888888888,3800.0,3.233136099,0.1117599850987978,0.0072,0.0044,10.094247269493309,3.9872513524946287,8.378743876,-1.875078640445018,-2.1549870737924923,0.7821622764772995,3.654987073792492,Lawnmower Search,,,,
0.8888888888888888,3800.0,3.233136099,0.111759999999959,0.0072,0.0044,10.094247269493309,3.98725136739579,8.378743876,-1.8750778413936415,-2.154988519576712,0.7821618713791111,3.6549885195767113,Lawnmower Search,,,,
0.8888888888888888,3800.0,3.233136099,0.111759999999959,0.0072,0.0044,10.094247269493309,3.98725136739579,8.378743876,-1.8750778413936415,-2.154988519576712,0.7821618713791111,3.6549885195767113,Lawnmower Search,,,,
0.8888888888888888,3800.0,3.233136099,0.111759999999959,0.0072,0.0044,10.094247269493309,3.98725136739579,8.378743876,-1.8750778413936415,-2.154988519576712,0.7821618713791111,3.6549885195767113,Lawnmower Search,,,,
0.8888888888888888,3800.0,3.233136099,0.111759999999959,0.0072,0.0044,10.094247269493309,3.9872513524946287,8.378743876,-1.8734453534489013,-2.1575390116077893,0.7813438820564198,3.657539011607789,Lawnmower Search,,,,
0.8888888888888888,3800.0,3.233136099,0.111759999999959,0.0072,0.0044,10.094247269493309,3.9872513524946287,8.378743876,-1.8734453534489013,-2.1575390116077893,0.7813438820564198,3.657539011607789,Lawnmower Search,,,,
0.8888888888888888,3800.0,3.233136099,0.111759999999959,0.0072,0.0044,10.094247269493309,3.9872513524946287,8.378743876,-1.8734453534489013,-2.1575390116077893,0.7813438820564198,3.657539011607789,Lawnmower Search,,,,
0.8888888888888888,3800.0,3.233136099,0.111759999999959,0.0072,0.0044,10.094247269493309,3.9872513524946287,8.378743876,-1.8734453534489013,-2.1575390116077893,0.7813438820564198,3.657539011607789,Lawnmower Search,,,,
0.8888888888888888,3800.0,3.233136099,0.111759999999959,0.0072,0.0044,10.09424728439447,3.9872513524946287,8.378743876,-1.8734453520739185,-2.157539014615589,0.7813438813469117,3.6575390146155895,Lawnmower Search,,,,
0.8888888888888888,3800.0,3.233136099,0.111759999999959,0.0072,0.0044,10.09424728439447,3.9872513524946287,8.378743876,-1.8734453520739185,-2.157539014615589,0.7813438813469117,3.6575390146155895,Lawnmower Search,,,,
0.8888888888888888,3800.0,3.233136099,0.111759999999959,0.0072,0.0044,10.09424728439447,3.9872513524946287,8.378743876,-1.8734453520739185,-2.157539014615589,0.7813438813469117,3.6575390146155895,Lawnmower Search,,,,
0.8888888888888888,3800.0,3.233136099,0.111759999999959,0.0072000149011611,0.0044,10.094247269493309,3.9872513524946287,8.378743876,-1.8734440231649128,-2.157542547207742,0.7813431806610891,3.657542547207742,Lawnmower Search,,,,
0.8888888888888888,3800.0,3.233136099,0.111759999999959,0.0072000149011611,0.0044,10.094247269493309,3.9872513524946287,8.378743876,-1.8734440231649128,-2.157542547207742,0.7813431806610891,3.657542547207742,Lawnmower Search,,,,
0.8888888888888888,3800.0,3.233136099,0.111759999999959,0.0072000149011611,0.0044,10.094247269493309,3.9872513524946287,8.378743876,-1.8734440231649128,-2.157542547207742,0.7813431806610891,3.657542547207742,Lawnmower Search,,,,
0.8888888888888888,3800.0,3.233136099,0.11176,0.0075432387976564,0.0043999850976463,10.120292167132108,3.9872506484130175,8.378743876,-1.8441621235130417,-2.197724392779035,0.7668039690289117,3.697724392779035,Lawnmower Search,,,,
0.8888888888888888,3800.0,3.233136099,0.11176,0.0075432387976564,0.0043999850976463,10.120292167132108,3.9872506484130175,8.378743876,-1.8441621235130417,-2.197724392779035,0.7668039690289117,3.697724392779035,Lawnmower Search,,,,
0.8888888888888888,3800.0,3.233136099,0.11176,0.0075432387976564,0.0043999850976463,10.120292167132108,3.9872506484130175,8.378743876,-1.8441621235130417,-2.197724392779035,0.7668039690289117,3.697724392779035,Lawnmower Search,,,,
0.8888888888888888,3800.0,3.233136099,0.1117599850988388,0.0075432387976564,0.0043999999988075,10.120292167132108,3.9872506484130175,8.378743876,-1.8441602009194429,-2.1977292690885744,0.7668029609184853,3.6977292690885744,Lawnmower Search,,,,
0.8888888888888888,3800.0,3.233136099,0.1117599850988388,0.0075432387976564,0.0043999999988075,10.120292167132108,3.9872506484130175,8.378743876,-1.8441602009194429,-2.1977292690885744,0.7668029609184853,3.6977292690885744,Lawnmower Search,,,,
0.8888888888888888,3800.0,3.233136099,0.1117599850988388,0.0075432387976564,0.0043999999988075,10.120292167132108,3.9872506484130175,8.378743876,-1.8441602009194429,-2.1977292690885744,0.7668029609184853,3.6977292690885744,Lawnmower Search,,,,
0.8888888888888888,3800.0,3.233136099,0.11176,0.0075432387976564,0.0043999999988075,10.120292167132108,3.987250663314178,8.378743876,-1.8441594204711675,-2.1977307308366973,0.7668025640654779,3.697730730836697,Lawnmower Search,,,,
0.8888888888888888,3800.0,3.233136099,0.11176,0.0075432387976564,0.0043999999988075,10.120292167132108,3.987250663314178,8.378743876,-1.8441594204711675,-2.1977307308366973,0.7668025640654779,3.697730730836697,Lawnmower Search,,,,
0.8888888888888888,3800.0,3.233136099,0.11176,0.0075432387976564,0.0043999999988075,10.120292167132108,3.987250663314178,8.378743876,-1.8441594204711675,-2.1977307308366973,0.7668025640654779,3.697730730836697,Lawnmower Search,,,,
0.8888888888888888,3800.0,3.233136099,0.11176,0.0075432387976564,0.0043999999988075,10.120292167132108,3.9872506484130175,8.378743876,-1.8425610143151685,-2.2003144369136955,0.765999585488216,3.700314436913696,Lawnmower Search,,,,
0.8888888888888888,3800.0,3.233136099,0.11176,0.0075432387976564,0.0043999999988075,10.120292167132108,3.9872506484130175,8.378743876,-1.8425610143151685,-2.2003144369136955,0.765999585488216,3.700314436913696,Lawnmower Search,,,,
0.8888888888888888,3800.0,3.233136099,0.11176,0.0075432387976564,0.0043999999988075,10.120292167132108,3.9872506484130175,8.378743876,-1.8425610143151685,-2.2003144369136955,0.765999585488216,3.700314436913696,Lawnmower Search,,,,
0.8888888888888888,3800.0,3.233136099,0.11176,0.0075432387976564,0.0043999999988075,10.120292167132108,3.9872506484130175,8.378743876,-1.8425610143151685,-2.2003144369136955,0.765999585488216,3.700314436913696,Lawnmower Search,,,,
0.8888888888888888,3800.0,3.233136099,0.11176,0.0075432387976564,0.0043999999988075,10.12029218203327,3.9872506484130175,8.378743876,-1.842561012997746,-2.200314440041924,0.7659995848025218,3.700314440041924,Lawnmower Search,,,,
0.8888888888888888,3800.0,3.233136099,0.11176,0.0075432387976564,0.0043999999988075,10.12029218203327,3.9872506484130175,8.378743876,-1.842561012997746,-2.200314440041924,0.7659995848025218,3.700314440041924,Lawnmower Search,,,,
0.8888888888888888,3800.0,3.233136099,0.11176,0.0075432387976564,0.0043999999988075,10.12029218203327,3.9872506484130175,8.378743876,-1.842561012997746,-2.200314440041924,0.7659995848025218,3.700314440041924,Lawnmower Search,,,,
0.8888888888888888,3800.0,3.233136099,0.11176,0.0075432536988176,0.0043999999988075,10.120292167132108,3.9872506484130175,8.378743876,-1.842559744723795,-2.200317932022233,0.7659989132054734,3.700317932022233,Lawnmower Search,,,,
0.8888888888888888,3800.0,3.233136099,0.11176,0.0075432536988176,0.0043999999988075,10.120292167132108,3.9872506484130175,8.378743876,-1.842559744723795,-2.200317932022233,0.7659989132054734,3.700317932022233,Lawnmower Search,,,,
0.8888888888888888,3800.0,3.233136099,0.11176,0.0075432536988176,0.0043999999988075,10.120292167132108,3.9872506484130175,8.378743876,-1.842559744723795,-2.200317932022233,0.7659989132054734,3.700317932022233,Lawnmower Search,,,,
0.6666666666666666,3800.0,3.233136099,0.11176,0.0088,0.0044,9.0,3.982295305247489,8.378743876,-1.7991937799950892,-2.2023795120103293,0.7584691679291562,3.702379512010329,Lawnmower Search,,,,
0.7777777777777777,3800.0,3.233136099,0.1113958428605452,0.0084316474577885,0.0043294353193392,10.017979427662048,3.986915735730201,8.378743876,-1.806604892261614,-2.257609223366708,0.7521626559412229,3.757609223366708,Lawnmower Search,,,,
0.7777777777777777,3800.0,3.233136099,0.1113958428605452,0.0084316474577885,0.0043294353193392,10.017979427662048,3.986915735730201,8.378743876,-1.806604892261614,-2.257609223366708,0.7521626559412229,3.757609223366708,Lawnmower Search,,,,
0.7777777777777777,3800.0,3.233136099,0.1113958428605452,0.0084316474577885,0.0043294353193392,10.017979427662048,3.986915735730201,8.378743876,-1.806604892261614,-2.257609223366708,0.7521626559412229,3.757609223366708,Lawnmower Search,,,,
0.7777777777777777,3800.0,3.233136099,0.1113958428605452,0.0084316474577885,0.0043294353193392,10.017979427662048,3.986915735730201,8.378743876,-1.806604892261614,-2.257609223366708,0.7521626559412229,3.757609223366708,Lawnmower Search,,,,
0.7777777777777777,3800.0,3.233136099,0.1113958428605452,0.0084316474577885,0.0043294353193392,10.01797944256321,3.986915735730201,8.378743876,-1.8066048914327504,-2.25760922693563,0.7521626553069669,3.75760922693563,Lawnmower Search,,,,
0.7777777777777777,3800.0,3.233136099,0.1113958428605452,0.0084316474577885,0.0043294353193392,10.01797944256321,3.986915735730201,8.378743876,-1.8066048914327504,-2.25760922693563,0.7521626553069669,3.75760922693563,Lawnmower Search,,,,
0.7777777777777777,3800.0,3.233136099,0.1113958428605452,0.0084316474577885,0.0043294353193392,10.01797944256321,3.986915735730201,8.378743876,-1.8066048914327504,-2.25760922693563,0.7521626553069669,3.75760922693563,Lawnmower Search,,,,
0.7777777777777777,3800.0,3.233136099,0.1113958428605452,0.0084316623589497,0.0043294353193392,10.017979427662048,3.986915735730201,8.378743876,-1.8066040508039185,-2.2576125835705216,0.752162026413628,3.7576125835705216,Lawnmower Search,,,,
0.7777777777777777,3800.0,3.233136099,0.1113958428605452,0.0084316623589497,0.0043294353193392,10.017979427662048,3.986915735730201,8.378743876,-1.8066040508039185,-2.2576125835705216,0.752162026413628,3.7576125835705216,Lawnmower Search,,,,
0.7777777777777777,3800.0,3.233136099,0.1113958428605452,0.0084316623589497,0.0043294353193392,10.017979427662048,3.986915735730201,8.378743876,-1.8066040508039185,-2.2576125835705216,0.752162026413628,3.7576125835705216,Lawnmower Search,,,,
0.7777777777777777,3800.0,3.233136099,0.1113958428605452,0.0084316474577885,0.0043294353193392,10.017979427662048,3.9869157506313617,8.378743876,-1.805387860617626,-2.2602379873155622,0.7513740449886076,3.760237987315562,Lawnmower Search,,,,
0.7777777777777777,3800.0,3.233136099,0.1113958428605452,0.0084316474577885,0.0043294353193392,10.017979427662048,3.9869157506313617,8.378743876,-1.805387860617626,-2.2602379873155622,0.7513740449886076,3.760237987315562,Lawnmower Search,,,,
0.7777777777777777,3800.0,3.233136099,0.1113958428605452,0.0084316474577885,0.0043294353193392,10.017979427662048,3.9869157506313617,8.378743876,-1.805387860617626,-2.2602379873155622,0.7513740449886076,3.760237987315562,Lawnmower Search,,,,
0.7777777777777777,3800.0,3.233136099,0.1113958577617064,0.0084316474577885,0.0043294353193392,10.017979427662048,3.986915735730201,8.378743876,-1.8053872817916543,-2.2602394638749144,0.751373657557727,3.7602394638749135,Lawnmower Search,,,,
0.7777777777777777,3800.0,3.233136099,0.1113958577617064,0.0084316474577885,0.0043294353193392,10.017979427662048,3.986915735730201,8.378743876,-1.8053872817916543,-2.2602394638749144,0.751373657557727,3.7602394638749135,Lawnmower Search,,,,
0.7777777777777777,3800.0,3.233136099,0.1113958577617064,0.0084316474577885,0.0043294353193392,10.017979427662048,3.986915735730201,8.378743876,-1.8053872817916543,-2.2602394638749144,0.751373657557727,3.7602394638749135,Lawnmower Search,,,,
0.7777777777777777,3800.0,3.233136099,0.1113958428605452,0.0084316474577885,0.0043294502205004,10.017979427662048,3.986915735730201,8.378743876,-1.8053860060769316,-2.260244155839168,0.7513727251276751,3.760244155839168,Lawnmower Search,,,,
0.7777777777777777,3800.0,3.233136099,0.1113958428605452,0.0084316474577885,0.0043294502205004,10.017979427662048,3.986915735730201,8.378743876,-1.8053860060769316,-2.260244155839168,0.7513727251276751,3.760244155839168,Lawnmower Search,,,,
0.7777777777777777,3800.0,3.233136099,0.1113958428605452,0.0084316474577885,0.0043294502205004,10.017979427662048,3.986915735730201,8.378743876,-1.8053860060769316,-2.260244155839168,0.7513727251276751,3.760244155839168,Lawnmower Search,,,,
0.7777777777777777,3800.0,3.233136099,0.1113972286286233,0.0082572523195065,0.0043294289420047,10.217583505956071,3.9869143587742046,8.378743876,-1.804799086081355,-2.2610043147218697,0.7510201436806646,3.7610043147218697,Lawnmower Search,,,,
0.7777777777777777,3800.0,3.233136099,0.1113972286286233,0.0082572523195065,0.0043294289420047,10.217583505956071,3.9869143587742046,8.378743876,-1.804799086081355,-2.2610043147218697,0.7510201436806646,3.7610043147218697,Lawnmower Search,,,,
0.7777777777777777,3800.0,3.233136099,0.1113972286286233,0.0082572523195065,0.0043294289420047,10.217583505956071,3.9869143587742046,8.378743876,-1.804799086081355,-2.2610043147218697,0.7510201436806646,3.7610043147218697,Lawnmower Search,,,,
0.7777777777777777,3800.0,3.233136099,0.1113972435297845,0.0082572523195065,0.0043294289420047,10.217583505956071,3.986914343873043,8.378743876,-1.8047985079272175,-2.261005791612107,0.751019756587761,3.761005791612107,Lawnmower Search,,,,
0.7777777777777777,3800.0,3.233136099,0.1113972435297845,0.0082572523195065,0.0043294289420047,10.217583505956071,3.986914343873043,8.378743876,-1.8047985079272175,-2.261005791612107,0.751019756587761,3.761005791612107,Lawnmower Search,,,,
0.7777777777777777,3800.0,3.233136099,0.1113972435297845,0.0082572523195065,0.0043294289420047,10.217583505956071,3.986914343873043,8.378743876,-1.8047985079272175,-2.261005791612107,0.751019756587761,3.761005791612107,Lawnmower Search,,,,
0.7777777777777777,3800.0,3.233136099,0.1113972286286233,0.0082572523195065,0.0043294438431659,10.217583505956071,3.986914343873043,8.378743876,-1.8047972225414268,-2.261010534830556,0.7510188162321381,3.761010534830556,Lawnmower Search,,,,
0.7777777777777777,3800.0,3.233136099,0.1113972286286233,0.0082572523195065,0.0043294438431659,10.217583505956071,3.986914343873043,8.378743876,-1.8047972225414268,-2.261010534830556,0.7510188162321381,3.761010534830556,Lawnmower Search,,,,
0.7777777777777777,3800.0,3.233136099,0.1113972286286233,0.0082572523195065,0.0043294438431659,10.217583505956071,3.986914343873043,8.378743876,-1.8047972225414268,-2.261010534830556,0.7510188162321381,3.761010534830556,Lawnmower Search,,,,
0.7777777777777777,3800.0,3.233136099,0.1113958862779341,0.0086961594712086,0.0043294326145924,9.792167205667576,3.986915704021922,8.378743876,-1.803724030353172,-2.263110306394808,0.7503353367043665,3.763110306394808,Lawnmower Search,,,,
0.7777777777777777,3800.0,3.233136099,0.1113958862779341,0.0086961594712086,0.0043294326145924,9.792167205667576,3.986915704021922,8.378743876,-1.803724030353172,-2.263110306394808,0.7503353367043665,3.763110306394808,Lawnmower Search,,,,
0.7777777777777777,3800.0,3.233136099,0.1113958862779341,0.0086961594712086,0.0043294326145924,9.792167205667576,3.986915704021922,8.378743876,-1.803724030353172,-2.263110306394808,0.7503353367043665,3.763110306394808,Lawnmower Search,,,,
0.7777777777777777,3800.0,3.233136099,0.1113959011790953,0.0086961594712086,0.0043294326145924,9.792167205667576,3.9869156891207607,8.378743876,-1.8037234524193504,-2.263111784123384,0.7503349496824233,3.763111784123384,Lawnmower Search,,,,
0.7777777777777777,3800.0,3.233136099,0.1113959011790953,0.0086961594712086,0.0043294326145924,9.792167205667576,3.9869156891207607,8.378743876,-1.8037234524193504,-2.263111784123384,0.7503349496824233,3.763111784123384,Lawnmower Search,,,,
0.7777777777777777,3800.0,3.233136099,0.1113959011790953,0.0086961594712086,0.0043294326145924,9.792167205667576,3.9869156891207607,8.378743876,-1.8037234524193504,-2.263111784123384,0.7503349496824233,3.763111784123384,Lawnmower Search,,,,
0.7777777777777777,3800.0,3.233136099,0.1113958862779341,0.0086961594712086,0.0043294475157536,9.792167205667576,3.9869156891207607,8.378743876,-1.8037221985710248,-2.2631164042544945,0.7503340327654259,3.7631164042544953,Lawnmower Search,,,,
0.7777777777777777,3800.0,3.233136099,0.1113958862779341,0.0086961594712086,0.0043294475157536,9.792167205667576,3.9869156891207607,8.378743876,-1.8037221985710248,-2.2631164042544945,0.7503340327654259,3.7631164042544953,Lawnmower Search,,,,
0.7777777777777777,3800.0,3.233136099,0.1113958862779341,0.0086961594712086,0.0043294475157536,9.792167205667576,3.9869156891207607,8.378743876,-1.8037221985710248,-2.2631164042544945,0.7503340327654259,3.7631164042544953,Lawnmower Search,,,,
0.7777777777777777,3800.0,3.233136099,0.1113972286286233,0.0082572523195065,0.0043294289420047,10.217583505956071,3.986914343873043,8.378743876,-1.803584561865388,-2.263635440844979,0.750232732544723,3.763635440844979,Lawnmower Search,,,,
0.7777777777777777,3800.0,3.233136099,0.1113972286286233,0.0082572523195065,0.0043294289420047,10.217583505956071,3.986914343873043,8.378743876,-1.803584561865388,-2.263635440844979,0.750232732544723,3.763635440844979,Lawnmower Search,,,,
0.7777777777777777,3800.0,3.233136099,0.1113972286286233,0.0082572523195065,0.0043294289420047,10.217583505956071,3.986914343873043,8.378743876,-1.803584561865388,-2.263635440844979,0.750232732544723,3.763635440844979,Lawnmower Search,,,,
0.7777777777777777,3800.0,3.233136099,0.1113972286286233,0.0082572523195065,0.0043294289420047,10.217583505956071,3.986914343873043,8.378743876,-1.803584561865388,-2.263635440844979,0.750232732544723,3.763635440844979,Lawnmower Search,,,,
,3800.0,3.233136099,0.1113972286286233,0.0082572523195065,0.0043294289420047,10.217583505956071,3.986914343873043,8.378743876,,,0.750232732544723,3.763635440844979,NBI (also SQP) method,1.803584561865388,58.755387687683104,0.7777777777777777,0.0092343445605526
0.7777777777777777,3800.0,3.233136099,0.1113972286286233,0.0082572523195065,0.0043294289420047,10.217583520857234,3.986914343873043,8.378743876,-1.8035845609702548,-2.263635444208241,0.750232731886582,3.763635444208241,Lawnmower Search,,,,
0.7777777777777777,3800.0,3.233136099,0.1113972286286233,0.0082572523195065,0.0043294289420047,10.217583520857234,3.986914343873043,8.378743876,-1.8035845609702548,-2.263635444208241,0.750232731886582,3.763635444208241,Lawnmower Search,,,,
0.7777777777777777,3800.0,3.233136099,0.1113972286286233,0.0082572523195065,0.0043294289420047,10.217583520857234,3.986914343873043,8.378743876,-1.8035845609702548,-2.263635444208241,0.750232731886582,3.763635444208241,Lawnmower Search,,,,
0.7777777777777777,3800.0,3.233136099,0.1113972286286233,0.0082572672206677,0.0043294289420047,10.217583505956071,3.986914343873043,8.378743876,-1.8035837118626368,-2.26363885086146,0.750232095767068,3.76363885086146,Lawnmower Search,,,,
0.7777777777777777,3800.0,3.233136099,0.1113972286286233,0.0082572672206677,0.0043294289420047,10.217583505956071,3.986914343873043,8.378743876,-1.8035837118626368,-2.26363885086146,0.750232095767068,3.76363885086146,Lawnmower Search,,,,
0.7777777777777777,3800.0,3.233136099,0.1113972286286233,0.0082572672206677,0.0043294289420047,10.217583505956071,3.986914343873043,8.378743876,-1.8035837118626368,-2.26363885086146,0.750232095767068,3.76363885086146,Lawnmower Search,,,,
0.7777777777777777,3800.0,3.233136099,0.1113958862779341,0.0086961594712086,0.0043294326145924,9.792167205667576,3.9869156891207607,8.378743876,-1.80251101261232,-2.2657429053570564,0.7495486434940583,3.765742905357056,Lawnmower Search,,,,
0.7777777777777777,3800.0,3.233136099,0.1113958862779341,0.0086961594712086,0.0043294326145924,9.792167205667576,3.9869156891207607,8.378743876,-1.80251101261232,-2.2657429053570564,0.7495486434940583,3.765742905357056,Lawnmower Search,,,,
0.7777777777777777,3800.0,3.233136099,0.1113958862779341,0.0086961594712086,0.0043294326145924,9.792167205667576,3.9869156891207607,8.378743876,-1.80251101261232,-2.2657429053570564,0.7495486434940583,3.765742905357056,Lawnmower Search,,,,
0.7777777777777777,3800.0,3.233136099,0.1113958862779341,0.0086961594712086,0.0043294326145924,9.792167205667576,3.9869156891207607,8.378743876,-1.80251101261232,-2.2657429053570564,0.7495486434940583,3.765742905357056,Lawnmower Search,,,,
0.7777777777777777,3800.0,3.233136099,0.1113958862779341,0.0086961594712086,0.0043294326145924,9.792167220568738,3.9869156891207607,8.378743876,-1.802511011876878,-2.265742909191401,0.7495486428948128,3.765742909191401,Lawnmower Search,,,,
0.7777777777777777,3800.0,3.233136099,0.1113958862779341,0.0086961594712086,0.0043294326145924,9.792167220568738,3.9869156891207607,8.378743876,-1.802511011876878,-2.265742909191401,0.7495486428948128,3.765742909191401,Lawnmower Search,,,,
0.7777777777777777,3800.0,3.233136099,0.1113958862779341,0.0086961594712086,0.0043294326145924,9.792167220568738,3.9869156891207607,8.378743876,-1.802511011876878,-2.265742909191401,0.7495486428948128,3.765742909191401,Lawnmower Search,,,,
0.7777777777777777,3800.0,3.233136099,0.1113958862779341,0.0086961743723698,0.0043294326145924,9.792167205667576,3.9869156891207607,8.378743876,-1.8025101920859607,-2.2657462078181854,0.7495480282141579,3.765746207818186,Lawnmower Search,,,,
0.7777777777777777,3800.0,3.233136099,0.1113958862779341,0.0086961743723698,0.0043294326145924,9.792167205667576,3.9869156891207607,8.378743876,-1.8025101920859607,-2.2657462078181854,0.7495480282141579,3.765746207818186,Lawnmower Search,,,,
0.7777777777777777,3800.0,3.233136099,0.1113958862779341,0.0086961743723698,0.0043294326145924,9.792167205667576,3.9869156891207607,8.378743876,-1.8025101920859607,-2.2657462078181854,0.7495480282141579,3.765746207818186,Lawnmower Search,,,,
0.7777777777777777,3800.0,3.233136099,0.111396662695329,0.0088,0.004329403022908,9.730703496761109,3.986914897803765,8.378743876,-1.8021959902237192,-2.2674842749882966,0.7492865540310553,3.7674842749882966,Lawnmower Search,,,,
0.7777777777777777,3800.0,3.233136099,0.111396662695329,0.0088,0.004329403022908,9.730703496761109,3.986914897803765,8.378743876,-1.8021959902237192,-2.2674842749882966,0.7492865540310553,3.7674842749882966,Lawnmower Search,,,,
0.7777777777777777,3800.0,3.233136099,0.111396662695329,0.0088,0.004329403022908,9.730703496761109,3.986914897803765,8.378743876,-1.8021959902237192,-2.2674842749882966,0.7492865540310553,3.7674842749882966,Lawnmower Search,,,,
0.7777777777777777,3800.0,3.233136099,0.1113966775964902,0.0088,0.004329403022908,9.730703496761109,3.986914882902604,8.378743876,-1.802195413460956,-2.2674857544977867,0.7492861675324447,3.767485754497786,Lawnmower Search,,,,
0.7777777777777777,3800.0,3.233136099,0.1113966775964902,0.0088,0.004329403022908,9.730703496761109,3.986914882902604,8.378743876,-1.802195413460956,-2.2674857544977867,0.7492861675324447,3.767485754497786,Lawnmower Search,,,,
0.7777777777777777,3800.0,3.233136099,0.1113966775964902,0.0088,0.004329403022908,9.730703496761109,3.986914882902604,8.378743876,-1.802195413460956,-2.2674857544977867,0.7492861675324447,3.767485754497786,Lawnmower Search,,,,
0.7777777777777777,3800.0,3.233136099,0.111396662695329,0.0088,0.0043294179240692,9.730703496761109,3.986914882902604,8.378743876,-1.8021941708960096,-2.2674903499221046,0.7492852579451378,3.7674903499221046,Lawnmower Search,,,,
0.7777777777777777,3800.0,3.233136099,0.111396662695329,0.0088,0.0043294179240692,9.730703496761109,3.986914882902604,8.378743876,-1.8021941708960096,-2.2674903499221046,0.7492852579451378,3.7674903499221046,Lawnmower Search,,,,
0.7777777777777777,3800.0,3.233136099,0.111396662695329,0.0088,0.0043294179240692,9.730703496761109,3.986914882902604,8.378743876,-1.8021941708960096,-2.2674903499221046,0.7492852579451378,3.7674903499221046,Lawnmower Search,,,,
0.7777777777777777,3800.0,3.233136099,0.1113966738523436,0.0087999850988386,0.0043294271121411,9.731138081242324,3.986914895834613,8.378743876,-1.8021726833465463,-2.2676062143244686,0.7492675401138017,3.7676062143244686,Lawnmower Search,,,,
0.7777777777777777,3800.0,3.233136099,0.1113966738523436,0.0087999850988386,0.0043294271121411,9.731138081242324,3.986914895834613,8.378743876,-1.8021726833465463,-2.2676062143244686,0.7492675401138017,3.7676062143244686,Lawnmower Search,,,,
0.7777777777777777,3800.0,3.233136099,0.1113966738523436,0.0087999850988386,0.0043294271121411,9.731138081242324,3.986914895834613,8.378743876,-1.8021726833465463,-2.2676062143244686,0.7492675401138017,3.7676062143244686,Lawnmower Search,,,,
0.7777777777777777,3800.0,3.233136099,0.1113966738523436,0.0087999999999998,0.0043294271121411,9.731138081242324,3.986914895834613,8.378743876,-1.8021718690635795,-2.267609494011255,0.7492669293869589,3.767609494011255,Lawnmower Search,,,,
0.7777777777777777,3800.0,3.233136099,0.1113966738523436,0.0087999999999998,0.0043294271121411,9.731138081242324,3.986914895834613,8.378743876,-1.8021718690635795,-2.267609494011255,0.7492669293869589,3.767609494011255,Lawnmower Search,,,,
0.7777777777777777,3800.0,3.233136099,0.1113966738523436,0.0087999999999998,0.0043294271121411,9.731138081242324,3.986914895834613,8.378743876,-1.8021718690635795,-2.267609494011255,0.7492669293869589,3.767609494011255,Lawnmower Search,,,,
0.7777777777777777,3800.0,3.233136099,0.1113966738523436,0.0087999999999998,0.0043294271121411,9.731138081242324,3.986914895834613,8.378743876,-1.8021718690635795,-2.267609494011255,0.7492669293869589,3.767609494011255,Lawnmower Search,,,,
0.7777777777777777,3800.0,3.233136099,0.1113966738524032,0.0087999999999998,0.0043294271120973,9.731138083313612,3.986914895834509,8.378743876,-1.8021718689677275,-2.267609494543928,0.7492669293070585,3.767609494543928,Lawnmower Search,,,,
0.7777777777777777,3800.0,3.233136099,0.1113966738523436,0.0087999999999998,0.0043294271121411,9.731138096143486,3.986914895834613,8.378743876,-1.8021718683521732,-2.267609497929312,0.7492669287958782,3.767609497929312,Lawnmower Search,,,,
0.7777777777777777,3800.0,3.233136099,0.1113966738523436,0.0087999999999998,0.0043294271121411,9.731138096143486,3.986914895834613,8.378743876,-1.8021718683521732,-2.267609497929312,0.7492669287958782,3.767609497929312,Lawnmower Search,,,,
0.7777777777777777,3800.0,3.233136099,0.1113966738523436,0.0087999999999998,0.0043294271121411,9.731138096143486,3.986914895834613,8.378743876,-1.8021718683521732,-2.267609497929312,0.7492669287958782,3.767609497929312,Lawnmower Search,,,,
0.7777777777777777,3800.0,3.233136099,0.1113966738523726,0.0087999999999998,0.0043294271121198,9.731138082251627,3.986914910735724,8.378743876,-1.8021718680148355,-2.267609501199483,0.7492669284384391,3.767609501199483,Lawnmower Search,,,,
0.7777777777777777,3800.0,3.233136099,0.1113966738523726,0.0087999999999998,0.0043294271121198,9.731138082251627,3.986914910735724,8.378743876,-1.8021718680148355,-2.267609501199483,0.7492669284384391,3.767609501199483,Lawnmower Search,,,,
0.7777777777777777,3800.0,3.233136099,0.1113966738523726,0.0087999999999998,0.0043294271121198,9.731138082251627,3.986914910735724,8.378743876,-1.8021718680148355,-2.267609501199483,0.7492669284384391,3.767609501199483,Lawnmower Search,,,,
0.7777777777777777,3800.0,3.233136099,0.111396673853568,0.0087999999999998,0.0043294271112438,9.731138123749275,3.986914895832491,8.378743876,-1.80217186709651,-2.267609504942785,0.7492669277472439,3.767609504942785,Lawnmower Search,,,,
0.7777777777777777,3800.0,3.233136099,0.1113966738774707,0.0087999999999989,0.0043294270937265,9.731138953569086,3.9869148957910703,8.378743876,-1.802171828695435,-2.2676097183478165,0.7492668957367715,3.767609718347817,Lawnmower Search,,,,
0.7777777777777777,3800.0,3.233136099,0.1113966887535338,0.0087999999999998,0.0043294271121198,9.731138082251627,3.9869148958345626,8.378743876,-1.8021712912773205,-2.267610980755574,0.7492665419506638,3.767610980755574,Lawnmower Search,,,,
0.7777777777777777,3800.0,3.233136099,0.1113966887535338,0.0087999999999998,0.0043294271121198,9.731138082251627,3.9869148958345626,8.378743876,-1.8021712912773205,-2.267610980755574,0.7492665419506638,3.767610980755574,Lawnmower Search,,,,
0.7777777777777777,3800.0,3.233136099,0.1113966887535338,0.0087999999999998,0.0043294271121198,9.731138082251627,3.9869148958345626,8.378743876,-1.8021712912773205,-2.267610980755574,0.7492665419506638,3.767610980755574,Lawnmower Search,,,,
0.7777777777777777,3800.0,3.233136099,0.111396674368002,0.0087999999999811,0.0043294267342378,9.731155983113648,3.9869148949410382,8.378743876,-1.8021710406264104,-2.2676140978300525,0.7492662388175767,3.767614097830053,Lawnmower Search,,,,
0.7777777777777777,3800.0,3.233136099,0.1113966738523726,0.0087999999999998,0.004329442013281,9.731138082251627,3.9869148958345626,8.378743876,-1.8021700487919103,-2.2676155762617265,0.7492656324010379,3.7676155762617274,Lawnmower Search,,,,
0.7777777777777777,3800.0,3.233136099,0.1113966738523726,0.0087999999999998,0.004329442013281,9.731138082251627,3.9869148958345626,8.378743876,-1.8021700487919103,-2.2676155762617265,0.7492656324010379,3.7676155762617274,Lawnmower Search,,,,
0.7777777777777777,3800.0,3.233136099,0.1113966738523726,0.0087999999999998,0.004329442013281,9.731138082251627,3.9869148958345626,8.378743876,-1.8021700487919103,-2.2676155762617265,0.7492656324010379,3.7676155762617274,Lawnmower Search,,,,
0.7777777777777777,3800.0,3.233136099,0.1113966817564064,0.0087999999997135,0.0043294213196038,9.731412482846546,3.9869148821378166,8.378743876,-1.8021591700106048,-2.2676800591754187,0.7492563440509954,3.7676800591754183,Lawnmower Search,,,,
0.7777777777777777,3800.0,3.233136099,0.111396662695329,0.0087999850988388,0.004329403022908,9.730703496761109,3.986914882902604,8.378743876,-1.800985752434756,-2.2701175742209183,0.7485012958623699,3.7701175742209183,Lawnmower Search,,,,
0.7777777777777777,3800.0,3.233136099,0.111396662695329,0.0087999850988388,0.004329403022908,9.730703496761109,3.986914882902604,8.378743876,-1.800985752434756,-2.2701175742209183,0.7485012958623699,3.7701175742209183,Lawnmower Search,,,,
0.7777777777777777,3800.0,3.233136099,0.111396662695329,0.0087999850988388,0.004329403022908,9.730703496761109,3.986914882902604,8.378743876,-1.800985752434756,-2.2701175742209183,0.7485012958623699,3.7701175742209183,Lawnmower Search,,,,
0.7777777777777777,3800.0,3.233136099,0.111396662695329,0.0088,0.004329403022908,9.730703496761109,3.986914882902604,8.378743876,-1.8009849395592892,-2.27012085607942,0.7485006857628174,3.77012085607942,Lawnmower Search,,,,
0.7777777777777777,3800.0,3.233136099,0.111396662695329,0.0088,0.004329403022908,9.730703496761109,3.986914882902604,8.378743876,-1.8009849395592892,-2.27012085607942,0.7485006857628174,3.77012085607942,Lawnmower Search,,,,
0.7777777777777777,3800.0,3.233136099,0.111396662695329,0.0088,0.004329403022908,9.730703496761109,3.986914882902604,8.378743876,-1.8009849395592892,-2.27012085607942,0.7485006857628174,3.77012085607942,Lawnmower Search,,,,
0.7777777777777777,3800.0,3.233136099,0.111396662695329,0.0088,0.004329403022908,9.730703496761109,3.986914882902604,8.378743876,-1.8009849395592892,-2.27012085607942,0.7485006857628174,3.77012085607942,Lawnmower Search,,,,
0.7777777777777777,3800.0,3.233136099,0.111396662695329,0.0088,0.004329403022908,9.73070351166227,3.986914882902604,8.378743876,-1.8009849388494548,-2.270120860000689,0.7485006851723939,3.770120860000689,Lawnmower Search,,,,
0.7777777777777777,3800.0,3.233136099,0.111396662695329,0.0088,0.004329403022908,9.73070351166227,3.986914882902604,8.378743876,-1.8009849388494548,-2.270120860000689,0.7485006851723939,3.770120860000689,Lawnmower Search,,,,
0.7777777777777777,3800.0,3.233136099,0.111396662695329,0.0088,0.004329403022908,9.73070351166227,3.986914882902604,8.378743876,-1.8009849388494548,-2.270120860000689,0.7485006851723939,3.770120860000689,Lawnmower Search,,,,
0.7777777777777777,3800.0,3.233136099,0.1113966738523726,0.0087999850988386,0.0043294271121198,9.731138082251627,3.9869148958345626,8.378743876,-1.8009616780616813,-2.2702428879456704,0.7484816908403197,3.7702428879456704,Lawnmower Search,,,,
0.7777777777777777,3800.0,3.233136099,0.1113966738523726,0.0087999850988386,0.0043294271121198,9.731138082251627,3.9869148958345626,8.378743876,-1.8009616780616813,-2.2702428879456704,0.7484816908403197,3.7702428879456704,Lawnmower Search,,,,
0.7777777777777777,3800.0,3.233136099,0.1113966738523726,0.0087999850988386,0.0043294271121198,9.731138082251627,3.9869148958345626,8.378743876,-1.8009616780616813,-2.2702428879456704,0.7484816908403197,3.7702428879456704,Lawnmower Search,,,,
0.7777777777777777,3800.0,3.233136099,0.1113966738523726,0.0087999999999998,0.0043294271121198,9.731138082251627,3.9869148958345626,8.378743876,-1.8009608652239546,-2.2702461699276704,0.7484810807540212,3.7702461699276704,Lawnmower Search,,,,
0.7777777777777777,3800.0,3.233136099,0.1113966738523726,0.0087999999999998,0.0043294271121198,9.731138082251627,3.9869148958345626,8.378743876,-1.8009608652239546,-2.2702461699276704,0.7484810807540212,3.7702461699276704,Lawnmower Search,,,,
0.7777777777777777,3800.0,3.233136099,0.1113966738523726,0.0087999999999998,0.0043294271121198,9.731138082251627,3.9869148958345626,8.378743876,-1.8009608652239546,-2.2702461699276704,0.7484810807540212,3.7702461699276704,Lawnmower Search,,,,
0.7777777777777777,3800.0,3.233136099,0.1113966738523726,0.0087999999999998,0.0043294271121198,9.731138082251627,3.9869148958345626,8.378743876,-1.8009608652239546,-2.2702461699276704,0.7484810807540212,3.7702461699276704,Lawnmower Search,,,,
0.7777777777777777,3800.0,3.233136099,0.1113966738523726,0.0087999999999998,0.0043294271121198,9.731138097152789,3.9869148958345626,8.378743876,-1.8009608645140007,-2.2702461738484696,0.7484810801635602,3.7702461738484696,Lawnmower Search,,,,
0.7777777777777777,3800.0,3.233136099,0.1113966738523726,0.0087999999999998,0.0043294271121198,9.731138097152789,3.9869148958345626,8.378743876,-1.8009608645140007,-2.2702461738484696,0.7484810801635602,3.7702461738484696,Lawnmower Search,,,,
0.7777777777777777,3800.0,3.233136099,0.1113966738523726,0.0087999999999998,0.0043294271121198,9.731138097152789,3.9869148958345626,8.378743876,-1.8009608645140007,-2.2702461738484696,0.7484810801635602,3.7702461738484696,Lawnmower Search,,,,
0.7777777777777777,3800.0,3.233136099,0.1113966738529402,0.0087999999999998,0.0043294271117038,9.731138101955215,3.986914895833579,8.378743876,-1.8009608643140134,-2.270246174998395,0.7484810799947484,3.770246174998395,Lawnmower Search,,,,
0.7777777777777777,3800.0,3.233136099,0.1113966738523436,0.0087999999999998,0.0043294271121411,9.731138081242324,3.986914910735774,8.378743876,-1.8009608642708297,-2.270246176601437,0.7484810798842833,3.770246176601437,Lawnmower Search,,,,
0.7777777777777777,3800.0,3.233136099,0.1113966738523436,0.0087999999999998,0.0043294271121411,9.731138081242324,3.986914910735774,8.378743876,-1.8009608642708297,-2.270246176601437,0.7484810798842833,3.770246176601437,Lawnmower Search,,,,
0.7777777777777777,3800.0,3.233136099,0.1113966738523436,0.0087999999999998,0.0043294271121411,9.731138081242324,3.986914910735774,8.378743876,-1.8009608642708297,-2.270246176601437,0.7484810798842833,3.770246176601437,Lawnmower Search,,,,
0.7777777777777777,3800.0,3.233136099,0.1113966738645876,0.0087999999999994,0.004329427103168,9.731138506311831,3.986914895813396,8.378743876,-1.800960845640216,-2.270246279059701,0.7484810644129674,3.770246279059701,Lawnmower Search,,,,
0.7777777777777777,3800.0,3.233136099,0.1113966741036149,0.0087999999999907,0.0043294269279955,9.731146804509946,3.9869148953991895,8.378743876,-1.800960462416244,-2.2702484146009407,0.7484807446437619,3.7702484146009407,Lawnmower Search,,,,
0.7777777777777777,3800.0,3.233136099,0.1113966738523436,0.0087999999999998,0.0043294420133023,9.731138081242324,3.986914895834613,8.378743876,-1.8009590480510496,-2.2702522559151745,0.7484797852061962,3.770252255915175,Lawnmower Search,,,,
0.7777777777777777,3800.0,3.233136099,0.1113966738523436,0.0087999999999998,0.0043294420133023,9.731138081242324,3.986914895834613,8.378743876,-1.8009590480510496,-2.2702522559151745,0.7484797852061962,3.770252255915175,Lawnmower Search,,,,
0.7777777777777777,3800.0,3.233136099,0.1113966738523436,0.0087999999999998,0.0043294420133023,9.731138081242324,3.986914895834613,8.378743876,-1.8009590480510496,-2.2702522559151745,0.7484797852061962,3.770252255915175,Lawnmower Search,,,,
0.7777777777777777,3800.0,3.233136099,0.1113966777038558,0.0087999999998603,0.0043294242895385,9.731271792367798,3.986914889160402,8.378743876,-1.8009546901155091,-2.270280579606665,0.748475928212134,3.770280579606665,Lawnmower Search,,,,
0.7777777777777777,3800.0,3.233136099,0.1113966971509183,0.0087999999991559,0.0043294100376487,9.731946926816455,3.986914855460968,8.378743876,-1.8009235051726926,-2.270454302043797,0.7484499100709334,3.7704543020437975,Lawnmower Search,,,,
0.1111111111111111,3600.0,4.0,0.1075776315516098,0.0076486540127776,0.0043759403305729,9.792837872535136,3.962554907722077,11.0,-0.3339087808637644,-2.3081774969572697,0.7484443929433668,3.8081774969572697,Lawnmower Search,,,,
0.7777777777777777,3800.0,3.233136099,0.111400071332269,0.0088,0.0043901267594755,9.852397094425204,3.986971958909732,8.378743876,-1.7889805593048032,-2.3089474733749995,0.7400174769945557,3.808947473375,Lawnmower Search,,,,
0.7777777777777777,3800.0,3.233136099,0.1113984609197219,0.0087999850988258,0.0043999999999993,9.835874566335592,3.98698350836915,8.378743876,-1.7886450754275685,-2.309863096989932,0.7397896564090443,3.809863096989932,Lawnmower Search,,,,
0.7777777777777777,3800.0,3.233136099,0.1113984609197219,0.0087999850988258,0.0043999999999993,9.835874566335592,3.98698350836915,8.378743876,-1.7886450754275685,-2.309863096989932,0.7397896564090443,3.809863096989932,Lawnmower Search,,,,
0.7777777777777777,3800.0,3.233136099,0.1113984609197219,0.0087999850988258,0.0043999999999993,9.835874566335592,3.98698350836915,8.378743876,-1.7886450754275685,-2.309863096989932,0.7397896564090443,3.809863096989932,Lawnmower Search,,,,
0.7777777777777777,3800.0,3.233136099,0.1113984609197219,0.008799999999987,0.0043999999999993,9.835874566335592,3.98698350836915,8.378743876,-1.7886442844234691,-2.3098663881765678,0.7397890573911028,3.8098663881765673,Lawnmower Search,,,,
0.7777777777777777,3800.0,3.233136099,0.1113984609197219,0.008799999999987,0.0043999999999993,9.835874566335592,3.98698350836915,8.378743876,-1.7886442844234691,-2.3098663881765678,0.7397890573911028,3.8098663881765673,Lawnmower Search,,,,
0.7777777777777777,3800.0,3.233136099,0.1113984609197219,0.008799999999987,0.0043999999999993,9.835874566335592,3.98698350836915,8.378743876,-1.7886442844234691,-2.3098663881765678,0.7397890573911028,3.8098663881765673,Lawnmower Search,,,,
0.7777777777777777,3800.0,3.233136099,0.1113984609197219,0.008799999999987,0.0043999999999993,9.835874566335592,3.98698350836915,8.378743876,-1.7886442844234691,-2.3098663881765678,0.7397890573911028,3.8098663881765673,Lawnmower Search,,,,
0.7777777777777777,3800.0,3.233136099,0.1113984609197219,0.008799999999987,0.0043999999999993,9.835874581236752,3.98698350836915,8.378743876,-1.7886442837095151,-2.309866392065912,0.7397890568002401,3.809866392065912,Lawnmower Search,,,,
0.7777777777777777,3800.0,3.233136099,0.1113984609197219,0.008799999999987,0.0043999999999993,9.835874581236752,3.98698350836915,8.378743876,-1.7886442837095151,-2.309866392065912,0.7397890568002401,3.809866392065912,Lawnmower Search,,,,
0.7777777777777777,3800.0,3.233136099,0.1113984609197219,0.008799999999987,0.0043999999999993,9.835874581236752,3.98698350836915,8.378743876,-1.7886442837095151,-2.309866392065912,0.7397890568002401,3.809866392065912,Lawnmower Search,,,,
0.7777777777777777,3800.0,3.233136099,0.1114030569398683,0.0087999999999804,0.0043999850988359,9.91297284157994,3.9869786901257913,8.378743876,-1.7871041115304402,-2.3236051406453053,0.7382222192161046,3.823605140645305,Lawnmower Search,,,,
0.7777777777777777,3800.0,3.233136099,0.1114030569398683,0.0087999999999804,0.0043999850988359,9.91297284157994,3.9869786901257913,8.378743876,-1.7871041115304402,-2.3236051406453053,0.7382222192161046,3.823605140645305,Lawnmower Search,,,,
0.7777777777777777,3800.0,3.233136099,0.1114030569398683,0.0087999999999804,0.0043999850988359,9.91297284157994,3.9869786901257913,8.378743876,-1.7871041115304402,-2.3236051406453053,0.7382222192161046,3.823605140645305,Lawnmower Search,,,,
0.7777777777777777,3800.0,3.233136099,0.1114030569398683,0.0087999999999804,0.0043999999999971,9.91297284157994,3.986978705026953,8.378743876,-1.787102357395465,-2.323611262021698,0.7382209551432821,3.823611262021698,Lawnmower Search,,,,
0.7777777777777777,3800.0,3.233136099,0.1114030569398683,0.0087999999999804,0.0043999999999971,9.91297284157994,3.986978705026953,8.378743876,-1.787102357395465,-2.323611262021698,0.7382209551432821,3.823611262021698,Lawnmower Search,,,,
0.7777777777777777,3800.0,3.233136099,0.1114030569398683,0.0087999999999804,0.0043999999999971,9.91297284157994,3.986978705026953,8.378743876,-1.787102357395465,-2.323611262021698,0.7382209551432821,3.823611262021698,Lawnmower Search,,,,
0.7777777777777777,3800.0,3.233136099,0.1114030718410295,0.0087999999999804,0.0043999999999971,9.91297284157994,3.9869786901257913,8.378743876,-1.787101793943618,-2.3236127637752304,0.7382205744838408,3.8236127637752304,Lawnmower Search,,,,
0.7777777777777777,3800.0,3.233136099,0.1114030718410295,0.0087999999999804,0.0043999999999971,9.91297284157994,3.9869786901257913,8.378743876,-1.787101793943618,-2.3236127637752304,0.7382205744838408,3.8236127637752304,Lawnmower Search,,,,
0.7777777777777777,3800.0,3.233136099,0.1114030718410295,0.0087999999999804,0.0043999999999971,9.91297284157994,3.9869786901257913,8.378743876,-1.787101793943618,-2.3236127637752304,0.7382205744838408,3.8236127637752304,Lawnmower Search,,,,
0.7777777777777777,3800.0,3.233136099,0.1114030569398683,0.0087999850988192,0.0043999999999971,9.91297284157994,3.9869786901257913,8.378743876,-1.7859168683815403,-2.326286466408253,0.7374465237562787,3.826286466408253,Lawnmower Search,,,,
0.7777777777777777,3800.0,3.233136099,0.1114030569398683,0.0087999850988192,0.0043999999999971,9.91297284157994,3.9869786901257913,8.378743876,-1.7859168683815403,-2.326286466408253,0.7374465237562787,3.826286466408253,Lawnmower Search,,,,
0.7777777777777777,3800.0,3.233136099,0.1114030569398683,0.0087999850988192,0.0043999999999971,9.91297284157994,3.9869786901257913,8.378743876,-1.7859168683815403,-2.326286466408253,0.7374465237562787,3.826286466408253,Lawnmower Search,,,,
0.7777777777777777,3800.0,3.233136099,0.1114030569398683,0.0087999999999804,0.0043999999999971,9.91297284157994,3.9869786901257913,8.378743876,-1.7859160813502035,-2.3262897749363787,0.7374459258963777,3.8262897749363782,Lawnmower Search,,,,
0.7777777777777777,3800.0,3.233136099,0.1114030569398683,0.0087999999999804,0.0043999999999971,9.91297284157994,3.9869786901257913,8.378743876,-1.7859160813502035,-2.3262897749363787,0.7374459258963777,3.8262897749363782,Lawnmower Search,,,,
0.7777777777777777,3800.0,3.233136099,0.1114030569398683,0.0087999999999804,0.0043999999999971,9.91297284157994,3.9869786901257913,8.378743876,-1.7859160813502035,-2.3262897749363787,0.7374459258963777,3.8262897749363782,Lawnmower Search,,,,
0.7777777777777777,3800.0,3.233136099,0.1114030569398683,0.0087999999999804,0.0043999999999971,9.91297284157994,3.9869786901257913,8.378743876,-1.7859160813502035,-2.3262897749363787,0.7374459258963777,3.8262897749363782,Lawnmower Search,,,,
0.7777777777777777,3800.0,3.233136099,0.1114030569398683,0.0087999999999804,0.0043999999999971,9.9129728564811,3.9869786901257913,8.378743876,-1.7859160806095398,-2.326289778759051,0.7374459252950022,3.826289778759051,Lawnmower Search,,,,
0.7777777777777777,3800.0,3.233136099,0.1114030569398683,0.0087999999999804,0.0043999999999971,9.9129728564811,3.9869786901257913,8.378743876,-1.7859160806095398,-2.326289778759051,0.7374459252950022,3.826289778759051,Lawnmower Search,,,,
0.7777777777777777,3800.0,3.233136099,0.1114030569398683,0.0087999999999804,0.0043999999999971,9.9129728564811,3.9869786901257913,8.378743876,-1.7859160806095398,-2.326289778759051,0.7374459252950022,3.826289778759051,Lawnmower Search,,,,
0.7777777777777777,3800.0,3.233136099,0.1114086227374005,0.0087999999999922,0.0043999850988388,10.006365738797973,3.986972855307486,8.378743876,-1.7829914493578911,-2.336950632304906,0.7353135161712432,3.836950632304906,Lawnmower Search,,,,
0.7777777777777777,3800.0,3.233136099,0.1114086227374005,0.0087999999999922,0.0043999850988388,10.006365738797973,3.986972855307486,8.378743876,-1.7829914493578911,-2.336950632304906,0.7353135161712432,3.836950632304906,Lawnmower Search,,,,
0.7777777777777777,3800.0,3.233136099,0.1114086227374005,0.0087999999999922,0.0043999850988388,10.006365738797973,3.986972855307486,8.378743876,-1.7829914493578911,-2.336950632304906,0.7353135161712432,3.836950632304906,Lawnmower Search,,,,
0.7777777777777777,3800.0,3.233136099,0.1114086227374005,0.0087999999999922,0.0044,10.006365738797973,3.986972870208647,8.378743876,-1.7829897101131906,-2.336956771517008,0.7353122590154474,3.836956771517008,Lawnmower Search,,,,
0.7777777777777777,3800.0,3.233136099,0.1114086227374005,0.0087999999999922,0.0044,10.006365738797973,3.986972870208647,8.378743876,-1.7829897101131906,-2.336956771517008,0.7353122590154474,3.836956771517008,Lawnmower Search,,,,
0.7777777777777777,3800.0,3.233136099,0.1114086227374005,0.0087999999999922,0.0044,10.006365738797973,3.986972870208647,8.378743876,-1.7829897101131906,-2.336956771517008,0.7353122590154474,3.836956771517008,Lawnmower Search,,,,
0.7777777777777777,3800.0,3.233136099,0.1114086376385617,0.0087999999999922,0.0044,10.006365738797973,3.986972855307486,8.378743876,-1.7829891502637942,-2.336958278380408,0.7353118799860406,3.836958278380408,Lawnmower Search,,,,
0.7777777777777777,3800.0,3.233136099,0.1114086376385617,0.0087999999999922,0.0044,10.006365738797973,3.986972855307486,8.378743876,-1.7829891502637942,-2.336958278380408,0.7353118799860406,3.836958278380408,Lawnmower Search,,,,
0.7777777777777777,3800.0,3.233136099,0.1114086376385617,0.0087999999999922,0.0044,10.006365738797973,3.986972855307486,8.378743876,-1.7829891502637942,-2.336958278380408,0.7353118799860406,3.836958278380408,Lawnmower Search,,,,
0.7777777777777777,3800.0,3.233136099,0.1114086227374005,0.008799985098831,0.0044,10.006365738797973,3.986972855307486,8.378743876,-1.7818105299384688,-2.339642253785666,0.7345406096321839,3.839642253785666,Lawnmower Search,,,,
0.7777777777777777,3800.0,3.233136099,0.1114086227374005,0.008799985098831,0.0044,10.006365738797973,3.986972855307486,8.378743876,-1.7818105299384688,-2.339642253785666,0.7345406096321839,3.839642253785666,Lawnmower Search,,,,
0.7777777777777777,3800.0,3.233136099,0.1114086227374005,0.008799985098831,0.0044,10.006365738797973,3.986972855307486,8.378743876,-1.7818105299384688,-2.339642253785666,0.7345406096321839,3.839642253785666,Lawnmower Search,,,,
0.7777777777777777,3800.0,3.233136099,0.1114086227374005,0.0087999999999922,0.0044,10.006365738797973,3.986972855307486,8.378743876,-1.7818097470197494,-2.3396455750917537,0.7345400132537617,3.8396455750917537,Lawnmower Search,,,,
0.7777777777777777,3800.0,3.233136099,0.1114086227374005,0.0087999999999922,0.0044,10.006365738797973,3.986972855307486,8.378743876,-1.7818097470197494,-2.3396455750917537,0.7345400132537617,3.8396455750917537,Lawnmower Search,,,,
0.7777777777777777,3800.0,3.233136099,0.1114086227374005,0.0087999999999922,0.0044,10.006365738797973,3.986972855307486,8.378743876,-1.7818097470197494,-2.3396455750917537,0.7345400132537617,3.8396455750917537,Lawnmower Search,,,,
0.7777777777777777,3800.0,3.233136099,0.1114086227374005,0.0087999999999922,0.0044,10.006365738797973,3.986972855307486,8.378743876,-1.7818097470197494,-2.3396455750917537,0.7345400132537617,3.8396455750917537,Lawnmower Search,,,,
0.7777777777777777,3800.0,3.233136099,0.1114086227374005,0.0087999999999922,0.0044,10.006365753699132,3.986972855307486,8.378743876,-1.7818097462583111,-2.3396455788679478,0.7345400126439156,3.8396455788679473,Lawnmower Search,,,,
0.7777777777777777,3800.0,3.233136099,0.1114086227374005,0.0087999999999922,0.0044,10.006365753699132,3.986972855307486,8.378743876,-1.7818097462583111,-2.3396455788679478,0.7345400126439156,3.8396455788679473,Lawnmower Search,,,,
0.7777777777777777,3800.0,3.233136099,0.1114086227374005,0.0087999999999922,0.0044,10.006365753699132,3.986972855307486,8.378743876,-1.7818097462583111,-2.3396455788679478,0.7345400126439156,3.8396455788679473,Lawnmower Search,,,,
0.8888888888888888,3800.0,3.233136099,0.11176,0.0088,0.0043999999999978,9.835602824310891,3.9831077166021394,8.378743876,-1.7778581802479394,-2.339810049523896,0.7326609645428114,3.839810049523896,Lawnmower Search,,,,
0.7777777777777777,3800.0,3.233136099,0.1114153987806751,0.0087999999999991,0.0043999850988388,10.120088934937735,3.9869657518337256,8.378743876,-1.7771763403235206,-2.352258989072988,0.7313953252119998,3.852258989072988,Lawnmower Search,,,,
0.7777777777777777,3800.0,3.233136099,0.1114153987806751,0.0087999999999991,0.0043999850988388,10.120088934937735,3.9869657518337256,8.378743876,-1.7771763403235206,-2.352258989072988,0.7313953252119998,3.852258989072988,Lawnmower Search,,,,
0.7777777777777777,3800.0,3.233136099,0.1114153987806751,0.0087999999999991,0.0043999850988388,10.120088934937735,3.9869657518337256,8.378743876,-1.7771763403235206,-2.352258989072988,0.7313953252119998,3.852258989072988,Lawnmower Search,,,,
0.7777777777777777,3800.0,3.233136099,0.1114153987806751,0.0087999999999991,0.0044,10.120088934937735,3.986965766734887,8.378743876,-1.7771746204154766,-2.3522651475656806,0.7313940772507549,3.8522651475656806,Lawnmower Search,,,,
0.7777777777777777,3800.0,3.233136099,0.1114153987806751,0.0087999999999991,0.0044,10.120088934937735,3.986965766734887,8.378743876,-1.7771746204154766,-2.3522651475656806,0.7313940772507549,3.8522651475656806,Lawnmower Search,,,,
0.7777777777777777,3800.0,3.233136099,0.1114153987806751,0.0087999999999991,0.0044,10.120088934937735,3.986965766734887,8.378743876,-1.7771746204154766,-2.3522651475656806,0.7313940772507549,3.8522651475656806,Lawnmower Search,,,,
0.7777777777777777,3800.0,3.233136099,0.1114154136818363,0.0087999999999991,0.0044,10.120088934937735,3.9869657518337256,8.378743876,-1.7771740652847006,-2.3522666601666744,0.7313937004086281,3.8522666601666735,Lawnmower Search,,,,
0.7777777777777777,3800.0,3.233136099,0.1114154136818363,0.0087999999999991,0.0044,10.120088934937735,3.9869657518337256,8.378743876,-1.7771740652847006,-2.3522666601666744,0.7313937004086281,3.8522666601666735,Lawnmower Search,,,,
0.7777777777777777,3800.0,3.233136099,0.1114154136818363,0.0087999999999991,0.0044,10.120088934937735,3.9869657518337256,8.378743876,-1.7771740652847006,-2.3522666601666744,0.7313937004086281,3.8522666601666735,Lawnmower Search,,,,
0.7777777777777777,3800.0,3.233136099,0.1114153987806751,0.0087999850988379,0.0044,10.120088934937735,3.9869657518337256,8.378743876,-1.7760038951898114,-2.354962288565407,0.7306262718116967,3.854962288565407,Lawnmower Search,,,,
0.7777777777777777,3800.0,3.233136099,0.1114153987806751,0.0087999850988379,0.0044,10.120088934937735,3.9869657518337256,8.378743876,-1.7760038951898114,-2.354962288565407,0.7306262718116967,3.854962288565407,Lawnmower Search,,,,
0.7777777777777777,3800.0,3.233136099,0.1114153987806751,0.0087999850988379,0.0044,10.120088934937735,3.9869657518337256,8.378743876,-1.7760038951898114,-2.354962288565407,0.7306262718116967,3.854962288565407,Lawnmower Search,,,,
0.7777777777777777,3800.0,3.233136099,0.1114153987806751,0.0087999999999991,0.0044,10.120088934937735,3.9869657518337256,8.378743876,-1.7760031177014652,-2.354965625015113,0.7306256774838857,3.854965625015113,Lawnmower Search,,,,
0.7777777777777777,3800.0,3.233136099,0.1114153987806751,0.0087999999999991,0.0044,10.120088934937735,3.9869657518337256,8.378743876,-1.7760031177014652,-2.354965625015113,0.7306256774838857,3.854965625015113,Lawnmower Search,,,,
0.7777777777777777,3800.0,3.233136099,0.1114153987806751,0.0087999999999991,0.0044,10.120088934937735,3.9869657518337256,8.378743876,-1.7760031177014652,-2.354965625015113,0.7306256774838857,3.854965625015113,Lawnmower Search,,,,
0.7777777777777777,3800.0,3.233136099,0.1114153987806751,0.0087999999999991,0.0044,10.120088934937735,3.9869657518337256,8.378743876,-1.7760031177014652,-2.354965625015113,0.7306256774838857,3.854965625015113,Lawnmower Search,,,,
0.7777777777777777,3800.0,3.233136099,0.1114153987806751,0.0087999999999991,0.0044,10.120088949838896,3.9869657518337256,8.378743876,-1.7760031169223338,-2.3549656287241154,0.7306256768683335,3.8549656287241154,Lawnmower Search,,,,
0.7777777777777777,3800.0,3.233136099,0.1114153987806751,0.0087999999999991,0.0044,10.120088949838896,3.9869657518337256,8.378743876,-1.7760031169223338,-2.3549656287241154,0.7306256768683335,3.8549656287241154,Lawnmower Search,,,,
0.7777777777777777,3800.0,3.233136099,0.1114153987806751,0.0087999999999991,0.0044,10.120088949838896,3.9869657518337256,8.378743876,-1.7760031169223338,-2.3549656287241154,0.7306256768683335,3.8549656287241154,Lawnmower Search,,,,
1.0,3800.0,3.233136099,0.1117599999999967,0.0087999999999976,0.0044,10.005611234328905,3.9876545431721353,8.378743876,-1.7639417357816336,-2.373549646150102,0.7270989363562408,3.873549646150102,Lawnmower Search,,,,
0.7777777777777777,3800.0,3.233136099,0.1114239260113147,0.0087999999984308,0.0043999850986067,10.263233140198585,3.9869568126137103,8.378743876,-1.7705592969835822,-2.3774070827591816,0.7265145571898244,3.8774070827591816,Lawnmower Search,,,,
0.7777777777777777,3800.0,3.233136099,0.1114239260113147,0.0087999999984308,0.0043999850986067,10.263233140198585,3.9869568126137103,8.378743876,-1.7705592969835822,-2.3774070827591816,0.7265145571898244,3.8774070827591816,Lawnmower Search,,,,
0.7777777777777777,3800.0,3.233136099,0.1114239260113147,0.0087999999984308,0.0043999850986067,10.263233140198585,3.9869568126137103,8.378743876,-1.7705592969835822,-2.3774070827591816,0.7265145571898244,3.8774070827591816,Lawnmower Search,,,,
0.7777777777777777,3800.0,3.233136099,0.1114239260113147,0.0087999999984308,0.0043999999997679,10.263233140198585,3.986956827514872,8.378743876,-1.7705576021016802,-2.3774132737376537,0.726513320716966,3.8774132737376537,Lawnmower Search,,,,
0.7777777777777777,3800.0,3.233136099,0.1114239260113147,0.0087999999984308,0.0043999999997679,10.263233140198585,3.986956827514872,8.378743876,-1.7705576021016802,-2.3774132737376537,0.726513320716966,3.8774132737376537,Lawnmower Search,,,,
0.7777777777777777,3800.0,3.233136099,0.1114239260113147,0.0087999999984308,0.0043999999997679,10.263233140198585,3.986956827514872,8.378743876,-1.7705576021016802,-2.3774132737376537,0.726513320716966,3.8774132737376537,Lawnmower Search,,,,
0.7777777777777777,3800.0,3.233136099,0.1114239409124759,0.0087999999984308,0.0043999999997679,10.263233140198585,3.9869568126137103,8.378743876,-1.7705570531146435,-2.3774147960419576,0.7265129466007351,3.8774147960419576,Lawnmower Search,,,,
0.7777777777777777,3800.0,3.233136099,0.1114239409124759,0.0087999999984308,0.0043999999997679,10.263233140198585,3.9869568126137103,8.378743876,-1.7705570531146435,-2.3774147960419576,0.7265129466007351,3.8774147960419576,Lawnmower Search,,,,
0.7777777777777777,3800.0,3.233136099,0.1114239409124759,0.0087999999984308,0.0043999999997679,10.263233140198585,3.9869568126137103,8.378743876,-1.7705570531146435,-2.3774147960419576,0.7265129466007351,3.8774147960419576,Lawnmower Search,,,,
0.7777777777777777,3800.0,3.233136099,0.1114239260113147,0.0087999850972696,0.0043999999997679,10.263233140198585,3.9869568126137103,8.378743876,-1.76939780850583,-2.380129318437984,0.7257502759822164,3.880129318437984,Lawnmower Search,,,,
0.7777777777777777,3800.0,3.233136099,0.1114239260113147,0.0087999850972696,0.0043999999997679,10.263233140198585,3.9869568126137103,8.378743876,-1.76939780850583,-2.380129318437984,0.7257502759822164,3.880129318437984,Lawnmower Search,,,,
0.7777777777777777,3800.0,3.233136099,0.1114239260113147,0.0087999850972696,0.0043999999997679,10.263233140198585,3.9869568126137103,8.378743876,-1.76939780850583,-2.380129318437984,0.7257502759822164,3.880129318437984,Lawnmower Search,,,,
0.7777777777777777,3800.0,3.233136099,0.1114239260113147,0.0087999999984308,0.0043999999997679,10.263233140198585,3.9869568126137103,8.378743876,-1.7693970384219728,-2.3801326793712585,0.7257496842409759,3.8801326793712585,Lawnmower Search,,,,
0.7777777777777777,3800.0,3.233136099,0.1114239260113147,0.0087999999984308,0.0043999999997679,10.263233140198585,3.9869568126137103,8.378743876,-1.7693970384219728,-2.3801326793712585,0.7257496842409759,3.8801326793712585,Lawnmower Search,,,,
0.7777777777777777,3800.0,3.233136099,0.1114239260113147,0.0087999999984308,0.0043999999997679,10.263233140198585,3.9869568126137103,8.378743876,-1.7693970384219728,-2.3801326793712585,0.7257496842409759,3.8801326793712585,Lawnmower Search,,,,
0.7777777777777777,3800.0,3.233136099,0.1114239260113147,0.0087999999984308,0.0043999999997679,10.263233140198585,3.9869568126137103,8.378743876,-1.7693970384219728,-2.3801326793712585,0.7257496842409759,3.8801326793712585,Lawnmower Search,,,,
0.7777777777777777,3800.0,3.233136099,0.1114239260113147,0.0087999999984308,0.0043999999997679,10.263233155099744,3.9869568126137103,8.378743876,-1.7693970376056818,-2.380132682986285,0.7257496836108641,3.880132682986285,Lawnmower Search,,,,
0.7777777777777777,3800.0,3.233136099,0.1114239260113147,0.0087999999984308,0.0043999999997679,10.263233155099744,3.9869568126137103,8.378743876,-1.7693970376056818,-2.380132682986285,0.7257496836108641,3.880132682986285,Lawnmower Search,,,,
0.7777777777777777,3800.0,3.233136099,0.1114239260113147,0.0087999999984308,0.0043999999997679,10.263233155099744,3.9869568126137103,8.378743876,-1.7693970376056818,-2.380132682986285,0.7257496836108641,3.880132682986285,Lawnmower Search,,,,
0.8888888888888888,3800.0,3.233136099,0.1117599999999903,0.0087999999999998,0.0043999850988388,10.12351154338994,3.9872481978899534,8.378743876,-1.761974905413054,-2.387445007180037,0.7241569050507045,3.887445007180037,Lawnmower Search,,,,
0.8888888888888888,3800.0,3.233136099,0.1117599999999903,0.0087999999999998,0.0043999850988388,10.12351154338994,3.9872481978899534,8.378743876,-1.761974905413054,-2.387445007180037,0.7241569050507045,3.887445007180037,Lawnmower Search,,,,
0.8888888888888888,3800.0,3.233136099,0.1117599999999903,0.0087999999999998,0.0043999850988388,10.12351154338994,3.9872481978899534,8.378743876,-1.761974905413054,-2.387445007180037,0.7241569050507045,3.887445007180037,Lawnmower Search,,,,
0.8888888888888888,3800.0,3.233136099,0.1117599850988291,0.0087999999999998,0.0044,10.12351154338994,3.9872481978899534,8.378743876,-1.7619732871196914,-2.3874496879961185,0.7241560427249885,3.8874496879961193,Lawnmower Search,,,,
0.8888888888888888,3800.0,3.233136099,0.1117599850988291,0.0087999999999998,0.0044,10.12351154338994,3.9872481978899534,8.378743876,-1.7619732871196914,-2.3874496879961185,0.7241560427249885,3.8874496879961193,Lawnmower Search,,,,
0.8888888888888888,3800.0,3.233136099,0.1117599850988291,0.0087999999999998,0.0044,10.12351154338994,3.9872481978899534,8.378743876,-1.7619732871196914,-2.3874496879961185,0.7241560427249885,3.8874496879961193,Lawnmower Search,,,,
0.8888888888888888,3800.0,3.233136099,0.1117599999999903,0.0087999999999998,0.0044,10.12351154338994,3.987248212791114,8.378743876,-1.7619725600718374,-2.387451223240015,0.724155668878476,3.887451223240015,Lawnmower Search,,,,
0.8888888888888888,3800.0,3.233136099,0.1117599999999903,0.0087999999999998,0.0044,10.12351154338994,3.987248212791114,8.378743876,-1.7619725600718374,-2.387451223240015,0.724155668878476,3.887451223240015,Lawnmower Search,,,,
0.8888888888888888,3800.0,3.233136099,0.1117599999999903,0.0087999999999998,0.0044,10.12351154338994,3.987248212791114,8.378743876,-1.7619725600718374,-2.387451223240015,0.724155668878476,3.887451223240015,Lawnmower Search,,,,
0.8888888888888888,3800.0,3.233136099,0.1117599999999909,0.0087999999999995,0.0043999850988386,10.123999572301864,3.987248358911631,8.378743876,-1.761937794834187,-2.387566839068594,0.7241367838827779,3.887566839068594,Lawnmower Search,,,,
0.8888888888888888,3800.0,3.233136099,0.1117599999999909,0.0087999999999995,0.0043999850988386,10.123999572301864,3.987248358911631,8.378743876,-1.761937794834187,-2.387566839068594,0.7241367838827779,3.887566839068594,Lawnmower Search,,,,
0.8888888888888888,3800.0,3.233136099,0.1117599999999909,0.0087999999999995,0.0043999850988386,10.123999572301864,3.987248358911631,8.378743876,-1.761937794834187,-2.387566839068594,0.7241367838827779,3.887566839068594,Lawnmower Search,,,,
0.8888888888888888,3800.0,3.233136099,0.1117599999999909,0.0087999850988384,0.0044,10.12399661335028,3.987248359637082,8.378743876,-1.7619367723935464,-2.3875689464978294,0.7241362593785222,3.887568946497829,Lawnmower Search,,,,
0.8888888888888888,3800.0,3.233136099,0.1117599999999909,0.0087999850988384,0.0044,10.12399661335028,3.987248359637082,8.378743876,-1.7619367723935464,-2.3875689464978294,0.7241362593785222,3.887568946497829,Lawnmower Search,,,,
0.8888888888888888,3800.0,3.233136099,0.1117599999999909,0.0087999850988384,0.0044,10.12399661335028,3.987248359637082,8.378743876,-1.7619367723935464,-2.3875689464978294,0.7241362593785222,3.887568946497829,Lawnmower Search,,,,
0.8888888888888888,3800.0,3.233136099,0.1117599850988297,0.0087999999999995,0.0043999999999998,10.123999572301864,3.987248358911631,8.378743876,-1.761936176621841,-2.387571519975728,0.7241359215924552,3.887571519975728,Lawnmower Search,,,,
0.8888888888888888,3800.0,3.233136099,0.1117599850988297,0.0087999999999995,0.0043999999999998,10.123999572301864,3.987248358911631,8.378743876,-1.761936176621841,-2.387571519975728,0.7241359215924552,3.887571519975728,Lawnmower Search,,,,
0.8888888888888888,3800.0,3.233136099,0.1117599850988297,0.0087999999999995,0.0043999999999998,10.123999572301864,3.987248358911631,8.378743876,-1.761936176621841,-2.387571519975728,0.7241359215924552,3.887571519975728,Lawnmower Search,,,,
0.8888888888888888,3800.0,3.233136099,0.1117599999999909,0.0087999999999996,0.0044,10.12399661335028,3.987248359637082,8.378743876,-1.761935676076945,-2.387572310662939,0.724135670577658,3.887572310662939,Lawnmower Search,,,,
0.8888888888888888,3800.0,3.233136099,0.1117599999999909,0.0087999999999996,0.0044,10.12399661335028,3.987248359637082,8.378743876,-1.761935676076945,-2.387572310662939,0.724135670577658,3.887572310662939,Lawnmower Search,,,,
0.8888888888888888,3800.0,3.233136099,0.1117599999999909,0.0087999999999996,0.0044,10.12399661335028,3.987248359637082,8.378743876,-1.761935676076945,-2.387572310662939,0.724135670577658,3.887572310662939,Lawnmower Search,,,,
0.8888888888888888,3800.0,3.233136099,0.1117599999999909,0.0087999999999996,0.0044,10.12399661335028,3.987248359637082,8.378743876,-1.761935676076945,-2.387572310662939,0.724135670577658,3.887572310662939,Lawnmower Search,,,,
0.8888888888888888,3800.0,3.233136099,0.1117599999999909,0.0087999999999996,0.0044,10.12399662825144,3.987248359637082,8.378743876,-1.761935674944318,-2.3875723143804173,0.7241356699635744,3.887572314380417,Lawnmower Search,,,,
0.8888888888888888,3800.0,3.233136099,0.1117599999999909,0.0087999999999996,0.0044,10.12399662825144,3.987248359637082,8.378743876,-1.761935674944318,-2.3875723143804173,0.7241356699635744,3.887572314380417,Lawnmower Search,,,,
0.8888888888888888,3800.0,3.233136099,0.1117599999999909,0.0087999999999996,0.0044,10.12399662825144,3.987248359637082,8.378743876,-1.761935674944318,-2.3875723143804173,0.7241356699635744,3.887572314380417,Lawnmower Search,,,,
0.8888888888888888,3800.0,3.233136099,0.1117599999999909,0.0087999999999995,0.0043999999999998,10.123999572301864,3.987248373812792,8.378743876,-1.7619354496000457,-2.387573055263925,0.7241355477569678,3.887573055263925,Lawnmower Search,,,,
0.8888888888888888,3800.0,3.233136099,0.1117599999999909,0.0087999999999995,0.0043999999999998,10.123999572301864,3.987248373812792,8.378743876,-1.7619354496000457,-2.387573055263925,0.7241355477569678,3.887573055263925,Lawnmower Search,,,,
0.8888888888888888,3800.0,3.233136099,0.1117599999999909,0.0087999999999995,0.0043999999999998,10.123999572301864,3.987248373812792,8.378743876,-1.7619354496000457,-2.387573055263925,0.7241355477569678,3.887573055263925,Lawnmower Search,,,,
0.8888888888888888,3800.0,3.233136099,0.1117599999999909,0.0087999999999993,0.0043999999999997,10.124002227239457,3.987248358260716,8.378743876,-1.7619352495212368,-2.387573710568065,0.7241354393121324,3.887573710568065,Lawnmower Search,,,,
0.8888888888888888,3800.0,3.233136099,0.111759999999991,0.0087999999999964,0.004399999999997,10.124056035331687,3.9872483450685015,8.378743876,-1.7619311610350743,-2.38758712829482,0.7241332226640911,3.88758712829482,Lawnmower Search,,,,
0.8888888888888888,3800.0,3.233136099,0.1117599999999913,0.0087999999999837,0.0043999999999853,10.124293566725964,3.987248286832556,8.378743876,-1.7619131121352576,-2.387646357458132,0.7241234372236205,3.887646357458132,Lawnmower Search,,,,
0.8888888888888888,3800.0,3.233136099,0.1117599999999922,0.0087999999999368,0.0043999999999419,10.125170519639296,3.98724807182863,8.378743876,-1.7618464679117525,-2.387864995989125,0.7240873066629612,3.887864995989125,Lawnmower Search,,,,
0.8888888888888888,3800.0,3.233136099,0.1117599999999924,0.0087999999999991,0.0044,10.125219688288174,3.987248767472808,8.378743876,-1.761842652568992,-2.387877573257068,0.7240852367672826,3.887877573257068,Lawnmower Search,,,,
0.8888888888888888,3800.0,3.233136099,0.1117599999999957,0.0087999999997674,0.0043999999997856,10.128334505017207,3.987247296109356,8.378743876,-1.7616059067754488,-2.388653406142436,0.7239569076179844,3.888653406142436,Lawnmower Search,,,,
0.8888888888888888,3800.0,3.233136099,0.1117599999999979,0.0087999999999973,0.0044,10.129643240094993,3.987250242511177,8.378743876,-1.7615059884185174,-2.3889808043345004,0.7239027474014204,3.888980804334501,Lawnmower Search,,,,
0.8888888888888888,3800.0,3.233136099,0.1117599999999903,0.0087999850988386,0.0044,10.12351154338994,3.9872481978899534,8.378743876,-1.7604724389977038,-2.3901749388130407,0.7233949211925839,3.8901749388130407,Lawnmower Search,,,,
0.8888888888888888,3800.0,3.233136099,0.1117599999999903,0.0087999850988386,0.0044,10.12351154338994,3.9872481978899534,8.378743876,-1.7604724389977038,-2.3901749388130407,0.7233949211925839,3.8901749388130407,Lawnmower Search,,,,
0.8888888888888888,3800.0,3.233136099,0.1117599999999903,0.0087999850988386,0.0044,10.12351154338994,3.9872481978899534,8.378743876,-1.7604724389977038,-2.3901749388130407,0.7233949211925839,3.8901749388130407,Lawnmower Search,,,,
0.8888888888888888,3800.0,3.233136099,0.1117599999999903,0.0087999999999998,0.0044,10.12351154338994,3.9872481978899534,8.378743876,-1.7604713441069657,-2.390178305210247,0.723394332999579,3.890178305210247,Lawnmower Search,,,,
0.8888888888888888,3800.0,3.233136099,0.1117599999999903,0.0087999999999998,0.0044,10.12351154338994,3.9872481978899534,8.378743876,-1.7604713441069657,-2.390178305210247,0.723394332999579,3.890178305210247,Lawnmower Search,,,,
0.8888888888888888,3800.0,3.233136099,0.1117599999999903,0.0087999999999998,0.0044,10.12351154338994,3.9872481978899534,8.378743876,-1.7604713441069657,-2.390178305210247,0.723394332999579,3.890178305210247,Lawnmower Search,,,,
0.8888888888888888,3800.0,3.233136099,0.1117599999999903,0.0087999999999998,0.0044,10.12351154338994,3.9872481978899534,8.378743876,-1.7604713441069657,-2.390178305210247,0.723394332999579,3.890178305210247,Lawnmower Search,,,,
0.8888888888888888,3800.0,3.233136099,0.1117599999999903,0.0087999999999998,0.0044,10.1235115582911,3.9872481978899534,8.378743876,-1.7604713429759935,-2.3901783089308126,0.7233943323861888,3.8901783089308126,Lawnmower Search,,,,
0.8888888888888888,3800.0,3.233136099,0.1117599999999903,0.0087999999999998,0.0044,10.1235115582911,3.9872481978899534,8.378743876,-1.7604713429759935,-2.3901783089308126,0.7233943323861888,3.8901783089308126,Lawnmower Search,,,,
0.8888888888888888,3800.0,3.233136099,0.1117599999999903,0.0087999999999998,0.0044,10.1235115582911,3.9872481978899534,8.378743876,-1.7604713429759935,-2.3901783089308126,0.7233943323861888,3.8901783089308126,Lawnmower Search,,,,
0.8888888888888888,3800.0,3.233136099,0.1117599999999909,0.0087999999999996,0.0043999850988388,10.12399661335028,3.987248359637082,8.378743876,-1.7604368487435476,-2.390293270517949,0.7233755887003657,3.890293270517949,Lawnmower Search,,,,
0.8888888888888888,3800.0,3.233136099,0.1117599999999909,0.0087999999999996,0.0043999850988388,10.12399661335028,3.987248359637082,8.378743876,-1.7604368487435476,-2.390293270517949,0.7233755887003657,3.890293270517949,Lawnmower Search,,,,
0.8888888888888888,3800.0,3.233136099,0.1117599999999909,0.0087999999999996,0.0043999850988388,10.12399661335028,3.987248359637082,8.378743876,-1.7604368487435476,-2.390293270517949,0.7233755887003657,3.890293270517949,Lawnmower Search,,,,
0.8888888888888888,3800.0,3.233136099,0.1117599999999909,0.0087999850988383,0.0043999999999998,10.123999572301864,3.987248358911631,8.378743876,-1.7604353785182552,-2.390296856175165,0.723374821214098,3.890296856175165,Lawnmower Search,,,,
0.8888888888888888,3800.0,3.233136099,0.1117599999999909,0.0087999850988383,0.0043999999999998,10.123999572301864,3.987248358911631,8.378743876,-1.7604353785182552,-2.390296856175165,0.723374821214098,3.890296856175165,Lawnmower Search,,,,
0.8888888888888888,3800.0,3.233136099,0.1117599999999909,0.0087999850988383,0.0043999999999998,10.123999572301864,3.987248358911631,8.378743876,-1.7604353785182552,-2.390296856175165,0.723374821214098,3.890296856175165,Lawnmower Search,,,,
0.8888888888888888,3800.0,3.233136099,0.1117599850988297,0.0087999999999996,0.0044,10.12399661335028,3.987248359637082,8.378743876,-1.7604352326549175,-2.390297954708238,0.7233747273163924,3.890297954708238,Lawnmower Search,,,,
0.8888888888888888,3800.0,3.233136099,0.1117599850988297,0.0087999999999996,0.0044,10.12399661335028,3.987248359637082,8.378743876,-1.7604352326549175,-2.390297954708238,0.7233747273163924,3.890297954708238,Lawnmower Search,,,,
0.8888888888888888,3800.0,3.233136099,0.1117599850988297,0.0087999999999996,0.0044,10.12399661335028,3.987248359637082,8.378743876,-1.7604352326549175,-2.390297954708238,0.7233747273163924,3.890297954708238,Lawnmower Search,,,,
0.8888888888888888,3800.0,3.233136099,0.1117599999999909,0.0087999999999996,0.0044,10.12399661335028,3.987248374538243,8.378743876,-1.7604345065360243,-2.390299491073188,0.7233743538738681,3.890299491073188,Lawnmower Search,,,,
0.8888888888888888,3800.0,3.233136099,0.1117599999999909,0.0087999999999996,0.0044,10.12399661335028,3.987248374538243,8.378743876,-1.7604345065360243,-2.390299491073188,0.7233743538738681,3.890299491073188,Lawnmower Search,,,,
0.8888888888888888,3800.0,3.233136099,0.1117599999999909,0.0087999999999996,0.0044,10.12399661335028,3.987248374538243,8.378743876,-1.7604345065360243,-2.390299491073188,0.7233743538738681,3.890299491073188,Lawnmower Search,,,,
0.8888888888888888,3800.0,3.233136099,0.1117599999999909,0.0087999999999995,0.0043999999999998,10.123999572301864,3.987248358911631,8.378743876,-1.7604342836583908,-2.390300222701052,0.7233742330323344,3.890300222701052,Lawnmower Search,,,,
0.8888888888888888,3800.0,3.233136099,0.1117599999999909,0.0087999999999995,0.0043999999999998,10.123999572301864,3.987248358911631,8.378743876,-1.7604342836583908,-2.390300222701052,0.7233742330323344,3.890300222701052,Lawnmower Search,,,,
0.8888888888888888,3800.0,3.233136099,0.1117599999999909,0.0087999999999995,0.0043999999999998,10.123999572301864,3.987248358911631,8.378743876,-1.7604342836583908,-2.390300222701052,0.7233742330323344,3.890300222701052,Lawnmower Search,,,,
0.8888888888888888,3800.0,3.233136099,0.1117599999999909,0.0087999999999995,0.0043999999999998,10.123999572301864,3.987248358911631,8.378743876,-1.7604342836583908,-2.390300222701052,0.7233742330323344,3.890300222701052,Lawnmower Search,,,,
0.8888888888888888,3800.0,3.233136099,0.1117599999999909,0.0087999999999995,0.0043999999999998,10.123999587203024,3.987248358911631,8.378743876,-1.76043428252729,-2.390300226421134,0.7233742324188961,3.890300226421134,Lawnmower Search,,,,
0.8888888888888888,3800.0,3.233136099,0.1117599999999909,0.0087999999999995,0.0043999999999998,10.123999587203024,3.987248358911631,8.378743876,-1.76043428252729,-2.390300226421134,0.7233742324188961,3.890300226421134,Lawnmower Search,,,,
0.8888888888888888,3800.0,3.233136099,0.1117599999999909,0.0087999999999995,0.0043999999999998,10.123999587203024,3.987248358911631,8.378743876,-1.76043428252729,-2.390300226421134,0.7233742324188961,3.890300226421134,Lawnmower Search,,,,
0.8888888888888888,3800.0,3.233136099,0.111759999999991,0.0087999999999979,0.0043999999999984,10.124027933307522,3.987248351958319,8.378743876,-1.7604321316238154,-2.390307299865732,0.7233730659194538,3.890307299865732,Lawnmower Search,,,,
0.8888888888888888,3800.0,3.233136099,0.1117599999999911,0.0087999999999912,0.0043999999999922,10.124153130643768,3.987248321263491,8.378743876,-1.760422631472967,-2.390338540793653,0.7233679137313788,3.890338540793653,Lawnmower Search,,,,
0.8888888888888888,3800.0,3.233136099,0.1117599999999915,0.0087999999999994,0.0044,10.124433947624595,3.987248505466692,8.378743876,-1.7604012936971871,-2.390408724861369,0.7233563413093416,3.890408724861369,Lawnmower Search,,,,
0.8888888888888888,3800.0,3.233136099,0.1117599999999916,0.0087999999999665,0.0043999999999694,10.124615352517369,3.987248207939827,8.378743876,-1.760387555015938,-2.39045387165015,0.7233488912264217,3.89045387165015,Lawnmower Search,,,,
0.8888888888888888,3800.0,3.233136099,0.1117599999999934,0.0087999999998772,0.004399999999887,10.126283019082974,3.987247799075391,8.378743876,-1.7602609699417322,-2.390869860439584,0.7232802474660521,3.890869860439584,Lawnmower Search,,,,
0.8888888888888888,3800.0,3.233136099,0.1117599999999943,0.0087999999999985,0.0044,10.126759732929886,3.987249281002441,8.378743876,-1.7602245988698293,-2.390989463685917,0.7232605224957945,3.890989463685917,Lawnmower Search,,,,
0.8888888888888888,3800.0,3.233136099,0.11176,0.0087999999995558,0.0043999999995903,10.132287026578195,3.987246327063425,8.378743876,-1.759804824777416,-2.392365998630754,0.7230329603759034,3.892365998630754,Lawnmower Search,,,,
0.4444444444444444,3800.0,3.233136099,0.1117599999942329,0.0082144060254131,0.0043939648430432,10.99999096254867,3.9875364095465216,8.378743876,-1.778407033425485,-2.422238471646338,0.7118989148876024,3.922238471646338,Lawnmower Search,,,,
0.4444444444444444,3800.0,3.233136099,0.1117599999996546,0.0085662345202716,0.0042293166971698,10.999999990805303,3.987368874971204,8.378743876,-1.778987439989963,-2.425133767335641,0.7117451838289524,3.9251337673356415,Lawnmower Search,,,,
0.5555555555555556,3800.0,3.233136099,0.1117317153634832,0.0087999999999998,0.0043979379748352,10.501900347315988,3.987224020196256,8.378743876,-1.769819689888608,-2.437177666066571,0.7108606981716036,3.937177666066571,Lawnmower Search,,,,
0.7777777777777777,3800.0,3.233136099,0.1114459150450225,0.0087999999955675,0.0043999999969317,10.877582716665689,3.9869340152107866,8.378743876,-1.7346016247485916,-2.446127499812208,0.7037035649691502,3.9461274998122073,Lawnmower Search,,,,
0.7777777777777777,3800.0,3.233136099,0.1114452255592505,0.0087999999913579,0.0043999999939885,10.86304083064448,3.986934236451418,8.378743876,-1.734406078614468,-2.44670880100158,0.703568172618341,3.94670880100158,Lawnmower Search,,,,
0.7777777777777777,3800.0,3.233136099,0.1114464205177581,0.0087999999999991,0.0043999850988378,10.886951194434603,3.986933935333303,8.378743876,-1.7342904892406457,-2.4475474844017646,0.7034610936503986,3.9475474844017646,Lawnmower Search,,,,
0.7777777777777777,3800.0,3.233136099,0.1114464205177581,0.0087999999999991,0.0043999850988378,10.886951194434603,3.986933935333303,8.378743876,-1.7342904892406457,-2.4475474844017646,0.7034610936503986,3.9475474844017646,Lawnmower Search,,,,
0.7777777777777777,3800.0,3.233136099,0.1114464205177581,0.0087999999999991,0.0043999850988378,10.886951194434603,3.986933935333303,8.378743876,-1.7342904892406457,-2.4475474844017646,0.7034610936503986,3.9475474844017646,Lawnmower Search,,,,
0.7777777777777777,3800.0,3.233136099,0.1114464205177581,0.0087999999999991,0.0043999999999989,10.886951194434603,3.986933950234464,8.378743876,-1.734288898639906,-2.4475537311452378,0.7034599093971357,3.9475537311452378,Lawnmower Search,,,,
0.7777777777777777,3800.0,3.233136099,0.1114464205177581,0.0087999999999991,0.0043999999999989,10.886951194434603,3.986933950234464,8.378743876,-1.734288898639906,-2.4475537311452378,0.7034599093971357,3.9475537311452378,Lawnmower Search,,,,
0.7777777777777777,3800.0,3.233136099,0.1114464205177581,0.0087999999999991,0.0043999999999989,10.886951194434603,3.986933950234464,8.378743876,-1.734288898639906,-2.4475537311452378,0.7034599093971357,3.9475537311452378,Lawnmower Search,,,,
0.7777777777777777,3800.0,3.233136099,0.1114464354189193,0.0087999999999991,0.0043999999999989,10.886951194434603,3.986933935333303,8.378743876,-1.7342883762591002,-2.4475552788962083,0.703459547991263,3.947555278896208,Lawnmower Search,,,,
0.7777777777777777,3800.0,3.233136099,0.1114464354189193,0.0087999999999991,0.0043999999999989,10.886951194434603,3.986933935333303,8.378743876,-1.7342883762591002,-2.4475552788962083,0.703459547991263,3.947555278896208,Lawnmower Search,,,,
0.7777777777777777,3800.0,3.233136099,0.1114464354189193,0.0087999999999991,0.0043999999999989,10.886951194434603,3.986933935333303,8.378743876,-1.7342883762591002,-2.4475552788962083,0.703459547991263,3.947555278896208,Lawnmower Search,,,,
0.7777777777777777,3800.0,3.233136099,0.1114466221412864,0.0087999850987233,0.0043999999999501,10.892496024077882,3.98693378831934,8.378743876,-1.734169093680496,-2.448230284052443,0.7033594539445045,3.948230284052443,Lawnmower Search,,,,
0.7777777777777777,3800.0,3.233136099,0.1114466221412864,0.0087999850987233,0.0043999999999501,10.892496024077882,3.98693378831934,8.378743876,-1.734169093680496,-2.448230284052443,0.7033594539445045,3.948230284052443,Lawnmower Search,,,,
0.7777777777777777,3800.0,3.233136099,0.1114466221412864,0.0087999850987233,0.0043999999999501,10.892496024077882,3.98693378831934,8.378743876,-1.734169093680496,-2.448230284052443,0.7033594539445045,3.948230284052443,Lawnmower Search,,,,
0.7777777777777777,3800.0,3.233136099,0.1114466221412864,0.0087999999998845,0.0043999999999501,10.892496024077882,3.98693378831934,8.378743876,-1.7341683556670868,-2.4482337267934926,0.7033588747303381,3.9482337267934926,Lawnmower Search,,,,
0.7777777777777777,3800.0,3.233136099,0.1114466221412864,0.0087999999998845,0.0043999999999501,10.892496024077882,3.98693378831934,8.378743876,-1.7341683556670868,-2.4482337267934926,0.7033588747303381,3.9482337267934926,Lawnmower Search,,,,
0.7777777777777777,3800.0,3.233136099,0.1114466221412864,0.0087999999998845,0.0043999999999501,10.892496024077882,3.98693378831934,8.378743876,-1.7341683556670868,-2.4482337267934926,0.7033588747303381,3.9482337267934926,Lawnmower Search,,,,
0.7777777777777777,3800.0,3.233136099,0.1114466221412864,0.0087999999998845,0.0043999999999501,10.892496024077882,3.98693378831934,8.378743876,-1.7341683556670868,-2.4482337267934926,0.7033588747303381,3.9482337267934926,Lawnmower Search,,,,
0.7777777777777777,3800.0,3.233136099,0.1114466221412864,0.0087999999998845,0.0043999999999501,10.892496038979044,3.98693378831934,8.378743876,-1.7341683547427116,-2.4482337301074177,0.7033588740593948,3.9482337301074177,Lawnmower Search,,,,
0.7777777777777777,3800.0,3.233136099,0.1114466221412864,0.0087999999998845,0.0043999999999501,10.892496038979044,3.98693378831934,8.378743876,-1.7341683547427116,-2.4482337301074177,0.7033588740593948,3.9482337301074177,Lawnmower Search,,,,
0.7777777777777777,3800.0,3.233136099,0.1114466221412864,0.0087999999998845,0.0043999999999501,10.892496038979044,3.98693378831934,8.378743876,-1.7341683547427116,-2.4482337301074177,0.7033588740593948,3.9482337301074177,Lawnmower Search,,,,
0.7777777777777777,3800.0,3.233136099,0.1114464488125407,0.0087999999988263,0.0043999999992102,10.88884036218316,3.986933843936675,8.378743876,-1.733885522543221,-2.448688154842798,0.7031841540817,3.948688154842798,Lawnmower Search,,,,
0.7777777777777777,3800.0,3.233136099,0.1114465899569956,0.008799999999688,0.0043999999998127,10.891817227926852,3.986933798646562,8.378743876,-1.7336960719629426,-2.4493651272303536,0.7030467654131605,3.9493651272303536,Lawnmower Search,,,,
0.7777777777777777,3800.0,3.233136099,0.1114466202621548,0.0087999999998731,0.0043999999999421,10.892456391471889,3.986933788922311,8.378743876,-1.7336553912275268,-2.449510478054938,0.7030172647822567,3.949510478054938,Lawnmower Search,,,,
0.7777777777777777,3800.0,3.233136099,0.1114466221394072,0.0087999999998845,0.0043999850987889,10.892495984445276,3.986933788319943,8.378743876,-1.733654458648236,-2.4495132388523584,0.7030166197099966,3.9495132388523584,Lawnmower Search,,,,
0.7777777777777777,3800.0,3.233136099,0.1114466221394072,0.0087999999998845,0.0043999850987889,10.892495984445276,3.986933788319943,8.378743876,-1.733654458648236,-2.4495132388523584,0.7030166197099966,3.9495132388523584,Lawnmower Search,,,,
0.7777777777777777,3800.0,3.233136099,0.1114466221394072,0.0087999999998845,0.0043999850987889,10.892495984445276,3.986933788319943,8.378743876,-1.733654458648236,-2.4495132388523584,0.7030166197099966,3.9495132388523584,Lawnmower Search,,,,
0.7777777777777777,3800.0,3.233136099,0.1114466221224951,0.0087999999998844,0.00439999999995,10.892495627751822,3.9869337883253695,8.378743876,-1.7336528939193607,-2.449519400670144,0.7030154538078613,3.949519400670144,Lawnmower Search,,,,
0.7777777777777777,3800.0,3.233136099,0.1114466221394072,0.0087999999998845,0.0043999999999501,10.892495984445276,3.986933803221104,8.378743876,-1.7336528699958484,-2.4495194881659264,0.7030154363488961,3.9495194881659264,Lawnmower Search,,,,
0.7777777777777777,3800.0,3.233136099,0.1114466221394072,0.0087999999998845,0.0043999999999501,10.892495984445276,3.986933803221104,8.378743876,-1.7336528699958484,-2.4495194881659264,0.7030154363488961,3.9495194881659264,Lawnmower Search,,,,
0.7777777777777777,3800.0,3.233136099,0.1114466221394072,0.0087999999998845,0.0043999999999501,10.892495984445276,3.986933803221104,8.378743876,-1.7336528699958484,-2.4495194881659264,0.7030154363488961,3.9495194881659264,Lawnmower Search,,,,
0.7777777777777777,3800.0,3.233136099,0.1114466370405684,0.0087999999998845,0.0043999999999501,10.892495984445276,3.986933788319943,8.378743876,-1.733652348140187,-2.449521036661315,0.7030150751806661,3.949521036661315,Lawnmower Search,,,,
0.7777777777777777,3800.0,3.233136099,0.1114466370405684,0.0087999999998845,0.0043999999999501,10.892495984445276,3.986933788319943,8.378743876,-1.733652348140187,-2.449521036661315,0.7030150751806661,3.949521036661315,Lawnmower Search,,,,
0.7777777777777777,3800.0,3.233136099,0.1114466370405684,0.0087999999998845,0.0043999999999501,10.892495984445276,3.986933788319943,8.378743876,-1.733652348140187,-2.449521036661315,0.7030150751806661,3.949521036661315,Lawnmower Search,,,,
0.7777777777777777,3800.0,3.233136099,0.1114464205177581,0.008799985098838,0.0043999999999989,10.886951194434603,3.986933935333303,8.378743876,-1.7331772474893925,-2.450325422429998,0.7027193387232062,3.950325422429998,Lawnmower Search,,,,
0.7777777777777777,3800.0,3.233136099,0.1114464205177581,0.008799985098838,0.0043999999999989,10.886951194434603,3.986933935333303,8.378743876,-1.7331772474893925,-2.450325422429998,0.7027193387232062,3.950325422429998,Lawnmower Search,,,,
0.7777777777777777,3800.0,3.233136099,0.1114464205177581,0.008799985098838,0.0043999999999989,10.886951194434603,3.986933935333303,8.378743876,-1.7331772474893925,-2.450325422429998,0.7027193387232062,3.950325422429998,Lawnmower Search,,,,
0.7777777777777777,3800.0,3.233136099,0.1114464205177581,0.0087999999999991,0.0043999999999989,10.886951194434603,3.986933935333303,8.378743876,-1.733176510752452,-2.450328866807782,0.7027187600961141,3.950328866807782,Lawnmower Search,,,,
0.7777777777777777,3800.0,3.233136099,0.1114464205177581,0.0087999999999991,0.0043999999999989,10.886951194434603,3.986933935333303,8.378743876,-1.733176510752452,-2.450328866807782,0.7027187600961141,3.950328866807782,Lawnmower Search,,,,
0.7777777777777777,3800.0,3.233136099,0.1114464205177581,0.0087999999999991,0.0043999999999989,10.886951194434603,3.986933935333303,8.378743876,-1.733176510752452,-2.450328866807782,0.7027187600961141,3.950328866807782,Lawnmower Search,,,,
0.7777777777777777,3800.0,3.233136099,0.1114464205177581,0.0087999999999991,0.0043999999999989,10.886951194434603,3.986933935333303,8.378743876,-1.733176510752452,-2.450328866807782,0.7027187600961141,3.950328866807782,Lawnmower Search,,,,
0.7777777777777777,3800.0,3.233136099,0.1114464205177581,0.0087999999999991,0.0043999999999989,10.886951209335766,3.986933935333303,8.378743876,-1.733176509830263,-2.4503288701246944,0.7027187594261661,3.9503288701246944,Lawnmower Search,,,,
0.7777777777777777,3800.0,3.233136099,0.1114464205177581,0.0087999999999991,0.0043999999999989,10.886951209335766,3.986933935333303,8.378743876,-1.733176509830263,-2.4503288701246944,0.7027187594261661,3.9503288701246944,Lawnmower Search,,,,
0.7777777777777777,3800.0,3.233136099,0.1114464205177581,0.0087999999999991,0.0043999999999989,10.886951209335766,3.986933935333303,8.378743876,-1.733176509830263,-2.4503288701246944,0.7027187594261661,3.9503288701246944,Lawnmower Search,,,,
0.7777777777777777,3800.0,3.233136099,0.111446259486307,0.0087999999976704,0.004399999998402,10.884847298622873,3.986933904687248,8.378743876,-1.733027508488841,-2.450555112283491,0.702627432469391,3.950555112283491,Lawnmower Search,,,,
0.7777777777777777,3800.0,3.233136099,0.1114466221412864,0.0087999999998845,0.0043999850987889,10.892496024077882,3.98693378831934,8.378743876,-1.7330577218148524,-2.4510033034938874,0.7026189587229403,3.951003303493888,Lawnmower Search,,,,
0.7777777777777777,3800.0,3.233136099,0.1114466221412864,0.0087999999998845,0.0043999850987889,10.892496024077882,3.98693378831934,8.378743876,-1.7330577218148524,-2.4510033034938874,0.7026189587229403,3.951003303493888,Lawnmower Search,,,,
0.7777777777777777,3800.0,3.233136099,0.1114466221412864,0.0087999999998845,0.0043999850987889,10.892496024077882,3.98693378831934,8.378743876,-1.7330577218148524,-2.4510033034938874,0.7026189587229403,3.951003303493888,Lawnmower Search,,,,
0.7777777777777777,3800.0,3.233136099,0.1114466221412864,0.0087999999998845,0.0043999999999501,10.892496024077882,3.986933803220501,8.378743876,-1.733056134668538,-2.4510095551651787,0.7026177760312086,3.9510095551651783,Lawnmower Search,,,,
0.7777777777777777,3800.0,3.233136099,0.1114466221412864,0.0087999999998845,0.0043999999999501,10.892496024077882,3.986933803220501,8.378743876,-1.733056134668538,-2.4510095551651787,0.7026177760312086,3.9510095551651783,Lawnmower Search,,,,
0.7777777777777777,3800.0,3.233136099,0.1114466221412864,0.0087999999998845,0.0043999999999501,10.892496024077882,3.986933803220501,8.378743876,-1.733056134668538,-2.4510095551651787,0.7026177760312086,3.9510095551651783,Lawnmower Search,,,,
0.7777777777777777,3800.0,3.233136099,0.1114466370424476,0.0087999999998845,0.0043999999999501,10.892496024077882,3.98693378831934,8.378743876,-1.7330556132585822,-2.4510111042447837,0.7026174150672729,3.9510111042447833,Lawnmower Search,,,,
0.7777777777777777,3800.0,3.233136099,0.1114466370424476,0.0087999999998845,0.0043999999999501,10.892496024077882,3.98693378831934,8.378743876,-1.7330556132585822,-2.4510111042447837,0.7026174150672729,3.9510111042447833,Lawnmower Search,,,,
0.7777777777777777,3800.0,3.233136099,0.1114466370424476,0.0087999999998845,0.0043999999999501,10.892496024077882,3.98693378831934,8.378743876,-1.7330556132585822,-2.4510111042447837,0.7026174150672729,3.9510111042447833,Lawnmower Search,,,,
0.7777777777777777,3800.0,3.233136099,0.1114472993677828,0.0087999999994995,0.004399999999786,10.91112036610863,3.9869332945190776,8.378743876,-1.7330274829973438,-2.4510684048577067,0.7025993762887395,3.9510684048577063,Lawnmower Search,,,,
0.7777777777777777,3800.0,3.233136099,0.111446536962248,0.0087999999993645,0.0043999999995865,10.890699520193929,3.986933815651396,8.378743876,-1.7326557498754456,-2.4518869365977167,0.7023576489947567,3.9518869365977167,Lawnmower Search,,,,
0.7777777777777777,3800.0,3.233136099,0.1114468580643536,0.0087999999997504,0.0043999999998929,10.898984122106148,3.98693361629584,8.378743876,-1.732646010300667,-2.4524779903308143,0.7023201962932923,3.9524779903308143,Lawnmower Search,,,,
0.5555555555555556,3800.0,3.233136099,0.1114401311814615,0.008799999999998,0.0043687472136848,10.999999999991417,3.987545486011764,8.378743876,-1.7600699184274982,-2.4547699122337003,0.700935612266876,3.9547699122337,Lawnmower Search,,,,
0.7777777777777777,3800.0,3.233136099,0.1114483341823845,0.0087999999989113,0.0043999999995353,10.93957870490867,3.986932539983152,8.378743876,-1.7300735107277905,-2.45940636854225,0.7005783234678544,3.95940636854225,Lawnmower Search,,,,
0.4444444444444444,3800.0,3.233136099,0.1117599999995294,0.0087119037849839,0.0043356767604727,10.999999987471542,3.987473342582451,8.378743876,-1.7774271121099876,-2.4689651981020138,0.6998215080904325,3.9689651981020138,Lawnmower Search,,,,
0.4444444444444444,3800.0,3.233136099,0.1117153600454372,0.0087999999983795,0.0043306534540819,10.999999999914031,3.987518729252943,8.378743876,-1.7784256486682986,-2.4790153193438544,0.6983454334942952,3.9790153193438544,Lawnmower Search,,,,
0.5555555555555556,3800.0,3.233136099,0.1116694434910104,0.0087999999999997,0.0043971340308018,10.972791313797613,3.987286017539323,8.378743876,-1.7581037904466146,-2.4800354527860904,0.6956118950935388,3.9800354527860895,Lawnmower Search,,,,
0.4444444444444444,3800.0,3.233136099,0.1117599999913788,0.0087164357901532,0.0043963335619448,10.999986489912024,3.9875337122963215,8.378743876,-1.7754667660095396,-2.480393801801005,0.6952717261294135,3.980393801801005,Lawnmower Search,,,,
0.5555555555555556,3800.0,3.233136099,0.111729054135479,0.0087613383032403,0.0043952044855709,10.991928747563794,3.987228877072367,8.378743876,-1.7580650140581695,-2.4823984753802653,0.6952216477877372,3.982398475380265,Lawnmower Search,,,,
0.4444444444444444,3800.0,3.233136099,0.1116818406112445,0.0087999999999069,0.0043866501397533,10.999999999992497,3.987628257340501,8.378743876,-1.7757762638555716,-2.4826143671444822,0.6950280134178356,3.982614367144482,Lawnmower Search,,,,
0.4444444444444444,3800.0,3.233136099,0.1117599726457813,0.0087965365746107,0.0043963751699123,10.953025776185736,3.9875328989023,8.378743876,-1.776305264093843,-2.485334658711812,0.6948684347334485,3.985334658711812,Lawnmower Search,,,,
0.5555555555555556,3800.0,3.233136099,0.1117377924180581,0.0087999999999997,0.0043971707129001,10.954316759014674,3.987218571018438,8.378743876,-1.7581704915944845,-2.485771310378411,0.694783958247218,3.985771310378411,Lawnmower Search,,,,
0.5555555555555556,3800.0,3.233136099,0.111738175448236,0.0087999999999997,0.0043971223532101,10.982832076181912,3.9872182275626527,8.378743876,-1.7577441735246864,-2.4859393165625567,0.6944419460852016,3.9859393165625567,Lawnmower Search,,,,
0.5555555555555556,3800.0,3.233136099,0.1117089365307974,0.0087999999999996,0.0043942888960072,10.999999999986288,3.9872503710202567,8.378743876,-1.7577158133995625,-2.486510664299484,0.6943335036419339,3.986510664299484,Lawnmower Search,,,,
0.5555555555555556,3800.0,3.233136099,0.1117368423366889,0.0087970628492038,0.0043969582703757,10.994325612937589,3.9872196811403646,8.378743876,-1.7577323849977198,-2.4867615039520814,0.6943074276555988,3.9867615039520814,Lawnmower Search,,,,
0.5555555555555556,3800.0,3.233136099,0.1117374529833972,0.0087998638909087,0.004397095778754,10.994513543104148,3.987218960118212,8.378743876,-1.7577104260345062,-2.487579269753667,0.6941660395266724,3.987579269753667,Lawnmower Search,,,,
0.5555555555555556,3800.0,3.233136099,0.1117374851655794,0.0087999849627448,0.0043971027806572,10.994523283572386,3.987218920756937,8.378743876,-1.7577093748806063,-2.487616030807694,0.6941596361920495,3.987616030807694,Lawnmower Search,,,,
0.5555555555555556,3800.0,3.233136099,0.1117374851655794,0.0087999849627448,0.0043971027806572,10.994523283572386,3.987218920756937,8.378743876,-1.7577093748806063,-2.487616030807694,0.6941596361920495,3.987616030807694,Lawnmower Search,,,,
0.5555555555555556,3800.0,3.233136099,0.1117374851655794,0.0087999849627448,0.0043971027806572,10.994523283572386,3.987218920756937,8.378743876,-1.7577093748806063,-2.487616030807694,0.6941596361920495,3.987616030807694,Lawnmower Search,,,,
0.5555555555555556,3800.0,3.233136099,0.1117374823594049,0.0087999986389088,0.0043971023937855,10.994522583745727,3.98721892543244,8.378743876,-1.7577093715272778,-2.487618610365173,0.694159239103504,3.987618610365173,Lawnmower Search,,,,
0.5555555555555556,3800.0,3.233136099,0.1117374826264595,0.0087999998638906,0.0043971024539221,10.994522665933378,3.987218940018276,8.378743876,-1.7577093619174398,-2.487618974393272,0.6941591762871996,3.987618974393272,Lawnmower Search,,,,
0.5555555555555556,3800.0,3.233136099,0.1117374826264595,0.0087999998638906,0.0043971024539221,10.994522665933378,3.987218940018276,8.378743876,-1.7577093619174398,-2.487618974393272,0.6941591762871996,3.987618974393272,Lawnmower Search,,,,
0.5555555555555556,3800.0,3.233136099,0.1117374826264595,0.0087999998638906,0.0043971024539221,10.994522665933378,3.987218940018276,8.378743876,-1.7577093619174398,-2.487618974393272,0.6941591762871996,3.987618974393272,Lawnmower Search,,,,
0.5555555555555556,3800.0,3.233136099,0.1117374851655794,0.008799999863906,0.0043971027806572,10.994523283572386,3.987218920756937,8.378743876,-1.7577093202855762,-2.48761950900796,0.6941590636167624,3.98761950900796,Lawnmower Search,,,,
0.5555555555555556,3800.0,3.233136099,0.1117374851655794,0.008799999863906,0.0043971027806572,10.994523283572386,3.987218920756937,8.378743876,-1.7577093202855762,-2.48761950900796,0.6941590636167624,3.98761950900796,Lawnmower Search,,,,
0.5555555555555556,3800.0,3.233136099,0.1117374851655794,0.008799999863906,0.0043971027806572,10.994523283572386,3.987218920756937,8.378743876,-1.7577093202855762,-2.48761950900796,0.6941590636167624,3.98761950900796,Lawnmower Search,,,,
0.5555555555555556,3800.0,3.233136099,0.1117374851655794,0.008799999863906,0.0043971027806572,10.994523283572386,3.987218920756937,8.378743876,-1.7577093202855762,-2.48761950900796,0.6941590636167624,3.98761950900796,Lawnmower Search,,,,
0.5555555555555556,3800.0,3.233136099,0.1117374851655794,0.008799999863906,0.0043971027806572,10.994523298473547,3.987218920756937,8.378743876,-1.7577093200730776,-2.4876195123338727,0.6941590629503243,3.9876195123338727,Lawnmower Search,,,,
0.5555555555555556,3800.0,3.233136099,0.1117374851655794,0.008799999863906,0.0043971027806572,10.994523298473547,3.987218920756937,8.378743876,-1.7577093200730776,-2.4876195123338727,0.6941590629503243,3.9876195123338727,Lawnmower Search,,,,
0.5555555555555556,3800.0,3.233136099,0.1117374851655794,0.008799999863906,0.0043971027806572,10.994523298473547,3.987218920756937,8.378743876,-1.7577093200730776,-2.4876195123338727,0.6941590629503243,3.9876195123338727,Lawnmower Search,,,,
0.5555555555555556,3800.0,3.233136099,0.1117374975276207,0.0087999998638906,0.0043971024539221,10.994522665933378,3.9872189251171135,8.378743876,-1.7577092041298212,-2.4876205336429624,0.6941588206929444,3.9876205336429615,Lawnmower Search,,,,
0.5555555555555556,3800.0,3.233136099,0.1117374975276207,0.0087999998638906,0.0043971024539221,10.994522665933378,3.9872189251171135,8.378743876,-1.7577092041298212,-2.4876205336429624,0.6941588206929444,3.9876205336429615,Lawnmower Search,,,,
0.5555555555555556,3800.0,3.233136099,0.1117374975276207,0.0087999998638906,0.0043971024539221,10.994522665933378,3.9872189251171135,8.378743876,-1.7577092041298212,-2.4876205336429624,0.6941588206929444,3.9876205336429615,Lawnmower Search,,,,
0.5555555555555556,3800.0,3.233136099,0.1117374826264595,0.0087999998638906,0.0043971173550833,10.994522665933378,3.9872189251171135,8.378743876,-1.7577090899271783,-2.487625272120547,0.694158011103707,3.987625272120547,Lawnmower Search,,,,
0.5555555555555556,3800.0,3.233136099,0.1117374826264595,0.0087999998638906,0.0043971173550833,10.994522665933378,3.9872189251171135,8.378743876,-1.7577090899271783,-2.487625272120547,0.694158011103707,3.987625272120547,Lawnmower Search,,,,
0.5555555555555556,3800.0,3.233136099,0.1117374826264595,0.0087999998638906,0.0043971173550833,10.994522665933378,3.9872189251171135,8.378743876,-1.7577090899271783,-2.487625272120547,0.694158011103707,3.987625272120547,Lawnmower Search,,,,
0.5555555555555556,3800.0,3.233136099,0.1117375327004882,0.0087999998641933,0.0043971088974714,10.994534846402946,3.987218839129989,8.378743876,-1.7577085404489623,-2.487629637097732,0.6941569356916156,3.987629637097732,Lawnmower Search,,,,
0.5555555555555556,3800.0,3.233136099,0.1117378025861643,0.0087999998658247,0.0043971436264854,10.994600495889348,3.9872183756822888,8.378743876,-1.7577041130805284,-2.487687141014592,0.6941448542527224,3.987687141014592,Lawnmower Search,,,,
0.5555555555555556,3800.0,3.233136099,0.1117389067608696,0.008799999872499,0.004397285712199,10.994869085550482,3.987216479593415,8.378743876,-1.7576860040653866,-2.4879224113304272,0.6940954282375679,3.9879224113304272,Lawnmower Search,,,,
0.5555555555555556,3800.0,3.233136099,0.1117384060551065,0.0087999850988385,0.0043970932378103,10.99999998731198,3.987218020781913,8.378743876,-1.7576977946250194,-2.488407947819629,0.6940299028172514,3.988407947819629,Lawnmower Search,,,,
0.5555555555555556,3800.0,3.233136099,0.1117384060551065,0.0087999850988385,0.0043970932378103,10.99999998731198,3.987218020781913,8.378743876,-1.7576977946250194,-2.488407947819629,0.6940299028172514,3.988407947819629,Lawnmower Search,,,,
0.5555555555555556,3800.0,3.233136099,0.1117384060551065,0.0087999850988385,0.0043970932378103,10.99999998731198,3.987218020781913,8.378743876,-1.7576977946250194,-2.488407947819629,0.6940299028172514,3.988407947819629,Lawnmower Search,,,,
0.5555555555555556,3800.0,3.233136099,0.1117384037290576,0.0087999999999997,0.0043970929246637,10.999999998525464,3.987218038498256,8.378743876,-1.7576977704001533,-2.488411060061145,0.6940294087569814,3.9884110600611455,Lawnmower Search,,,,
0.5555555555555556,3800.0,3.233136099,0.1117384037290576,0.0087999999999997,0.0043970929246637,10.999999998525464,3.987218038498256,8.378743876,-1.7576977704001533,-2.488411060061145,0.6940294087569814,3.9884110600611455,Lawnmower Search,,,,
0.5555555555555556,3800.0,3.233136099,0.1117384037290576,0.0087999999999997,0.0043970929246637,10.999999998525464,3.987218038498256,8.378743876,-1.7576977704001533,-2.488411060061145,0.6940294087569814,3.9884110600611455,Lawnmower Search,,,,
0.5555555555555556,3800.0,3.233136099,0.1117384060551065,0.0087999999999997,0.0043970932378103,10.999999972410818,3.987218020781913,8.378743876,-1.757697740490611,-2.488411423574976,0.6940293309577326,3.988411423574976,Lawnmower Search,,,,
0.5555555555555556,3800.0,3.233136099,0.1117384060551065,0.0087999999999997,0.0043970932378103,10.999999972410818,3.987218020781913,8.378743876,-1.757697740490611,-2.488411423574976,0.6940293309577326,3.988411423574976,Lawnmower Search,,,,
0.5555555555555556,3800.0,3.233136099,0.1117384060551065,0.0087999999999997,0.0043970932378103,10.999999972410818,3.987218020781913,8.378743876,-1.757697740490611,-2.488411423574976,0.6940293309577326,3.988411423574976,Lawnmower Search,,,,
0.5555555555555556,3800.0,3.233136099,0.1117384060551065,0.0087999999999997,0.0043970932378103,10.99999998731198,3.987218020781913,8.378743876,-1.7576977402777645,-2.488411426900321,0.6940293302911231,3.9884114269003215,Lawnmower Search,,,,
0.5555555555555556,3800.0,3.233136099,0.1117384060551065,0.0087999999999997,0.0043970932378103,10.99999998731198,3.987218020781913,8.378743876,-1.7576977402777645,-2.488411426900321,0.6940293302911231,3.9884114269003215,Lawnmower Search,,,,
0.5555555555555556,3800.0,3.233136099,0.1117384060551065,0.0087999999999997,0.0043970932378103,10.99999998731198,3.987218020781913,8.378743876,-1.7576977402777645,-2.488411426900321,0.6940293302911231,3.9884114269003215,Lawnmower Search,,,,
0.5555555555555556,3800.0,3.233136099,0.1117384060551065,0.0087999999999997,0.0043970932378103,10.99999998731198,3.987218020781913,8.378743876,-1.7576977402777645,-2.488411426900321,0.6940293302911231,3.9884114269003215,Lawnmower Search,,,,
0.5555555555555556,3800.0,3.233136099,0.1117384186302188,0.0087999999999997,0.0043970929246637,10.999999998525464,3.9872180235970944,8.378743876,-1.757697612773324,-2.488412619584625,0.6940290532401437,3.988412619584625,Lawnmower Search,,,,
0.5555555555555556,3800.0,3.233136099,0.1117384186302188,0.0087999999999997,0.0043970929246637,10.999999998525464,3.9872180235970944,8.378743876,-1.757697612773324,-2.488412619584625,0.6940290532401437,3.988412619584625,Lawnmower Search,,,,
0.5555555555555556,3800.0,3.233136099,0.1117384186302188,0.0087999999999997,0.0043970929246637,10.999999998525464,3.9872180235970944,8.378743876,-1.757697612773324,-2.488412619584625,0.6940290532401437,3.988412619584625,Lawnmower Search,,,,
0.5555555555555556,3800.0,3.233136099,0.1117384037290576,0.0087999999999997,0.0043971078258249,10.999999998525464,3.9872180235970944,8.378743876,-1.7576974990403462,-2.488417358522258,0.6940282439290054,3.988417358522258,Lawnmower Search,,,,
0.5555555555555556,3800.0,3.233136099,0.1117384037290576,0.0087999999999997,0.0043971078258249,10.999999998525464,3.9872180235970944,8.378743876,-1.7576974990403462,-2.488417358522258,0.6940282439290054,3.988417358522258,Lawnmower Search,,,,
0.5555555555555556,3800.0,3.233136099,0.1117384037290576,0.0087999999999997,0.0043971078258249,10.999999998525464,3.9872180235970944,8.378743876,-1.7576974990403462,-2.488417358522258,0.6940282439290054,3.988417358522258,Lawnmower Search,,,,
0.5555555555555556,3800.0,3.233136099,0.1117384497778164,0.0087999999999997,0.0043970991240218,10.999999776532242,3.9872179678649737,8.378743876,-1.7576971735989684,-2.488418442373835,0.6940278366646793,3.988418442373835,Lawnmower Search,,,,
0.5555555555555556,3800.0,3.233136099,0.1117386205643476,0.0087999999999997,0.0043971221128869,10.999999995570809,3.987217793922573,8.378743876,-1.7576949452660309,-2.4884460910031776,0.6940219538550791,3.9884460910031776,Lawnmower Search,,,,
0.5555555555555556,3800.0,3.233136099,0.1117387029806829,0.0087999999999997,0.0043971332116992,10.99999855588435,3.9872176614173513,8.378743876,-1.757693892041276,-2.488459069909226,0.6940191869907182,3.988459069909226,Lawnmower Search,,,,
0.5555555555555556,3800.0,3.233136099,0.1117396623816743,0.0087999999999997,0.0043972623520367,10.999999981374724,3.987216690417254,8.378743876,-1.7576813738361472,-2.488614436254896,0.693986132228865,3.988614436254896,Lawnmower Search,,,,
0.5555555555555556,3800.0,3.233136099,0.1117397483442317,0.0087999999999997,0.0043972739447643,10.999993516364738,3.987216396229565,8.378743876,-1.757680346448551,-2.4886268064568133,0.69398347764949,3.988626806456813,Lawnmower Search,,,,
0.5555555555555556,3800.0,3.233136099,0.1117437854728226,0.0087999999999998,0.0043978173618088,10.999999925192366,3.9872123231900103,8.378743876,-1.757683182984762,-2.4888994096181003,0.6939438815552914,3.9888994096181,Lawnmower Search,,,,
0.5555555555555556,3800.0,3.233136099,0.111743863644199,0.0087999999999998,0.0043978279709485,10.999973677204556,3.987211415543884,8.378743876,-1.757627060700624,-2.4892871889887425,0.6938429214906677,3.9892871889887433,Lawnmower Search,,,,
0.5555555555555556,3800.0,3.233136099,0.1117489451088326,0.0087999999998884,0.0043977704753197,10.999999999992731,3.987205999649785,8.378743876,-1.7576294826721726,-2.4894193715488595,0.6938244982490839,3.98941937154886,Lawnmower Search,,,,
0.5555555555555556,3800.0,3.233136099,0.1117489636581644,0.0087999999999755,0.0043977736570491,10.999999999992744,3.987205976533858,8.378743876,-1.757629261497725,-2.489422434147289,0.6938238656536806,3.9894224341472895,Lawnmower Search,,,,
0.5555555555555556,3800.0,3.233136099,0.1117343775687961,0.0088,0.0043999850988388,11.0,3.987219131134206,8.378743876,-1.7576116881626012,-2.4897349511508,0.6937630204994936,3.9897349511507993,Lawnmower Search,,,,
0.5555555555555556,3800.0,3.233136099,0.1117343775687961,0.0088,0.0043999850988388,11.0,3.987219131134206,8.378743876,-1.7576116881626012,-2.4897349511508,0.6937630204994936,3.9897349511507993,Lawnmower Search,,,,
0.5555555555555556,3800.0,3.233136099,0.1117343775687961,0.0088,0.0043999850988388,11.0,3.987219131134206,8.378743876,-1.7576116881626012,-2.4897349511508,0.6937630204994936,3.9897349511507993,Lawnmower Search,,,,
0.5555555555555556,3800.0,3.233136099,0.1117344188029374,0.0087999999999999,0.0043999850988388,11.0,3.9872190899000657,8.378743876,-1.757611252766066,-2.489739268279582,0.6937620370511705,3.989739268279582,Lawnmower Search,,,,
0.5555555555555556,3800.0,3.233136099,0.1117344188029374,0.0087999999999999,0.0043999850988388,11.0,3.9872190899000657,8.378743876,-1.757611252766066,-2.489739268279582,0.6937620370511705,3.989739268279582,Lawnmower Search,,,,
0.5555555555555556,3800.0,3.233136099,0.1117344188029374,0.0087999999999999,0.0043999850988388,11.0,3.9872190899000657,8.378743876,-1.757611252766066,-2.489739268279582,0.6937620370511705,3.989739268279582,Lawnmower Search,,,,
0.5555555555555556,3800.0,3.233136099,0.1117343775687961,0.0088,0.0044,11.0,3.987219146035367,8.378743876,-1.7576114179072757,-2.4897412624484985,0.6937618545273609,3.9897412624484985,Lawnmower Search,,,,
0.5555555555555556,3800.0,3.233136099,0.1117343775687961,0.0088,0.0044,11.0,3.987219146035367,8.378743876,-1.7576114179072757,-2.4897412624484985,0.6937618545273609,3.9897412624484985,Lawnmower Search,,,,
0.5555555555555556,3800.0,3.233136099,0.1117343775687961,0.0088,0.0044,11.0,3.987219146035367,8.378743876,-1.7576114179072757,-2.4897412624484985,0.6937618545273609,3.9897412624484985,Lawnmower Search,,,,
0.5555555555555556,3800.0,3.233136099,0.1117343924699573,0.0088,0.0044,11.0,3.987219131134206,8.378743876,-1.7576112605649792,-2.4897428225713,0.6937614991299561,3.9897428225713,Lawnmower Search,,,,
0.5555555555555556,3800.0,3.233136099,0.1117343924699573,0.0088,0.0044,11.0,3.987219131134206,8.378743876,-1.7576112605649792,-2.4897428225713,0.6937614991299561,3.9897428225713,Lawnmower Search,,,,
0.5555555555555556,3800.0,3.233136099,0.1117343924699573,0.0088,0.0044,11.0,3.987219131134206,8.378743876,-1.7576112605649792,-2.4897428225713,0.6937614991299561,3.9897428225713,Lawnmower Search,,,,
0.5555555555555556,3800.0,3.233136099,0.1117344188029374,0.0087999999999999,0.0044,11.0,3.987219104801227,8.378743876,-1.757610982514342,-2.489745579584436,0.6937608710806152,3.989745579584436,Lawnmower Search,,,,
0.5555555555555556,3800.0,3.233136099,0.1117344188029374,0.0087999999999999,0.0044,11.0,3.987219104801227,8.378743876,-1.757610982514342,-2.489745579584436,0.6937608710806152,3.989745579584436,Lawnmower Search,,,,
0.5555555555555556,3800.0,3.233136099,0.1117344188029374,0.0087999999999999,0.0044,11.0,3.987219104801227,8.378743876,-1.757610982514342,-2.489745579584436,0.6937608710806152,3.989745579584436,Lawnmower Search,,,,
0.5555555555555556,3800.0,3.233136099,0.1117344337040986,0.0087999999999999,0.0044,11.0,3.9872190899000657,8.378743876,-1.7576108251731233,-2.489747139708345,0.693760515683841,3.989747139708345,Lawnmower Search,,,,
0.5555555555555556,3800.0,3.233136099,0.1117344337040986,0.0087999999999999,0.0044,11.0,3.9872190899000657,8.378743876,-1.7576108251731233,-2.489747139708345,0.693760515683841,3.989747139708345,Lawnmower Search,,,,
0.5555555555555556,3800.0,3.233136099,0.1117344337040986,0.0087999999999999,0.0044,11.0,3.9872190899000657,8.378743876,-1.7576108251731233,-2.489747139708345,0.693760515683841,3.989747139708345,Lawnmower Search,,,,
0.5555555555555556,3800.0,3.233136099,0.1117346248694804,0.0087999999999999,0.0043999850988387,11.0,3.987218883833528,8.378743876,-1.7576090769279742,-2.4897608430638964,0.6937571223200091,3.989760843063896,Lawnmower Search,,,,
0.5555555555555556,3800.0,3.233136099,0.1117346248694804,0.0087999999999999,0.0043999850988387,11.0,3.987218883833528,8.378743876,-1.7576090769279742,-2.4897608430638964,0.6937571223200091,3.989760843063896,Lawnmower Search,,,,
0.5555555555555556,3800.0,3.233136099,0.1117346248694804,0.0087999999999999,0.0043999850988387,11.0,3.987218883833528,8.378743876,-1.7576090769279742,-2.4897608430638964,0.6937571223200091,3.989760843063896,Lawnmower Search,,,,
0.5555555555555556,3800.0,3.233136099,0.1117346248694804,0.0087999999999999,0.0043999999999999,11.0,3.987218898734689,8.378743876,-1.7576088066942472,-2.489767154404505,0.6937559563573378,3.989767154404505,Lawnmower Search,,,,
0.5555555555555556,3800.0,3.233136099,0.1117346248694804,0.0087999999999999,0.0043999999999999,11.0,3.987218898734689,8.378743876,-1.7576088066942472,-2.489767154404505,0.6937559563573378,3.989767154404505,Lawnmower Search,,,,
0.5555555555555556,3800.0,3.233136099,0.1117346248694804,0.0087999999999999,0.0043999999999999,11.0,3.987218898734689,8.378743876,-1.7576088066942472,-2.489767154404505,0.6937559563573378,3.989767154404505,Lawnmower Search,,,,
0.5555555555555556,3800.0,3.233136099,0.1117346397706416,0.0087999999999999,0.0043999999999999,11.0,3.987218883833528,8.378743876,-1.7576086493584169,-2.4897687145339678,0.6937556009637117,3.9897687145339673,Lawnmower Search,,,,
0.5555555555555556,3800.0,3.233136099,0.1117346397706416,0.0087999999999999,0.0043999999999999,11.0,3.987218883833528,8.378743876,-1.7576086493584169,-2.4897687145339678,0.6937556009637117,3.9897687145339673,Lawnmower Search,,,,
0.5555555555555556,3800.0,3.233136099,0.1117346397706416,0.0087999999999999,0.0043999999999999,11.0,3.987218883833528,8.378743876,-1.7576086493584169,-2.4897687145339678,0.6937556009637117,3.9897687145339673,Lawnmower Search,,,,
0.5555555555555556,3800.0,3.233136099,0.1117347899102089,0.0087999999999999,0.0044,11.0,3.9872187187928025,8.378743876,-1.757607064136233,-2.4897844275595653,0.6937520211331714,3.989784427559565,Lawnmower Search,,,,
0.5555555555555556,3800.0,3.233136099,0.1117364867088201,0.0087999999999999,0.0043999850988387,11.0,3.987217021994232,8.378743876,-1.75758942131165,-2.4899557776666468,0.6937127190267592,3.989955777666647,Lawnmower Search,,,,
0.5555555555555556,3800.0,3.233136099,0.1117364867088201,0.0087999999999999,0.0043999850988387,11.0,3.987217021994232,8.378743876,-1.75758942131165,-2.4899557776666468,0.6937127190267592,3.989955777666647,Lawnmower Search,,,,
0.5555555555555556,3800.0,3.233136099,0.1117364867088201,0.0087999999999999,0.0043999850988387,11.0,3.987217021994232,8.378743876,-1.75758942131165,-2.4899557776666468,0.6937127190267592,3.989955777666647,Lawnmower Search,,,,
0.5555555555555556,3800.0,3.233136099,0.1117364794683678,0.0088,0.0043999999999998,11.0,3.987217029234684,8.378743876,-1.757589227690168,-2.489961324854424,0.6937117268015938,3.989961324854424,Lawnmower Search,,,,
0.5555555555555556,3800.0,3.233136099,0.1117364867088201,0.0087999999999999,0.0043999999999999,11.0,3.987217036895393,8.378743876,-1.7575891512405262,-2.4899620893303123,0.6937115531353149,3.989962089330312,Lawnmower Search,,,,
0.5555555555555556,3800.0,3.233136099,0.1117364867088201,0.0087999999999999,0.0043999999999999,11.0,3.987217036895393,8.378743876,-1.7575891512405262,-2.4899620893303123,0.6937115531353149,3.989962089330312,Lawnmower Search,,,,
0.5555555555555556,3800.0,3.233136099,0.1117364867088201,0.0087999999999999,0.0043999999999999,11.0,3.987217036895393,8.378743876,-1.7575891512405262,-2.4899620893303123,0.6937115531353149,3.989962089330312,Lawnmower Search,,,,
0.5555555555555556,3800.0,3.233136099,0.1117365016099813,0.0087999999999999,0.0043999999999999,11.0,3.987217021994232,8.378743876,-1.757588993953375,-2.489963649509961,0.6937111977701299,3.989963649509961,Lawnmower Search,,,,
0.5555555555555556,3800.0,3.233136099,0.1117365016099813,0.0087999999999999,0.0043999999999999,11.0,3.987217021994232,8.378743876,-1.757588993953375,-2.489963649509961,0.6937111977701299,3.989963649509961,Lawnmower Search,,,,
0.5555555555555556,3800.0,3.233136099,0.1117365016099813,0.0087999999999999,0.0043999999999999,11.0,3.987217021994232,8.378743876,-1.757588993953375,-2.489963649509961,0.6937111977701299,3.989963649509961,Lawnmower Search,,,,
0.5555555555555556,3800.0,3.233136099,0.1117580521556119,0.0088,0.0043979106580813,10.99999999998578,3.987195277496512,8.378743876,-1.7575670418578269,-2.490182052408573,0.6936615005799912,3.990182052408573,Lawnmower Search,,,,
0.5555555555555556,3800.0,3.233136099,0.1117582920235882,0.0087999999990447,0.0043982034683332,11.0,3.987195316825048,8.378743876,-1.757559207521378,-2.490331221761694,0.6936328690390247,3.990331221761694,Lawnmower Search,,,,
0.5555555555555556,3800.0,3.233136099,0.1117588121720128,0.0087999999997756,0.0043988460495108,10.999999999988775,3.987195409955169,8.378743876,-1.7575420911138706,-2.490657930853616,0.6935701919133098,3.990657930853616,Lawnmower Search,,,,
0.5555555555555556,3800.0,3.233136099,0.1117589353892204,0.0087999999999488,0.0043989982696361,10.999999999986116,3.987195432016629,8.378743876,-1.7575380385194594,-2.4907353256326923,0.6935553457942389,3.990735325632692,Lawnmower Search,,,,
0.5555555555555556,3800.0,3.233136099,0.1117589644302653,0.0087999999999896,0.0043990341463743,10.99999999998549,3.987195437216291,8.378743876,-1.7575370834804769,-2.490753566859699,0.6935518467913583,3.990753566859699,Lawnmower Search,,,,
0.5555555555555556,3800.0,3.233136099,0.1117589717639516,0.0087999850988387,0.0043990432062667,10.999999999985333,3.9871954385293527,8.378743876,-1.757536895677054,-2.490754692959204,0.6935515351864345,3.990754692959204,Lawnmower Search,,,,
0.5555555555555556,3800.0,3.233136099,0.1117589717639516,0.0087999850988387,0.0043990432062667,10.999999999985333,3.9871954385293527,8.378743876,-1.757536895677054,-2.490754692959204,0.6935515351864345,3.990754692959204,Lawnmower Search,,,,
0.5555555555555556,3800.0,3.233136099,0.1117589717639516,0.0087999850988387,0.0043990432062667,10.999999999985333,3.9871954385293527,8.378743876,-1.757536895677054,-2.490754692959204,0.6935515351864345,3.990754692959204,Lawnmower Search,,,,
0.5555555555555556,3800.0,3.233136099,0.1117589708579294,0.0087999999999986,0.0043990420869846,10.999999999985352,3.987195438367134,8.378743876,-1.757536872107382,-2.4907576041997856,0.6935510723598428,3.9907576041997856,Lawnmower Search,,,,
0.5555555555555556,3800.0,3.233136099,0.1117589717639516,0.0087999999999999,0.0043990432062667,10.999999985084171,3.9871954385293527,8.378743876,-1.7575368425248783,-2.49075816996293,0.6935509638647281,3.99075816996293,Lawnmower Search,,,,
0.5555555555555556,3800.0,3.233136099,0.1117589717639516,0.0087999999999999,0.0043990432062667,10.999999985084171,3.9871954385293527,8.378743876,-1.7575368425248783,-2.49075816996293,0.6935509638647281,3.99075816996293,Lawnmower Search,,,,
0.5555555555555556,3800.0,3.233136099,0.1117589717639516,0.0087999999999999,0.0043990432062667,10.999999985084171,3.9871954385293527,8.378743876,-1.7575368425248783,-2.49075816996293,0.6935509638647281,3.99075816996293,Lawnmower Search,,,,
0.5555555555555556,3800.0,3.233136099,0.1117589717639516,0.0087999999999999,0.0043990432062667,10.999999999985333,3.9871954385293527,8.378743876,-1.7575368423131057,-2.490758173289957,0.6935509631986583,3.9907581732899575,Lawnmower Search,,,,
0.5555555555555556,3800.0,3.233136099,0.1117589717639516,0.0087999999999999,0.0043990432062667,10.999999999985333,3.9871954385293527,8.378743876,-1.7575368423131057,-2.490758173289957,0.6935509631986583,3.9907581732899575,Lawnmower Search,,,,
0.5555555555555556,3800.0,3.233136099,0.1117589717639516,0.0087999999999999,0.0043990432062667,10.999999999985333,3.9871954385293527,8.378743876,-1.7575368423131057,-2.490758173289957,0.6935509631986583,3.9907581732899575,Lawnmower Search,,,,
0.5555555555555556,3800.0,3.233136099,0.1117589717639516,0.0087999999999999,0.0043990432062667,10.999999999985333,3.9871954385293527,8.378743876,-1.7575368423131057,-2.490758173289957,0.6935509631986583,3.9907581732899575,Lawnmower Search,,,,
0.5555555555555556,3800.0,3.233136099,0.111758971810313,0.0088,0.0043990432635407,10.99999999998533,3.987195453438815,8.378743876,-1.757536840765195,-2.4907582087987894,0.6935509566183039,3.990758208798789,Lawnmower Search,,,,
0.5555555555555556,3800.0,3.233136099,0.111758971810313,0.0088,0.0043990432635407,10.99999999998533,3.987195453438815,8.378743876,-1.757536840765195,-2.4907582087987894,0.6935509566183039,3.990758208798789,Lawnmower Search,,,,
0.5555555555555556,3800.0,3.233136099,0.111758971810313,0.0088,0.0043990432635407,10.99999999998533,3.987195453438815,8.378743876,-1.757536840765195,-2.4907582087987894,0.6935509566183039,3.990758208798789,Lawnmower Search,,,,
0.5555555555555556,3800.0,3.233136099,0.1117589867114742,0.0088,0.0043990432635407,10.99999999998533,3.9871954385376536,8.378743876,-1.757536683681717,-2.4907597689676955,0.6935506014058801,3.990759768967696,Lawnmower Search,,,,
0.5555555555555556,3800.0,3.233136099,0.1117589867114742,0.0088,0.0043990432635407,10.99999999998533,3.9871954385376536,8.378743876,-1.757536683681717,-2.4907597689676955,0.6935506014058801,3.990759768967696,Lawnmower Search,,,,
0.5555555555555556,3800.0,3.233136099,0.1117589867114742,0.0088,0.0043990432635407,10.99999999998533,3.9871954385376536,8.378743876,-1.757536683681717,-2.4907597689676955,0.6935506014058801,3.990759768967696,Lawnmower Search,,,,
0.5555555555555556,3800.0,3.233136099,0.111758971810313,0.0088,0.0043990581647019,10.99999999998533,3.9871954385376536,8.378743876,-1.7575365713124895,-2.490764509782073,0.6935497928195036,3.990764509782073,Lawnmower Search,,,,
0.5555555555555556,3800.0,3.233136099,0.111758971810313,0.0088,0.0043990581647019,10.99999999998533,3.9871954385376536,8.378743876,-1.7575365713124895,-2.490764509782073,0.6935497928195036,3.990764509782073,Lawnmower Search,,,,
0.5555555555555556,3800.0,3.233136099,0.111758971810313,0.0088,0.0043990581647019,10.99999999998533,3.9871954385376536,8.378743876,-1.7575365713124895,-2.490764509782073,0.6935497928195036,3.990764509782073,Lawnmower Search,,,,
0.5555555555555556,3800.0,3.233136099,0.1117449375432093,0.0088,0.0043999999999999,11.0,3.9872085711600422,8.378743876,-1.7575000121821327,-2.490846965697674,0.693510053866578,3.990846965697674,Lawnmower Search,,,,
0.4444444444444444,3800.0,3.233136099,0.111755281419741,0.0087999999982227,0.0043999999989334,10.999999999997057,3.987537251512827,8.378743876,-1.776311019574262,-2.4910704292463115,0.6935028144522164,3.991070429246312,Lawnmower Search,,,,
0.5555555555555556,3800.0,3.233136099,0.1117578884136948,0.0088,0.0043999999415491,10.99999999999185,3.987194428130713,8.378743876,-1.757507009368495,-2.4912139303475085,0.6934591101359402,3.991213930347509,Lawnmower Search,,,,
0.5555555555555556,3800.0,3.233136099,0.1117587379500501,0.0088,0.0044,11.0,3.9871949486292775,8.378743876,-1.757498056864052,-2.4913035020786527,0.6934387657340888,3.9913035020786527,Lawnmower Search,,,,
0.4444444444444444,3800.0,3.233136099,0.1117580348826805,0.0087999999998966,0.0043999999999075,10.99999999999723,3.987539109381096,8.378743876,-1.7763147403174693,-2.4913607388684627,0.6934368757460971,3.991360738868463,Lawnmower Search,,,,
0.5555555555555556,3800.0,3.233136099,0.1117594824365192,0.0088,0.0043999998991523,10.999999999985937,3.9871954105349854,8.378743876,-1.7574902151739846,-2.491381936962353,0.6934209491422202,3.9913819369623535,Lawnmower Search,,,,
0.5555555555555556,3800.0,3.233136099,0.1117595113004817,0.0088,0.0043999999174168,10.999999999988484,3.987195427601893,8.378743876,-1.757489910770106,-2.4913849869532214,0.6934202567223317,3.991384986953221,Lawnmower Search,,,,
0.4444444444444444,3800.0,3.233136099,0.1117588435818422,0.0087999999995644,0.0043999999997386,10.9999999999949,3.98753966887008,8.378743876,-1.7763158359041349,-2.49144601175856,0.6934175100088514,3.99144601175856,Lawnmower Search,,,,
0.7777777777777777,3800.0,3.233136099,0.1117599999647379,0.008799999933013,0.0043999850988388,10.999999999994753,3.987248254188291,8.378743876,-1.7198450487911427,-2.491450229305688,0.6934068652321449,3.991450229305688,Lawnmower Search,,,,
0.7777777777777777,3800.0,3.233136099,0.1117599999647379,0.008799999933013,0.0043999850988388,10.999999999994753,3.987248254188291,8.378743876,-1.7198450487911427,-2.491450229305688,0.6934068652321449,3.991450229305688,Lawnmower Search,,,,
0.7777777777777777,3800.0,3.233136099,0.1117599999647379,0.008799999933013,0.0043999850988388,10.999999999994753,3.987248254188291,8.378743876,-1.7198450487911427,-2.491450229305688,0.6934068652321449,3.991450229305688,Lawnmower Search,,,,
0.7777777777777777,3800.0,3.233136099,0.1117599999672865,0.0087999999378549,0.0043999850988388,10.999999999995133,3.987248341563921,8.378743876,-1.7198450413303057,-2.49145026817072,0.6934068591547926,3.99145026817072,Lawnmower Search,,,,
0.7777777777777777,3800.0,3.233136099,0.1117599999672865,0.0087999999378549,0.0043999850988388,10.999999999995133,3.987248341563921,8.378743876,-1.7198450413303057,-2.49145026817072,0.6934068591547926,3.99145026817072,Lawnmower Search,,,,
0.7777777777777777,3800.0,3.233136099,0.1117599999672865,0.0087999999378549,0.0043999850988388,10.999999999995133,3.987248341563921,8.378743876,-1.7198450413303057,-2.49145026817072,0.6934068591547926,3.99145026817072,Lawnmower Search,,,,
0.7777777777777777,3800.0,3.233136099,0.1117599999672836,0.0087999850366877,0.0044,10.999999999995133,3.987248341679914,8.378743876,-1.719844214560638,-2.4914530954865777,0.6934062665246794,3.9914530954865777,Lawnmower Search,,,,
0.7777777777777777,3800.0,3.233136099,0.1117599999672836,0.0087999850366877,0.0044,10.999999999995133,3.987248341679914,8.378743876,-1.719844214560638,-2.4914530954865777,0.6934062665246794,3.9914530954865777,Lawnmower Search,,,,
0.7777777777777777,3800.0,3.233136099,0.1117599999672836,0.0087999850366877,0.0044,10.999999999995133,3.987248341679914,8.378743876,-1.719844214560638,-2.4914530954865777,0.6934062665246794,3.9914530954865777,Lawnmower Search,,,,
0.7777777777777777,3800.0,3.233136099,0.1117599850635767,0.008799999933013,0.0044,10.999999999994753,3.987248254188291,8.378743876,-1.719844012361201,-2.4914549703168043,0.6934060569369928,3.991454970316804,Lawnmower Search,,,,
0.7777777777777777,3800.0,3.233136099,0.1117599850635767,0.008799999933013,0.0044,10.999999999994753,3.987248254188291,8.378743876,-1.719844012361201,-2.4914549703168043,0.6934060569369928,3.991454970316804,Lawnmower Search,,,,
0.7777777777777777,3800.0,3.233136099,0.1117599850635767,0.008799999933013,0.0044,10.999999999994753,3.987248254188291,8.378743876,-1.719844012361201,-2.4914549703168043,0.6934060569369928,3.991454970316804,Lawnmower Search,,,,
0.7777777777777777,3800.0,3.233136099,0.1117599850661253,0.0087999999378549,0.0044,10.999999999995133,3.987248341563921,8.378743876,-1.7198440049003825,-2.491455009181906,0.6934060508596462,3.991455009181906,Lawnmower Search,,,,
0.7777777777777777,3800.0,3.233136099,0.1117599850661253,0.0087999999378549,0.0044,10.999999999995133,3.987248341563921,8.378743876,-1.7198440049003825,-2.491455009181906,0.6934060508596462,3.991455009181906,Lawnmower Search,,,,
0.7777777777777777,3800.0,3.233136099,0.1117599850661253,0.0087999999378549,0.0044,10.999999999995133,3.987248341563921,8.378743876,-1.7198440049003825,-2.491455009181906,0.6934060508596462,3.991455009181906,Lawnmower Search,,,,
0.7777777777777777,3800.0,3.233136099,0.1117599999825868,0.0087999999691555,0.0044,10.999999999997584,3.987247738765008,8.378743876,-1.719843541656339,-2.491456326450999,0.6934057333865583,3.991456326450999,Lawnmower Search,,,,
0.7777777777777777,3800.0,3.233136099,0.1117599999710798,0.008799999945615,0.0044,10.99999999999574,3.987248192116797,8.378743876,-1.719843506144803,-2.4914565141363854,0.693405704312603,3.991456514136386,Lawnmower Search,,,,
0.7777777777777777,3800.0,3.233136099,0.1117599999647379,0.008799999933013,0.0044,10.999999999994753,3.987248269089452,8.378743876,-1.7198435006816786,-2.4914565435311524,0.6934056998113726,3.991456543531152,Lawnmower Search,,,,
0.7777777777777777,3800.0,3.233136099,0.1117599999647379,0.008799999933013,0.0044,10.999999999994753,3.987248269089452,8.378743876,-1.7198435006816786,-2.4914565435311524,0.6934056998113726,3.991456543531152,Lawnmower Search,,,,
0.7777777777777777,3800.0,3.233136099,0.1117599999647379,0.008799999933013,0.0044,10.999999999994753,3.987248269089452,8.378743876,-1.7198435006816786,-2.4914565435311524,0.6934056998113726,3.991456543531152,Lawnmower Search,,,,
0.7777777777777777,3800.0,3.233136099,0.1117599999681096,0.0087999999395387,0.0044,10.999999999995264,3.987248309137583,8.378743876,-1.7198434969784364,-2.491456562582404,0.6934056968079289,3.991456562582404,Lawnmower Search,,,,
0.7777777777777777,3800.0,3.233136099,0.1117599999672836,0.0087999999378489,0.0044,10.99999998509397,3.987248341679914,8.378743876,-1.71984349534284,-2.4914565727272877,0.6934056953868623,3.9914565727272873,Lawnmower Search,,,,
0.7777777777777777,3800.0,3.233136099,0.1117599999672836,0.0087999999378489,0.0044,10.99999998509397,3.987248341679914,8.378743876,-1.71984349534284,-2.4914565727272877,0.6934056953868623,3.9914565727272873,Lawnmower Search,,,,
0.7777777777777777,3800.0,3.233136099,0.1117599999672836,0.0087999999378489,0.0044,10.99999998509397,3.987248341679914,8.378743876,-1.71984349534284,-2.4914565727272877,0.6934056953868623,3.9914565727272873,Lawnmower Search,,,,
0.7777777777777777,3800.0,3.233136099,0.1117599999673968,0.0087999999380805,0.0044,10.999999999995149,3.987248337220168,8.378743876,-1.719843494778696,-2.491456574208455,0.6934056950069607,3.991456574208455,Lawnmower Search,,,,
0.7777777777777777,3800.0,3.233136099,0.1117599999672893,0.0087999999378607,0.0044,10.999999999995133,3.987248341452472,8.378743876,-1.7198434944471757,-2.4914565759606058,0.6934056947355388,3.9914565759606058,Lawnmower Search,,,,
0.7777777777777777,3800.0,3.233136099,0.1117599999672836,0.0087999999378489,0.0044,10.999999999995133,3.987248341679914,8.378743876,-1.7198434944293597,-2.491456576054768,0.6934056947209523,3.991456576054768,Lawnmower Search,,,,
0.7777777777777777,3800.0,3.233136099,0.1117599999672836,0.0087999999378489,0.0044,10.999999999995133,3.987248341679914,8.378743876,-1.7198434944293597,-2.491456576054768,0.6934056947209523,3.991456576054768,Lawnmower Search,,,,
0.7777777777777777,3800.0,3.233136099,0.1117599999672836,0.0087999999378489,0.0044,10.999999999995133,3.987248341679914,8.378743876,-1.7198434944293597,-2.491456576054768,0.6934056947209523,3.991456576054768,Lawnmower Search,,,,
0.7777777777777777,3800.0,3.233136099,0.1117599999672836,0.0087999999378489,0.0044,10.999999999995133,3.987248341679914,8.378743876,-1.7198434944293597,-2.491456576054768,0.6934056947209523,3.991456576054768,Lawnmower Search,,,,
0.7777777777777777,3800.0,3.233136099,0.1117599999672865,0.0087999999378549,0.0044,10.999999999995133,3.9872483564650825,8.378743876,-1.7198434932208682,-2.491456582396265,0.69340569373403,3.991456582396265,Lawnmower Search,,,,
0.7777777777777777,3800.0,3.233136099,0.1117599999672865,0.0087999999378549,0.0044,10.999999999995133,3.9872483564650825,8.378743876,-1.7198434932208682,-2.491456582396265,0.69340569373403,3.991456582396265,Lawnmower Search,,,,
0.7777777777777777,3800.0,3.233136099,0.1117599999672865,0.0087999999378549,0.0044,10.999999999995133,3.9872483564650825,8.378743876,-1.7198434932208682,-2.491456582396265,0.69340569373403,3.991456582396265,Lawnmower Search,,,,
0.7777777777777777,3800.0,3.233136099,0.1117599999740465,0.008799999950696,0.0044,10.999999999996138,3.987248574112334,8.378743876,-1.7198434745846465,-2.4914566794323627,0.6934056785559705,3.9914566794323623,Lawnmower Search,,,,
0.7777777777777777,3800.0,3.233136099,0.11176,0.0087999999999983,0.0044,11.0,3.9872494660949744,8.378743876,-1.7198433984285548,-2.491457076154144,0.69340561652123,3.991457076154144,Lawnmower Search,,,,
0.4444444444444444,3800.0,3.233136099,0.1117594161922315,0.0087999999999327,0.0043999999999523,10.999999999994996,3.987540054892911,8.378743876,-1.776316611906796,-2.491506387053013,0.6934037988713043,3.991506387053013,Lawnmower Search,,,,
0.4444444444444444,3800.0,3.233136099,0.1117596975150025,0.008799999999886,0.0043999999999316,10.999999999994383,3.987540248366874,8.378743876,-1.7763169934866498,-2.4915360511138918,0.6933970624940068,3.9915360511138913,Lawnmower Search,,,,
0.4444444444444444,3800.0,3.233136099,0.1117597489173228,0.0087999999999414,0.0043999999999631,10.999999999994458,3.987540282644543,8.378743876,-1.776317063181906,-2.491541470813736,0.6933958317217509,3.991541470813736,Lawnmower Search,,,,
0.4444444444444444,3800.0,3.233136099,0.1117598517559433,0.0087999999999441,0.0043999850988053,10.99999999999429,3.987540353037983,8.378743876,-1.7763168325045542,-2.491546006486877,0.6933945336672855,3.991546006486877,Lawnmower Search,,,,
0.4444444444444444,3800.0,3.233136099,0.1117598517559433,0.0087999999999441,0.0043999850988053,10.99999999999429,3.987540353037983,8.378743876,-1.7763168325045542,-2.491546006486877,0.6933945336672855,3.991546006486877,Lawnmower Search,,,,
0.4444444444444444,3800.0,3.233136099,0.1117598517559433,0.0087999999999441,0.0043999850988053,10.99999999999429,3.987540353037983,8.378743876,-1.7763168325045542,-2.491546006486877,0.6933945336672855,3.991546006486877,Lawnmower Search,,,,
0.4444444444444444,3800.0,3.233136099,0.1117598514609796,0.0087999850987829,0.0043999999999664,10.99999999999429,3.987540352836079,8.378743876,-1.7763169218068424,-2.491548802818869,0.6933939481144227,3.9915488028188695,Lawnmower Search,,,,
0.4444444444444444,3800.0,3.233136099,0.1117598514609796,0.0087999850987829,0.0043999999999664,10.99999999999429,3.987540352836079,8.378743876,-1.7763169218068424,-2.491548802818869,0.6933939481144227,3.9915488028188695,Lawnmower Search,,,,
0.4444444444444444,3800.0,3.233136099,0.1117598514609796,0.0087999850987829,0.0043999999999664,10.99999999999429,3.987540352836079,8.378743876,-1.7763169218068424,-2.491548802818869,0.6933939481144227,3.9915488028188695,Lawnmower Search,,,,
0.4444444444444444,3800.0,3.233136099,0.1117598289443591,0.0087999999999435,0.0043999999999657,10.999999999994328,3.987540337423364,8.378743876,-1.7763171717488346,-2.491549909190119,0.6933939154800445,3.991549909190119,Lawnmower Search,,,,
0.4444444444444444,3800.0,3.233136099,0.11175984779618,0.008799999999944,0.0043999999999663,10.999999999994298,3.987540350327509,8.378743876,-1.7763171973252263,-2.491551897004554,0.693393464075493,3.991551897004554,Lawnmower Search,,,,
0.4444444444444444,3800.0,3.233136099,0.1117598514609796,0.0087999999999441,0.0043999999999664,10.99999998509313,3.987540352836079,8.378743876,-1.7763172021578495,-2.4915522801089547,0.6933933769882868,3.9915522801089542,Lawnmower Search,,,,
0.4444444444444444,3800.0,3.233136099,0.1117598514609796,0.0087999999999441,0.0043999999999664,10.99999998509313,3.987540352836079,8.378743876,-1.7763172021578495,-2.4915522801089547,0.6933933769882868,3.9915522801089542,Lawnmower Search,,,,
0.4444444444444444,3800.0,3.233136099,0.1117598514609796,0.0087999999999441,0.0043999999999664,10.99999998509313,3.987540352836079,8.378743876,-1.7763172021578495,-2.4915522801089547,0.6933933769882868,3.9915522801089542,Lawnmower Search,,,,
0.4444444444444444,3800.0,3.233136099,0.1117598514609796,0.0087999999999441,0.0043999999999664,10.99999999999429,3.987540352836079,8.378743876,-1.77631720229735,-2.491552283436345,0.6933933763223572,3.9915522834363455,Lawnmower Search,,,,
0.4444444444444444,3800.0,3.233136099,0.1117598514609796,0.0087999999999441,0.0043999999999664,10.99999999999429,3.987540352836079,8.378743876,-1.77631720229735,-2.491552283436345,0.6933933763223572,3.9915522834363455,Lawnmower Search,,,,
0.4444444444444444,3800.0,3.233136099,0.1117598514609796,0.0087999999999441,0.0043999999999664,10.99999999999429,3.987540352836079,8.378743876,-1.77631720229735,-2.491552283436345,0.6933933763223572,3.9915522834363455,Lawnmower Search,,,,
0.4444444444444444,3800.0,3.233136099,0.1117598514609796,0.0087999999999441,0.0043999999999664,10.99999999999429,3.987540352836079,8.378743876,-1.77631720229735,-2.491552283436345,0.6933933763223572,3.9915522834363455,Lawnmower Search,,,,
0.4444444444444444,3800.0,3.233136099,0.1117598517559433,0.0087999999999441,0.0043999999999664,10.99999999999429,3.987540367939144,8.378743876,-1.776317203271832,-2.491552320927386,0.6933933682650717,3.991552320927386,Lawnmower Search,,,,
0.4444444444444444,3800.0,3.233136099,0.1117598517559433,0.0087999999999441,0.0043999999999664,10.99999999999429,3.987540367939144,8.378743876,-1.776317203271832,-2.491552320927386,0.6933933682650717,3.991552320927386,Lawnmower Search,,,,
0.4444444444444444,3800.0,3.233136099,0.1117598517559433,0.0087999999999441,0.0043999999999664,10.99999999999429,3.987540367939144,8.378743876,-1.776317203271832,-2.491552320927386,0.6933933682650717,3.991552320927386,Lawnmower Search,,,,
0.4444444444444444,3800.0,3.233136099,0.1117598666571045,0.0087999999999441,0.0043999999999664,10.99999999999429,3.987540353037983,8.378743876,-1.7763172225214054,-2.491553881406096,0.6933930131340588,3.991553881406096,Lawnmower Search,,,,
0.4444444444444444,3800.0,3.233136099,0.1117598666571045,0.0087999999999441,0.0043999999999664,10.99999999999429,3.987540353037983,8.378743876,-1.7763172225214054,-2.491553881406096,0.6933930131340588,3.991553881406096,Lawnmower Search,,,,
0.4444444444444444,3800.0,3.233136099,0.1117598666571045,0.0087999999999441,0.0043999999999664,10.99999999999429,3.987540353037983,8.378743876,-1.7763172225214054,-2.491553881406096,0.6933930131340588,3.991553881406096,Lawnmower Search,,,,
0.4444444444444444,3800.0,3.233136099,0.1117599999852552,0.0088,0.0043999850988388,10.999999999994198,3.987540454125907,8.378743876,-1.7763170336032643,-2.491561636263638,0.6933909843630072,3.991561636263638,Lawnmower Search,,,,
0.4444444444444444,3800.0,3.233136099,0.1117599999852552,0.0088,0.0043999850988388,10.999999999994198,3.987540454125907,8.378743876,-1.7763170336032643,-2.491561636263638,0.6933909843630072,3.991561636263638,Lawnmower Search,,,,
0.4444444444444444,3800.0,3.233136099,0.1117599999852552,0.0088,0.0043999850988388,10.999999999994198,3.987540454125907,8.378743876,-1.7763170336032643,-2.491561636263638,0.6933909843630072,3.991561636263638,Lawnmower Search,,,,
0.4444444444444444,3800.0,3.233136099,0.1117599999852576,0.0087999850988388,0.0043999999999999,10.9999999999942,3.987540453629477,8.378743876,-1.7763171232927406,-2.49156446349797,0.693390391782996,3.99156446349797,Lawnmower Search,,,,
0.4444444444444444,3800.0,3.233136099,0.1117599999852576,0.0087999850988388,0.0043999999999999,10.9999999999942,3.987540453629477,8.378743876,-1.7763171232927406,-2.49156446349797,0.693390391782996,3.99156446349797,Lawnmower Search,,,,
0.4444444444444444,3800.0,3.233136099,0.1117599999852576,0.0087999850988388,0.0043999999999999,10.9999999999942,3.987540453629477,8.378743876,-1.7763171232927406,-2.49156446349797,0.693390391782996,3.99156446349797,Lawnmower Search,,,,
0.4444444444444444,3800.0,3.233136099,0.111759985084094,0.0088,0.0044,10.999999999994198,3.987540454125907,8.378743876,-1.7763173839820394,-2.49156637747004,0.6933901760842851,3.99156637747004,Lawnmower Search,,,,
0.4444444444444444,3800.0,3.233136099,0.111759985084094,0.0088,0.0044,10.999999999994198,3.987540454125907,8.378743876,-1.7763173839820394,-2.49156637747004,0.6933901760842851,3.99156637747004,Lawnmower Search,,,,
0.4444444444444444,3800.0,3.233136099,0.111759985084094,0.0088,0.0044,10.999999999994198,3.987540454125907,8.378743876,-1.7763173839820394,-2.49156637747004,0.6933901760842851,3.99156637747004,Lawnmower Search,,,,
0.4444444444444444,3800.0,3.233136099,0.1117599999999994,0.0088,0.0043999999999947,11.0,3.9875373946345753,8.378743876,-1.7763172859119225,-2.4915666341365235,0.6933900237807159,3.991566634136524,Lawnmower Search,,,,
0.4444444444444444,3800.0,3.233136099,0.1117599999887899,0.0088,0.0043999999999987,10.99999999999559,3.987539720673153,8.378743876,-1.776317375545587,-2.491567630245609,0.693389868822693,3.991567630245609,Lawnmower Search,,,,
0.4444444444444444,3800.0,3.233136099,0.1117599999860898,0.0088,0.0043999999999997,10.999999999994529,3.987540280956853,8.378743876,-1.776317397136023,-2.491567870182902,0.6933898314972271,3.991567870182902,Lawnmower Search,,,,
0.4444444444444444,3800.0,3.233136099,0.1117599999854403,0.0088,0.0043999999999999,10.999999999994271,3.987540415715076,8.378743876,-1.776317402328906,-2.4915679278920924,0.6933898225197866,3.991567927892093,Lawnmower Search,,,,
0.4444444444444444,3800.0,3.233136099,0.1117599999852576,0.0088,0.0043999999999999,10.99999998509304,3.987540453629477,8.378743876,-1.7763174036504226,-2.491567940801245,0.693389820659898,3.991567940801245,Lawnmower Search,,,,
0.4444444444444444,3800.0,3.233136099,0.1117599999852576,0.0088,0.0043999999999999,10.99999998509304,3.987540453629477,8.378743876,-1.7763174036504226,-2.491567940801245,0.693389820659898,3.991567940801245,Lawnmower Search,,,,
0.4444444444444444,3800.0,3.233136099,0.1117599999852576,0.0088,0.0043999999999999,10.99999998509304,3.987540453629477,8.378743876,-1.7763174036504226,-2.491567940801245,0.693389820659898,3.991567940801245,Lawnmower Search,,,,
0.4444444444444444,3800.0,3.233136099,0.1117599999852874,0.0088,0.0043999999999999,10.99999999999421,3.987540447459128,8.378743876,-1.7763174035521572,-2.4915679414862466,0.6933898204050329,3.991567941486247,Lawnmower Search,,,,
0.4444444444444444,3800.0,3.233136099,0.1117599999852576,0.0088,0.0043999999999999,10.9999999999942,3.987540453629477,8.378743876,-1.77631740378993,-2.491567944128647,0.6933898199939721,3.991567944128647,Lawnmower Search,,,,
0.4444444444444444,3800.0,3.233136099,0.1117599999852576,0.0088,0.0043999999999999,10.9999999999942,3.987540453629477,8.378743876,-1.77631740378993,-2.491567944128647,0.6933898199939721,3.991567944128647,Lawnmower Search,,,,
0.4444444444444444,3800.0,3.233136099,0.1117599999852576,0.0088,0.0043999999999999,10.9999999999942,3.987540453629477,8.378743876,-1.77631740378993,-2.491567944128647,0.6933898199939721,3.991567944128647,Lawnmower Search,,,,
0.4444444444444444,3800.0,3.233136099,0.1117599999852576,0.0088,0.0043999999999999,10.9999999999942,3.987540453629477,8.378743876,-1.77631740378993,-2.491567944128647,0.6933898199939721,3.991567944128647,Lawnmower Search,,,,
0.4444444444444444,3800.0,3.233136099,0.1117599999852552,0.0088,0.0044,10.999999999994198,3.987540469027069,8.378743876,-1.776317404383368,-2.491567950730095,0.6933898189664863,3.991567950730095,Lawnmower Search,,,,
0.4444444444444444,3800.0,3.233136099,0.1117599999852552,0.0088,0.0044,10.999999999994198,3.987540469027069,8.378743876,-1.776317404383368,-2.491567950730095,0.6933898189664863,3.991567950730095,Lawnmower Search,,,,
0.4444444444444444,3800.0,3.233136099,0.1117599999852552,0.0088,0.0044,10.999999999994198,3.987540469027069,8.378743876,-1.776317404383368,-2.491567950730095,0.6933898189664863,3.991567950730095,Lawnmower Search,,,,
0.5555555555555556,3800.0,3.233136099,0.1117599974503972,0.0088,0.0044,10.99989589887295,3.9871918890408,8.378743876,-1.7574187629269225,-2.4918769713464077,0.6932922077925984,3.9918769713464073,Lawnmower Search,,,,
0.6666666666666666,3800.0,3.233136099,0.1117584880011267,0.0088,0.0044,11.0,3.9868904262932574,8.378743876,-1.7385034563790691,-2.4919296732518976,0.6932610321191522,3.9919296732518976,Lawnmower Search,,,,
0.6666666666666666,3800.0,3.233136099,0.1117596498012872,0.0087999999999999,0.0043999999999999,10.999999999999986,3.986890426679126,8.378743876,-1.7384774509118788,-2.492051851315511,0.6932332717390635,3.992051851315511,Lawnmower Search,,,,
0.6666666666666666,3800.0,3.233136099,0.111759678204898,0.0087999926773762,0.0043999999979133,10.999994417719687,3.986890502820426,8.378743876,-1.738477212501507,-2.4920519126370664,0.6932331184666871,3.9920519126370655,Lawnmower Search,,,,
0.6666666666666666,3800.0,3.233136099,0.111759887881651,0.0087999982938972,0.0043999999995137,10.999998699380937,3.986890453281247,8.378743876,-1.7384722143087366,-2.4920762109006485,0.6932277049761458,3.992076210900649,Lawnmower Search,,,,
0.6666666666666666,3800.0,3.233136099,0.1117599515712073,0.0088,0.0043999850988386,11.0,3.986890438233664,8.378743876,-1.738471603372699,-2.492077282832554,0.6932272247484326,3.992077282832554,Lawnmower Search,,,,
0.6666666666666666,3800.0,3.233136099,0.1117599515712073,0.0088,0.0043999850988386,11.0,3.986890438233664,8.378743876,-1.738471603372699,-2.492077282832554,0.6932272247484326,3.992077282832554,Lawnmower Search,,,,
0.6666666666666666,3800.0,3.233136099,0.1117599515712073,0.0088,0.0043999850988386,11.0,3.986890438233664,8.378743876,-1.738471603372699,-2.492077282832554,0.6932272247484326,3.992077282832554,Lawnmower Search,,,,
0.6666666666666666,3800.0,3.233136099,0.1117599515741206,0.0087999999999999,0.0043999850988387,10.999999999999986,3.986890438232975,8.378743876,-1.73847160330752,-2.492077283138644,0.6932272246788678,3.992077283138644,Lawnmower Search,,,,
0.6666666666666666,3800.0,3.233136099,0.1117599515741206,0.0087999999999999,0.0043999850988387,10.999999999999986,3.986890438232975,8.378743876,-1.73847160330752,-2.492077283138644,0.6932272246788678,3.992077283138644,Lawnmower Search,,,,
0.6666666666666666,3800.0,3.233136099,0.1117599515741206,0.0087999999999999,0.0043999850988387,10.999999999999986,3.986890438232975,8.378743876,-1.73847160330752,-2.492077283138644,0.6932272246788678,3.992077283138644,Lawnmower Search,,,,
0.6666666666666666,3800.0,3.233136099,0.1117599031210817,0.0087999999999999,0.0043999999999999,10.999999999999991,3.9868904496806254,8.378743876,-1.738471780056392,-2.492078501272322,0.6932272175001748,3.992078501272322,Lawnmower Search,,,,
0.6666666666666666,3800.0,3.233136099,0.1117599515712074,0.0087999850987607,0.0043999999999998,10.999999999940496,3.986890438233664,8.378743876,-1.7384710823932634,-2.492080110389632,0.693226632289932,3.992080110389632,Lawnmower Search,,,,
0.6666666666666666,3800.0,3.233136099,0.1117599515712074,0.0087999850987607,0.0043999999999998,10.999999999940496,3.986890438233664,8.378743876,-1.7384710823932634,-2.492080110389632,0.693226632289932,3.992080110389632,Lawnmower Search,,,,
0.6666666666666666,3800.0,3.233136099,0.1117599515712074,0.0087999850987607,0.0043999999999998,10.999999999940496,3.986890438233664,8.378743876,-1.7384710823932634,-2.492080110389632,0.693226632289932,3.992080110389632,Lawnmower Search,,,,
0.6666666666666666,3800.0,3.233136099,0.1117599335378971,0.0087999999999999,0.0043999999999998,10.99999999999998,3.986890426773364,8.378743876,-1.7384711002162092,-2.492081690204734,0.6932264922675527,3.992081690204734,Lawnmower Search,,,,
0.6666666666666666,3800.0,3.233136099,0.1117599394034836,0.0087999996739903,0.004399999999907,10.99999975147198,3.9868904411084647,8.378743876,-1.7384709861665997,-2.492082181493107,0.6932263747795653,3.992082181493107,Lawnmower Search,,,,
0.6666666666666666,3800.0,3.233136099,0.1117599504070508,0.0087999999687381,0.004399999999991,10.999999976168075,3.986890438508712,8.378743876,-1.7384707238718842,-2.492083456639091,0.6932260906886083,3.992083456639091,Lawnmower Search,,,,
0.6666666666666666,3800.0,3.233136099,0.1117599515158115,0.008799999998438,0.0043999999999994,10.999999998809296,3.986890438246752,8.378743876,-1.7384706974420998,-2.492083585127598,0.6932260620625458,3.992083585127598,Lawnmower Search,,,,
0.6666666666666666,3800.0,3.233136099,0.1117599515712074,0.0087999999999219,0.0043999999999998,10.999999985039336,3.986890438233664,8.378743876,-1.738470696683634,-2.492083588218924,0.6932260612980307,3.992083588218924,Lawnmower Search,,,,
0.6666666666666666,3800.0,3.233136099,0.1117599515712074,0.0087999999999219,0.0043999999999998,10.999999985039336,3.986890438233664,8.378743876,-1.738470696683634,-2.492083588218924,0.6932260612980307,3.992083588218924,Lawnmower Search,,,,
0.6666666666666666,3800.0,3.233136099,0.1117599515712074,0.0087999999999219,0.0043999999999998,10.999999985039336,3.986890438233664,8.378743876,-1.738470696683634,-2.492083588218924,0.6932260612980307,3.992083588218924,Lawnmower Search,,,,
0.6666666666666666,3800.0,3.233136099,0.1117599515712074,0.0087999999999219,0.0043999999999998,10.999999999940496,3.986890438233664,8.378743876,-1.7384706961216163,-2.492083591547137,0.6932260606323316,3.9920835915471375,Lawnmower Search,,,,
0.6666666666666666,3800.0,3.233136099,0.1117599515712074,0.0087999999999219,0.0043999999999998,10.999999999940496,3.986890438233664,8.378743876,-1.7384706961216163,-2.492083591547137,0.6932260606323316,3.9920835915471375,Lawnmower Search,,,,
0.6666666666666666,3800.0,3.233136099,0.1117599515712074,0.0087999999999219,0.0043999999999998,10.999999999940496,3.986890438233664,8.378743876,-1.7384706961216163,-2.492083591547137,0.6932260606323316,3.9920835915471375,Lawnmower Search,,,,
0.6666666666666666,3800.0,3.233136099,0.1117599515712074,0.0087999999999219,0.0043999999999998,10.999999999940496,3.986890438233664,8.378743876,-1.7384706961216163,-2.492083591547137,0.6932260606323316,3.9920835915471375,Lawnmower Search,,,,
0.6666666666666666,3800.0,3.233136099,0.1117599515712073,0.0088,0.0043999999999998,11.0,3.9868904531348246,8.378743876,-1.7384706954980258,-2.4920835979701987,0.6932260596326709,3.992083597970199,Lawnmower Search,,,,
0.6666666666666666,3800.0,3.233136099,0.1117599515712073,0.0088,0.0043999999999998,11.0,3.9868904531348246,8.378743876,-1.7384706954980258,-2.4920835979701987,0.6932260596326709,3.992083597970199,Lawnmower Search,,,,
0.6666666666666666,3800.0,3.233136099,0.1117599515712073,0.0088,0.0043999999999998,11.0,3.9868904531348246,8.378743876,-1.7384706954980258,-2.4920835979701987,0.6932260596326709,3.992083597970199,Lawnmower Search,,,,
0.6666666666666666,3800.0,3.233136099,0.1117599515741206,0.0087999999999999,0.0043999999999999,10.999999999999986,3.986890453134136,8.378743876,-1.7384706954328468,-2.492083598276289,0.6932260595631061,3.992083598276289,Lawnmower Search,,,,
0.6666666666666666,3800.0,3.233136099,0.1117599515741206,0.0087999999999999,0.0043999999999999,10.999999999999986,3.986890453134136,8.378743876,-1.7384706954328468,-2.492083598276289,0.6932260595631061,3.992083598276289,Lawnmower Search,,,,
0.6666666666666666,3800.0,3.233136099,0.1117599515741206,0.0087999999999999,0.0043999999999999,10.999999999999986,3.986890453134136,8.378743876,-1.7384706954328468,-2.492083598276289,0.6932260595631061,3.992083598276289,Lawnmower Search,,,,
0.6666666666666666,3800.0,3.233136099,0.1117599664723685,0.0088,0.0043999999999998,11.0,3.986890438233664,8.378743876,-1.7384703625992204,-2.4920851586474635,0.6932257045881138,3.992085158647464,Lawnmower Search,,,,
0.6666666666666666,3800.0,3.233136099,0.1117599664723685,0.0088,0.0043999999999998,11.0,3.986890438233664,8.378743876,-1.7384703625992204,-2.4920851586474635,0.6932257045881138,3.992085158647464,Lawnmower Search,,,,
0.6666666666666666,3800.0,3.233136099,0.1117599664723685,0.0088,0.0043999999999998,11.0,3.986890438233664,8.378743876,-1.7384703625992204,-2.4920851586474635,0.6932257045881138,3.992085158647464,Lawnmower Search,,,,
0.6666666666666666,3800.0,3.233136099,0.1117599664752818,0.0087999999999999,0.0043999999999999,10.999999999999986,3.986890438232975,8.378743876,-1.738470362534042,-2.4920851589535524,0.6932257045185495,3.992085158953552,Lawnmower Search,,,,
0.6666666666666666,3800.0,3.233136099,0.1117599664752818,0.0087999999999999,0.0043999999999999,10.999999999999986,3.986890438232975,8.378743876,-1.738470362534042,-2.4920851589535524,0.6932257045185495,3.992085158953552,Lawnmower Search,,,,
0.6666666666666666,3800.0,3.233136099,0.1117599664752818,0.0087999999999999,0.0043999999999999,10.999999999999986,3.986890438232975,8.378743876,-1.738470362534042,-2.4920851589535524,0.6932257045185495,3.992085158953552,Lawnmower Search,,,,
0.6666666666666666,3800.0,3.233136099,0.1117599999843799,0.0087999850988388,0.0043999999999998,10.99999999999998,3.986890426795432,8.378743876,-1.7384699992789765,-2.492085196845076,0.6932254762945594,3.992085196845076,Lawnmower Search,,,,
0.6666666666666666,3800.0,3.233136099,0.1117599999843799,0.0087999850988388,0.0043999999999998,10.99999999999998,3.986890426795432,8.378743876,-1.7384699992789765,-2.492085196845076,0.6932254762945594,3.992085196845076,Lawnmower Search,,,,
0.6666666666666666,3800.0,3.233136099,0.1117599999843799,0.0087999850988388,0.0043999999999998,10.99999999999998,3.986890426795432,8.378743876,-1.7384699992789765,-2.492085196845076,0.6932254762945594,3.992085196845076,Lawnmower Search,,,,
0.6666666666666666,3800.0,3.233136099,0.1117599850988388,0.0087999999999999,0.0043999999999998,10.99999999999998,3.9868904267954375,8.378743876,-1.7384699461771425,-2.492087112579823,0.6932252603027862,3.992087112579823,Lawnmower Search,,,,
0.6666666666666666,3800.0,3.233136099,0.1117599850988388,0.0087999999999999,0.0043999999999998,10.99999999999998,3.9868904267954375,8.378743876,-1.7384699461771425,-2.492087112579823,0.6932252603027862,3.992087112579823,Lawnmower Search,,,,
0.6666666666666666,3800.0,3.233136099,0.1117599850988388,0.0087999999999999,0.0043999999999998,10.99999999999998,3.9868904267954375,8.378743876,-1.7384699461771425,-2.492087112579823,0.6932252603027862,3.992087112579823,Lawnmower Search,,,,
0.6666666666666666,3800.0,3.233136099,0.1117599937040025,0.0087999999999999,0.0043999999999998,10.99999999999998,3.986890426793346,8.378743876,-1.7384697535767657,-2.492088017534636,0.6932250546970579,3.992088017534636,Lawnmower Search,,,,
0.6666666666666666,3800.0,3.233136099,0.1117599996864014,0.0087999999999999,0.0043999999999998,10.99999999999998,3.986890426795333,8.378743876,-1.738469619678933,-2.4920886466701373,0.6932249117576441,3.992088646670137,Lawnmower Search,,,,
0.6666666666666666,3800.0,3.233136099,0.1117599999843799,0.0087999999999999,0.0043999999999998,10.99999998509882,3.986890426795432,8.378743876,-1.738469613571607,-2.492088674678657,0.6932249053036453,3.992088674678657,Lawnmower Search,,,,
0.6666666666666666,3800.0,3.233136099,0.1117599999843799,0.0087999999999999,0.0043999999999998,10.99999998509882,3.986890426795432,8.378743876,-1.738469613571607,-2.492088674678657,0.6932249053036453,3.992088674678657,Lawnmower Search,,,,
0.6666666666666666,3800.0,3.233136099,0.1117599999843799,0.0087999999999999,0.0043999999999998,10.99999998509882,3.986890426795432,8.378743876,-1.738469613571607,-2.492088674678657,0.6932249053036453,3.992088674678657,Lawnmower Search,,,,
0.6666666666666666,3800.0,3.233136099,0.1117599999843799,0.0087999999999999,0.0043999999999998,10.99999999999998,3.986890426795432,8.378743876,-1.7384696130095914,-2.4920886780068745,0.6932249046379474,3.9920886780068745,Lawnmower Search,,,,
0.6666666666666666,3800.0,3.233136099,0.1117599999843799,0.0087999999999999,0.0043999999999998,10.99999999999998,3.986890426795432,8.378743876,-1.7384696130095914,-2.4920886780068745,0.6932249046379474,3.9920886780068745,Lawnmower Search,,,,
0.6666666666666666,3800.0,3.233136099,0.1117599999843799,0.0087999999999999,0.0043999999999998,10.99999999999998,3.986890426795432,8.378743876,-1.7384696130095914,-2.4920886780068745,0.6932249046379474,3.9920886780068745,Lawnmower Search,,,,
0.6666666666666666,3800.0,3.233136099,0.1117599999843799,0.0087999999999999,0.0043999999999998,10.99999999999998,3.986890426795432,8.378743876,-1.7384696130095914,-2.4920886780068745,0.6932249046379474,3.9920886780068745,Lawnmower Search,,,,
0.6666666666666666,3800.0,3.233136099,0.11176,0.0087999999999999,0.0043999999999998,10.99999999999998,3.986890441696599,8.378743876,-1.7384696120406615,-2.492088686041112,0.6932249032707222,3.992088686041112,Lawnmower Search,,,,
0.6666666666666666,3800.0,3.233136099,0.11176,0.0087999999999999,0.0043999999999998,10.99999999999998,3.986890441696599,8.378743876,-1.7384696120406615,-2.492088686041112,0.6932249032707222,3.992088686041112,Lawnmower Search,,,,
0.6666666666666666,3800.0,3.233136099,0.11176,0.0087999999999999,0.0043999999999998,10.99999999999998,3.986890441696599,8.378743876,-1.7384696120406615,-2.492088686041112,0.6932249032707222,3.992088686041112,Lawnmower Search,,,,
0.6666666666666666,3800.0,3.233136099,0.1117599999958497,0.0088,0.0043998395842668,10.999997901681766,3.986890587336283,8.378743876,-1.738399956304637,-2.492318525928003,0.6931598605603658,3.992318525928003,Lawnmower Search,,,,
0.5555555555555556,3800.0,3.233136099,0.11176,0.0088,0.0044,11.0,3.987180258281839,8.378743876,-1.757341464065184,-2.492418785329725,0.6931519724991461,3.992418785329725,Lawnmower Search,,,,
0.5555555555555556,3800.0,3.233136099,0.11176,0.0087999999999997,0.0043999999999998,10.999999999999265,3.987193508703608,8.378743876,-1.7573414445312348,-2.4924244685527333,0.6931510886307443,3.992424468552733,Lawnmower Search,,,,
0.4444444444444444,3800.0,3.233136099,0.1117599999994537,0.0088,0.0043999850988388,10.99999998545539,3.987536521326168,8.378743876,-1.7762909877795972,-2.4926789701470398,0.6930997640492685,3.9926789701470393,Lawnmower Search,,,,
0.4444444444444444,3800.0,3.233136099,0.1117599999994537,0.0088,0.0043999850988388,10.99999998545539,3.987536521326168,8.378743876,-1.7762909877795972,-2.4926789701470398,0.6930997640492685,3.9926789701470393,Lawnmower Search,,,,
0.4444444444444444,3800.0,3.233136099,0.1117599999994537,0.0088,0.0043999850988388,10.99999998545539,3.987536521326168,8.378743876,-1.7762909877795972,-2.4926789701470398,0.6930997640492685,3.9926789701470393,Lawnmower Search,,,,
0.4444444444444444,3800.0,3.233136099,0.1117599999994537,0.0087999850988388,0.0044,10.999999985455386,3.987536521326168,8.378743876,-1.7762910779602508,-2.4926817983840865,0.6930991716851332,3.992681798384087,Lawnmower Search,,,,
0.4444444444444444,3800.0,3.233136099,0.1117599999994537,0.0087999850988388,0.0044,10.999999985455386,3.987536521326168,8.378743876,-1.7762910779602508,-2.4926817983840865,0.6930991716851332,3.992681798384087,Lawnmower Search,,,,
0.4444444444444444,3800.0,3.233136099,0.1117599999994537,0.0087999850988388,0.0044,10.999999985455386,3.987536521326168,8.378743876,-1.7762910779602508,-2.4926817983840865,0.6930991716851332,3.992681798384087,Lawnmower Search,,,,
0.4444444444444444,3800.0,3.233136099,0.1117599850982925,0.0088,0.0044,10.99999998545539,3.987536521326168,8.378743876,-1.776291338866245,-2.492683712679772,0.6930989561100467,3.992683712679772,Lawnmower Search,,,,
0.4444444444444444,3800.0,3.233136099,0.1117599850982925,0.0088,0.0044,10.99999998545539,3.987536521326168,8.378743876,-1.776291338866245,-2.492683712679772,0.6930989561100467,3.992683712679772,Lawnmower Search,,,,
0.4444444444444444,3800.0,3.233136099,0.1117599850982925,0.0088,0.0044,10.99999998545539,3.987536521326168,8.378743876,-1.776291338866245,-2.492683712679772,0.6930989561100467,3.992683712679772,Lawnmower Search,,,,
0.4444444444444444,3800.0,3.233136099,0.1117599999994537,0.0088,0.0044,10.999999970554224,3.987536521326168,8.378743876,-1.776291358827515,-2.4926852766612053,0.6930986008018816,3.992685276661205,Lawnmower Search,,,,
0.4444444444444444,3800.0,3.233136099,0.1117599999994537,0.0088,0.0044,10.999999970554224,3.987536521326168,8.378743876,-1.776291358827515,-2.4926852766612053,0.6930986008018816,3.992685276661205,Lawnmower Search,,,,
0.4444444444444444,3800.0,3.233136099,0.1117599999994537,0.0088,0.0044,10.999999970554224,3.987536521326168,8.378743876,-1.776291358827515,-2.4926852766612053,0.6930986008018816,3.992685276661205,Lawnmower Search,,,,
0.4444444444444444,3800.0,3.233136099,0.1117599999997388,0.0088,0.0044,10.999999970668922,3.987536521325622,8.378743876,-1.7762913588289568,-2.492685276716579,0.6930986007899833,3.992685276716579,Lawnmower Search,,,,
0.4444444444444444,3800.0,3.233136099,0.1117599999994678,0.0088,0.0044,10.999999984726198,3.987536521326141,8.378743876,-1.7762913589607296,-2.492685279828135,0.6930986001684752,3.992685279828135,Lawnmower Search,,,,
0.4444444444444444,3800.0,3.233136099,0.1117599999994544,0.0088,0.0044,10.999999985419429,3.987536521326166,8.378743876,-1.776291358967228,-2.492685279981583,0.6930986001378252,3.992685279981583,Lawnmower Search,,,,
0.4444444444444444,3800.0,3.233136099,0.1117599999994538,0.0088,0.0044,10.999999985453616,3.987536521326168,8.378743876,-1.7762913589675482,-2.492685279989148,0.6930986001363142,3.992685279989148,Lawnmower Search,,,,
0.4444444444444444,3800.0,3.233136099,0.1117599999994537,0.0088,0.0044,10.999999985455302,3.987536521326168,8.378743876,-1.7762913589675644,-2.492685279989523,0.6930986001362395,3.992685279989523,Lawnmower Search,,,,
0.4444444444444444,3800.0,3.233136099,0.1117599999994537,0.0088,0.0044,10.999999985455386,3.987536521326168,8.378743876,-1.7762913589675646,-2.4926852799895403,0.6930986001362356,3.99268527998954,Lawnmower Search,,,,
0.4444444444444444,3800.0,3.233136099,0.1117599999994537,0.0088,0.0044,10.999999985455386,3.987536521326168,8.378743876,-1.7762913589675646,-2.4926852799895403,0.6930986001362356,3.99268527998954,Lawnmower Search,,,,
0.4444444444444444,3800.0,3.233136099,0.1117599999994537,0.0088,0.0044,10.999999985455386,3.987536521326168,8.378743876,-1.7762913589675646,-2.4926852799895403,0.6930986001362356,3.99268527998954,Lawnmower Search,,,,
0.4444444444444444,3800.0,3.233136099,0.1117599999994537,0.0088,0.0044,10.999999985455386,3.987536521326168,8.378743876,-1.7762913589675646,-2.4926852799895403,0.6930986001362356,3.99268527998954,Lawnmower Search,,,,
0.4444444444444444,3800.0,3.233136099,0.1117599999994537,0.0088,0.0044,10.99999998545539,3.9875365362273287,8.378743876,-1.776291359542789,-2.492685286380198,0.6930985991422403,3.992685286380198,Lawnmower Search,,,,
0.4444444444444444,3800.0,3.233136099,0.1117599999994537,0.0088,0.0044,10.99999998545539,3.9875365362273287,8.378743876,-1.776291359542789,-2.492685286380198,0.6930985991422403,3.992685286380198,Lawnmower Search,,,,
0.4444444444444444,3800.0,3.233136099,0.1117599999994537,0.0088,0.0044,10.99999998545539,3.9875365362273287,8.378743876,-1.776291359542789,-2.492685286380198,0.6930985991422403,3.992685286380198,Lawnmower Search,,,,
0.4444444444444444,3800.0,3.233136099,0.1117585763201479,0.0087999999996855,0.0043980119113185,10.99999999999254,3.987539732485713,8.378743876,-1.7762147048994,-2.492794665181844,0.693001361969413,3.9927946651818433,Lawnmower Search,,,,
0.4444444444444444,3800.0,3.233136099,0.1117586201727906,0.0087999999998534,0.0043980807217896,10.999999999992191,3.9875397542738944,8.378743876,-1.7762164805492642,-2.4928284318009872,0.6929949379367437,3.9928284318009872,Lawnmower Search,,,,
0.4444444444444444,3800.0,3.233136099,0.111758632495308,0.0087999850987394,0.0043981000574139,10.999999999992092,3.987539760396336,8.378743876,-1.7762166983412593,-2.492834437713208,0.6929937044013106,3.992834437713208,Lawnmower Search,,,,
0.4444444444444444,3800.0,3.233136099,0.111758632495308,0.0087999850987394,0.0043981000574139,10.999999999992092,3.987539760396336,8.378743876,-1.7762166983412593,-2.492834437713208,0.6929937044013106,3.992834437713208,Lawnmower Search,,,,
0.4444444444444444,3800.0,3.233136099,0.111758632495308,0.0087999850987394,0.0043981000574139,10.999999999992092,3.987539760396336,8.378743876,-1.7762166983412593,-2.492834437713208,0.6929937044013106,3.992834437713208,Lawnmower Search,,,,
0.4444444444444444,3800.0,3.233136099,0.1117586304930276,0.008799999999893,0.004398096915577,10.99999999999211,3.987539759401504,8.378743876,-1.776216898447471,-2.4928363784131995,0.6929934261261682,3.9928363784132,Lawnmower Search,,,,
0.4444444444444444,3800.0,3.233136099,0.111758632495308,0.0087999999999006,0.0043981000574139,10.999999985090932,3.987539760396336,8.378743876,-1.7762169793866054,-2.4928379168466037,0.6929931334785554,3.9928379168466033,Lawnmower Search,,,,
0.4444444444444444,3800.0,3.233136099,0.111758632495308,0.0087999999999006,0.0043981000574139,10.999999985090932,3.987539760396336,8.378743876,-1.7762169793866054,-2.4928379168466037,0.6929931334785554,3.9928379168466033,Lawnmower Search,,,,
0.4444444444444444,3800.0,3.233136099,0.111758632495308,0.0087999999999006,0.0043981000574139,10.999999985090932,3.987539760396336,8.378743876,-1.7762169793866054,-2.4928379168466037,0.6929931334785554,3.9928379168466033,Lawnmower Search,,,,
0.4444444444444444,3800.0,3.233136099,0.111758632495308,0.0087999999999006,0.0043981000574139,10.999999999992092,3.987539760396336,8.378743876,-1.776216979526792,-2.4928379201752566,0.6929931328129602,3.9928379201752566,Lawnmower Search,,,,
0.4444444444444444,3800.0,3.233136099,0.111758632495308,0.0087999999999006,0.0043981000574139,10.999999999992092,3.987539760396336,8.378743876,-1.776216979526792,-2.4928379201752566,0.6929931328129602,3.9928379201752566,Lawnmower Search,,,,
0.4444444444444444,3800.0,3.233136099,0.111758632495308,0.0087999999999006,0.0043981000574139,10.999999999992092,3.987539760396336,8.378743876,-1.776216979526792,-2.4928379201752566,0.6929931328129602,3.9928379201752566,Lawnmower Search,,,,
0.4444444444444444,3800.0,3.233136099,0.111758632495308,0.0087999999999006,0.0043981000574139,10.999999999992092,3.987539760396336,8.378743876,-1.776216979526792,-2.4928379201752566,0.6929931328129602,3.9928379201752566,Lawnmower Search,,,,
0.4444444444444444,3800.0,3.233136099,0.1117586326555966,0.0087999999999013,0.0043981003089276,10.999999999992092,3.9875397753771367,8.378743876,-1.7762169865928024,-2.492838049988479,0.6929931083385223,3.992838049988479,Lawnmower Search,,,,
0.4444444444444444,3800.0,3.233136099,0.1117586326555966,0.0087999999999013,0.0043981003089276,10.999999999992092,3.9875397753771367,8.378743876,-1.7762169865928024,-2.492838049988479,0.6929931083385223,3.992838049988479,Lawnmower Search,,,,
0.4444444444444444,3800.0,3.233136099,0.1117586326555966,0.0087999999999013,0.0043981003089276,10.999999999992092,3.9875397753771367,8.378743876,-1.7762169865928024,-2.492838049988479,0.6929931083385223,3.992838049988479,Lawnmower Search,,,,
0.4444444444444444,3800.0,3.233136099,0.1117586475567578,0.0087999999999013,0.0043981003089276,10.999999999992092,3.987539760475976,8.378743876,-1.7762170061932017,-2.492839610971902,0.6929927534122481,3.992839610971902,Lawnmower Search,,,,
0.4444444444444444,3800.0,3.233136099,0.1117586475567578,0.0087999999999013,0.0043981003089276,10.999999999992092,3.987539760475976,8.378743876,-1.7762170061932017,-2.492839610971902,0.6929927534122481,3.992839610971902,Lawnmower Search,,,,
0.4444444444444444,3800.0,3.233136099,0.1117586475567578,0.0087999999999013,0.0043981003089276,10.999999999992092,3.987539760475976,8.378743876,-1.7762170061932017,-2.492839610971902,0.6929927534122481,3.992839610971902,Lawnmower Search,,,,
0.4444444444444444,3800.0,3.233136099,0.1117586326555966,0.0087999999999013,0.0043981152100888,10.999999999992092,3.987539760475976,8.378743876,-1.7762173575240725,-2.4928443549822155,0.6929919453463615,3.992844354982216,Lawnmower Search,,,,
0.4444444444444444,3800.0,3.233136099,0.1117586326555966,0.0087999999999013,0.0043981152100888,10.999999999992092,3.987539760475976,8.378743876,-1.7762173575240725,-2.4928443549822155,0.6929919453463615,3.992844354982216,Lawnmower Search,,,,
0.4444444444444444,3800.0,3.233136099,0.1117586326555966,0.0087999999999013,0.0043981152100888,10.999999999992092,3.987539760475976,8.378743876,-1.7762173575240725,-2.4928443549822155,0.6929919453463615,3.992844354982216,Lawnmower Search,,,,
0.5555555555555556,3800.0,3.233136099,0.1117492127206543,0.0087999999999998,0.0043985480954694,10.999947890218074,3.987204941637069,8.378743876,-1.7571508179900268,-2.4929536411857125,0.6929287022580455,3.992953641185713,Lawnmower Search,,,,
0.4444444444444444,3800.0,3.233136099,0.1117504180763531,0.0087999999963909,0.0043999999978341,11.0,3.987533951146904,8.378743876,-1.7762394494750098,-2.493366115090732,0.6928877240002734,3.993366115090732,Lawnmower Search,,,,
0.4444444444444444,3800.0,3.233136099,0.11176,0.0087999385720113,0.0043999998255446,11.0,3.987533532338173,8.378743876,-1.7762682888787151,-2.493618732675609,0.692854090778394,3.993618732675609,Lawnmower Search,,,,
0.5555555555555556,3800.0,3.233136099,0.1117556907970622,0.0088,0.0044,11.0,3.987193073728544,8.378743876,-1.7571234034078214,-2.4937910296885044,0.692780264538903,3.993791029688504,Lawnmower Search,,,,
0.7777777777777777,3800.0,3.233136099,0.1117599999720201,0.0087968823137354,0.004399999999616,10.999668580136936,3.9872485134025655,8.378743876,-1.7187918023124211,-2.493803189749958,0.6927201239446604,3.993803189749959,Lawnmower Search,,,,
0.4444444444444444,3800.0,3.233136099,0.1117576875934982,0.008799999999129,0.0043999999994773,10.9999999999956,3.987538884392359,8.378743876,-1.7762495806876497,-2.4941330877176875,0.6927137991802425,3.994133087717688,Lawnmower Search,,,,
0.5555555555555556,3800.0,3.233136099,0.1117589745951823,0.0088,0.0043999999126595,10.99999999998782,3.98719509754982,8.378743876,-1.7570889603067052,-2.494137370393348,0.6927017285711257,3.9941373703933474,Lawnmower Search,,,,
0.5555555555555556,3800.0,3.233136099,0.1117592610812464,0.0088,0.0043999999441368,10.99999999999221,3.987195272629248,8.378743876,-1.7570859556198033,-2.4941676028203585,0.6926948744870991,3.994167602820359,Lawnmower Search,,,,
0.5555555555555556,3800.0,3.233136099,0.1117596374181103,0.0088,0.0043999999039492,10.999999999986606,3.987195505712524,8.378743876,-1.7570820102453977,-2.49420728407846,0.6926858770403199,3.99420728407846,Lawnmower Search,,,,
0.5555555555555556,3800.0,3.233136099,0.1117597485750067,0.0088,0.004399984990918,10.999999999984952,3.987195574557264,8.378743876,-1.757081111318303,-2.4942126924122534,0.6926843827458478,3.994212692412253,Lawnmower Search,,,,
0.5555555555555556,3800.0,3.233136099,0.1117597485750067,0.0088,0.004399984990918,10.999999999984952,3.987195574557264,8.378743876,-1.757081111318303,-2.4942126924122534,0.6926843827458478,3.994212692412253,Lawnmower Search,,,,
0.5555555555555556,3800.0,3.233136099,0.1117597485750067,0.0088,0.004399984990918,10.999999999984952,3.987195574557264,8.378743876,-1.757081111318303,-2.4942126924122534,0.6926843827458478,3.994212692412253,Lawnmower Search,,,,
0.5555555555555556,3800.0,3.233136099,0.1117597486437983,0.0087999850988388,0.0043999998920719,10.99999999998495,3.987195574599869,8.378743876,-1.7570808960115136,-2.4942155288693946,0.6926837890973483,3.9942155288693946,Lawnmower Search,,,,
0.5555555555555556,3800.0,3.233136099,0.1117597486437983,0.0087999850988388,0.0043999998920719,10.99999999998495,3.987195574599869,8.378743876,-1.7570808960115136,-2.4942155288693946,0.6926837890973483,3.9942155288693946,Lawnmower Search,,,,
0.5555555555555556,3800.0,3.233136099,0.1117597486437983,0.0087999850988388,0.0043999998920719,10.99999999998495,3.987195574599869,8.378743876,-1.7570808960115136,-2.4942155288693946,0.6926837890973483,3.9942155288693946,Lawnmower Search,,,,
0.5555555555555556,3800.0,3.233136099,0.1117597261151926,0.0088,0.0043999998944776,10.999999999985286,3.987195560646835,8.378743876,-1.7570810804149597,-2.4942166364073977,0.6926837564952437,3.9942166364073977,Lawnmower Search,,,,
0.5555555555555556,3800.0,3.233136099,0.1117597457408306,0.0088,0.0043999998923819,10.999999999984992,3.987195572801924,8.378743876,-1.7570808746770883,-2.4942187057606646,0.6926832872920633,3.9942187057606646,Lawnmower Search,,,,
0.4444444444444444,3800.0,3.233136099,0.1117589643272105,0.0087999999999209,0.0043999999999377,10.999999999995726,3.9875397455895287,8.378743876,-1.7762513684898225,-2.494267797897002,0.6926832589880494,3.994267797897002,Lawnmower Search,,,,
0.4444444444444444,3800.0,3.233136099,0.1117594332753672,0.0087999999997865,0.0043999999998719,10.999999999994545,3.987540069048365,8.378743876,-1.776252026067285,-2.4943172809743577,0.6926720414637164,3.9943172809743577,Lawnmower Search,,,,
0.4444444444444444,3800.0,3.233136099,0.1117596422298874,0.0087999999999386,0.0043999999999596,10.99999999999463,3.9875402096165744,8.378743876,-1.7762523190532162,-2.494339328410728,0.6926670434378219,3.994339328410728,Lawnmower Search,,,,
0.4444444444444444,3800.0,3.233136099,0.1117598514609796,0.0087999999999441,0.0043999850988052,10.99999999999429,3.987540352836079,8.378743876,-1.7762522399257457,-2.494355093607882,0.6926632018689537,3.994355093607882,Lawnmower Search,,,,
0.4444444444444444,3800.0,3.233136099,0.1117598514609796,0.0087999999999441,0.0043999850988052,10.99999999999429,3.987540352836079,8.378743876,-1.7762522399257457,-2.494355093607882,0.6926632018689537,3.994355093607882,Lawnmower Search,,,,
0.4444444444444444,3800.0,3.233136099,0.1117598514609796,0.0087999999999441,0.0043999850988052,10.99999999999429,3.987540352836079,8.378743876,-1.7762522399257457,-2.494355093607882,0.6926632018689537,3.994355093607882,Lawnmower Search,,,,
0.4444444444444444,3800.0,3.233136099,0.1117598052790338,0.0087999999999429,0.0043999999999649,10.999999999994364,3.987540321224356,8.378743876,-1.7762525477915982,-2.4943565330561617,0.6926631433444755,3.9943565330561617,Lawnmower Search,,,,
0.4444444444444444,3800.0,3.233136099,0.1117598517559433,0.0087999850987829,0.0043999999999664,10.99999999999429,3.987540353037983,8.378743876,-1.7762523312287937,-2.4943579541559604,0.6926626028228352,3.99435795415596,Lawnmower Search,,,,
0.4444444444444444,3800.0,3.233136099,0.1117598517559433,0.0087999850987829,0.0043999999999664,10.99999999999429,3.987540353037983,8.378743876,-1.7762523312287937,-2.4943579541559604,0.6926626028228352,3.99435795415596,Lawnmower Search,,,,
0.4444444444444444,3800.0,3.233136099,0.1117598517559433,0.0087999850987829,0.0043999999999664,10.99999999999429,3.987540353037983,8.378743876,-1.7762523312287937,-2.4943579541559604,0.6926626028228352,3.99435795415596,Lawnmower Search,,,,
0.4444444444444444,3800.0,3.233136099,0.1117598436882195,0.0087999999999439,0.0043999999999662,10.999999999994303,3.987540347515594,8.378743876,-1.7762526016812197,-2.494360585929809,0.69266222461069,3.994360585929809,Lawnmower Search,,,,
0.4444444444444444,3800.0,3.233136099,0.1117598511549766,0.0087999999999441,0.0043999999999664,10.999999999994293,3.987540352626618,8.378743876,-1.7762526121576503,-2.494361373809968,0.6926620460087458,3.994361373809968,Lawnmower Search,,,,
0.4444444444444444,3800.0,3.233136099,0.1117598514609796,0.0087999999999441,0.0043999999999664,10.99999999999429,3.98754036773724,8.378743876,-1.7762526131635836,-2.494361412492232,0.6926620376959047,3.994361412492232,Lawnmower Search,,,,
0.4444444444444444,3800.0,3.233136099,0.1117598514609796,0.0087999999999441,0.0043999999999664,10.99999999999429,3.98754036773724,8.378743876,-1.7762526131635836,-2.494361412492232,0.6926620376959047,3.994361412492232,Lawnmower Search,,,,
0.4444444444444444,3800.0,3.233136099,0.1117598514609796,0.0087999999999441,0.0043999999999664,10.99999999999429,3.98754036773724,8.378743876,-1.7762526131635836,-2.494361412492232,0.6926620376959047,3.994361412492232,Lawnmower Search,,,,
0.4444444444444444,3800.0,3.233136099,0.1117598517559433,0.0087999999999441,0.0043999999999664,10.99999998509313,3.987540353037983,8.378743876,-1.7762526128599954,-2.4943614338932747,0.6926620322990849,3.9943614338932742,Lawnmower Search,,,,
0.4444444444444444,3800.0,3.233136099,0.1117598517559433,0.0087999999999441,0.0043999999999664,10.99999998509313,3.987540353037983,8.378743876,-1.7762526128599954,-2.4943614338932747,0.6926620322990849,3.9943614338932742,Lawnmower Search,,,,
0.4444444444444444,3800.0,3.233136099,0.1117598517559433,0.0087999999999441,0.0043999999999664,10.99999998509313,3.987540353037983,8.378743876,-1.7762526128599954,-2.4943614338932747,0.6926620322990849,3.9943614338932742,Lawnmower Search,,,,
0.4444444444444444,3800.0,3.233136099,0.1117598517559433,0.0087999999999441,0.0043999999999664,10.99999999999429,3.987540353037983,8.378743876,-1.7762526130008562,-2.494361437223005,0.692662031633858,3.994361437223005,Lawnmower Search,,,,
0.4444444444444444,3800.0,3.233136099,0.1117598517559433,0.0087999999999441,0.0043999999999664,10.99999999999429,3.987540353037983,8.378743876,-1.7762526130008562,-2.494361437223005,0.692662031633858,3.994361437223005,Lawnmower Search,,,,
0.4444444444444444,3800.0,3.233136099,0.1117598517559433,0.0087999999999441,0.0043999999999664,10.99999999999429,3.987540353037983,8.378743876,-1.7762526130008562,-2.494361437223005,0.692662031633858,3.994361437223005,Lawnmower Search,,,,
0.4444444444444444,3800.0,3.233136099,0.1117598517559433,0.0087999999999441,0.0043999999999664,10.99999999999429,3.987540353037983,8.378743876,-1.7762526130008562,-2.494361437223005,0.692662031633858,3.994361437223005,Lawnmower Search,,,,
0.4444444444444444,3800.0,3.233136099,0.1117598663621407,0.0087999999999441,0.0043999999999664,10.99999999999429,3.987540352836079,8.378743876,-1.776252633100041,-2.494362974069149,0.692661682939452,3.9943629740691495,Lawnmower Search,,,,
0.4444444444444444,3800.0,3.233136099,0.1117598663621407,0.0087999999999441,0.0043999999999664,10.99999999999429,3.987540352836079,8.378743876,-1.776252633100041,-2.494362974069149,0.692661682939452,3.9943629740691495,Lawnmower Search,,,,
0.4444444444444444,3800.0,3.233136099,0.1117598663621407,0.0087999999999441,0.0043999999999664,10.99999999999429,3.987540352836079,8.378743876,-1.776252633100041,-2.494362974069149,0.692661682939452,3.9943629740691495,Lawnmower Search,,,,
0.4444444444444444,3800.0,3.233136099,0.1117599999852576,0.0088,0.0043999850988388,10.9999999999942,3.987540453629477,8.378743876,-1.7762524482902406,-2.4943707652956686,0.6926596492858151,3.9943707652956686,Lawnmower Search,,,,
0.4444444444444444,3800.0,3.233136099,0.1117599999852576,0.0088,0.0043999850988388,10.9999999999942,3.987540453629477,8.378743876,-1.7762524482902406,-2.4943707652956686,0.6926596492858151,3.9943707652956686,Lawnmower Search,,,,
0.4444444444444444,3800.0,3.233136099,0.1117599999852576,0.0088,0.0043999850988388,10.9999999999942,3.987540453629477,8.378743876,-1.7762524482902406,-2.4943707652956686,0.6926596492858151,3.9943707652956686,Lawnmower Search,,,,
0.4444444444444444,3800.0,3.233136099,0.1117599999852552,0.0087999850988388,0.0044,10.999999999994198,3.987540454125907,8.378743876,-1.776252539204806,-2.494373594945198,0.6926590572647381,3.994373594945198,Lawnmower Search,,,,
0.4444444444444444,3800.0,3.233136099,0.1117599999852552,0.0087999850988388,0.0044,10.999999999994198,3.987540454125907,8.378743876,-1.776252539204806,-2.494373594945198,0.6926590572647381,3.994373594945198,Lawnmower Search,,,,
0.4444444444444444,3800.0,3.233136099,0.1117599999852552,0.0087999850988388,0.0044,10.999999999994198,3.987540454125907,8.378743876,-1.776252539204806,-2.494373594945198,0.6926590572647381,3.994373594945198,Lawnmower Search,,,,
0.4444444444444444,3800.0,3.233136099,0.1117599850840964,0.0088,0.0043999999999999,10.9999999999942,3.987540453629477,8.378743876,-1.7762528004481306,-2.4943755098387723,0.6926588418596031,3.994375509838772,Lawnmower Search,,,,
0.4444444444444444,3800.0,3.233136099,0.1117599850840964,0.0088,0.0043999999999999,10.9999999999942,3.987540453629477,8.378743876,-1.7762528004481306,-2.4943755098387723,0.6926588418596031,3.994375509838772,Lawnmower Search,,,,
0.4444444444444444,3800.0,3.233136099,0.1117599850840964,0.0088,0.0043999999999999,10.9999999999942,3.987540453629477,8.378743876,-1.7762528004481306,-2.4943755098387723,0.6926588418596031,3.994375509838772,Lawnmower Search,,,,
0.4444444444444444,3800.0,3.233136099,0.1117599999924568,0.0088,0.0043999999999974,10.999999999997032,3.987538959764481,8.378743876,-1.7762527631692706,-2.4943764376259088,0.6926585855264554,3.9943764376259088,Lawnmower Search,,,,
0.4444444444444444,3800.0,3.233136099,0.1117599999869555,0.0088,0.0043999999999993,10.999999999994868,3.987540101305425,8.378743876,-1.7762528073335306,-2.494376926826384,0.6926585095585044,3.994376926826384,Lawnmower Search,,,,
0.4444444444444444,3800.0,3.233136099,0.1117599999856324,0.0088,0.0043999999999998,10.999999999994348,3.987540375866382,8.378743876,-1.7762528179558132,-2.494377044487796,0.692658491286855,3.994377044487796,Lawnmower Search,,,,
0.4444444444444444,3800.0,3.233136099,0.1117599999853207,0.0088,0.0043999999999999,10.999999999994223,3.987540440542786,8.378743876,-1.7762528204580297,-2.494377072204468,0.6926584869827306,3.9943770722044674,Lawnmower Search,,,,
0.4444444444444444,3800.0,3.233136099,0.1117599999852552,0.0088,0.0044,10.999999985093035,3.987540454125907,8.378743876,-1.7762528208426682,-2.4943770746956857,0.6926584867440164,3.9943770746956857,Lawnmower Search,,,,
0.4444444444444444,3800.0,3.233136099,0.1117599999852552,0.0088,0.0044,10.999999985093035,3.987540454125907,8.378743876,-1.7762528208426682,-2.4943770746956857,0.6926584867440164,3.9943770746956857,Lawnmower Search,,,,
0.4444444444444444,3800.0,3.233136099,0.1117599999852552,0.0088,0.0044,10.999999985093035,3.987540454125907,8.378743876,-1.7762528208426682,-2.4943770746956857,0.6926584867440164,3.9943770746956857,Lawnmower Search,,,,
0.4444444444444444,3800.0,3.233136099,0.1117599999852601,0.0088,0.0043999999999999,10.9999999999942,3.987540453114464,8.378743876,-1.7762528209444053,-2.4943770775919814,0.6926584861461029,3.994377077591981,Lawnmower Search,,,,
0.4444444444444444,3800.0,3.233136099,0.1117599999852552,0.0088,0.0044,10.999999999994198,3.987540454125907,8.378743876,-1.776252820983536,-2.4943770780254284,0.6926584860787929,3.994377078025429,Lawnmower Search,,,,
0.4444444444444444,3800.0,3.233136099,0.1117599999852552,0.0088,0.0044,10.999999999994198,3.987540454125907,8.378743876,-1.776252820983536,-2.4943770780254284,0.6926584860787929,3.994377078025429,Lawnmower Search,,,,
0.4444444444444444,3800.0,3.233136099,0.1117599999852552,0.0088,0.0044,10.999999999994198,3.987540454125907,8.378743876,-1.776252820983536,-2.4943770780254284,0.6926584860787929,3.994377078025429,Lawnmower Search,,,,
0.4444444444444444,3800.0,3.233136099,0.1117599999852552,0.0088,0.0044,10.999999999994198,3.987540454125907,8.378743876,-1.776252820983536,-2.4943770780254284,0.6926584860787929,3.994377078025429,Lawnmower Search,,,,
0.4444444444444444,3800.0,3.233136099,0.1117599999852576,0.0088,0.0043999999999999,10.9999999999942,3.9875404685306384,8.378743876,-1.7762528215409283,-2.494377084206039,0.6926584851184645,3.994377084206039,Lawnmower Search,,,,
0.4444444444444444,3800.0,3.233136099,0.1117599999852576,0.0088,0.0043999999999999,10.9999999999942,3.9875404685306384,8.378743876,-1.7762528215409283,-2.494377084206039,0.6926584851184645,3.994377084206039,Lawnmower Search,,,,
0.4444444444444444,3800.0,3.233136099,0.1117599999852576,0.0088,0.0043999999999999,10.9999999999942,3.9875404685306384,8.378743876,-1.7762528215409283,-2.494377084206039,0.6926584851184645,3.994377084206039,Lawnmower Search,,,,
0.6666666666666666,3800.0,3.233136099,0.111759996372842,0.0088,0.0043999994383684,10.998180280918158,3.98689059079656,8.378743876,-1.7377303053849134,-2.494715608831147,0.6925166348140122,3.994715608831147,Lawnmower Search,,,,
0.6666666666666666,3800.0,3.233136099,0.1117592969195493,0.0087999999999999,0.0043999999999999,10.99999999999999,3.986890426561924,8.378743876,-1.7377372895859908,-2.494823907799588,0.6925105989532657,3.994823907799588,Lawnmower Search,,,,
0.6666666666666666,3800.0,3.233136099,0.111759824092211,0.0087999965851969,0.0043999999990268,10.999997396781724,3.9868904683524287,8.378743876,-1.737725701966387,-2.494878023491807,0.6924982604350935,3.994878023491807,Lawnmower Search,,,,
0.6666666666666666,3800.0,3.233136099,0.1117598190885887,0.0088,0.0044,11.0,3.986890469534377,8.378743876,-1.737725627455839,-2.4948788779964803,0.6924981326679397,3.99487887799648,Lawnmower Search,,,,
0.6666666666666666,3800.0,3.233136099,0.1117598665666005,0.0087999999999999,0.0043999999999998,10.999999999999982,3.986890426751121,8.378743876,-1.737724569040722,-2.494883856123502,0.6924970023011303,3.994883856123502,Lawnmower Search,,,,
0.6666666666666666,3800.0,3.233136099,0.1117599515712074,0.0087999999999219,0.0043999850988386,10.999999999940496,3.986890438233664,8.378743876,-1.7377235750065354,-2.4948864935601245,0.6924961355289726,3.994886493560125,Lawnmower Search,,,,
0.6666666666666666,3800.0,3.233136099,0.1117599515712074,0.0087999999999219,0.0043999850988386,10.999999999940496,3.986890438233664,8.378743876,-1.7377235750065354,-2.4948864935601245,0.6924961355289726,3.994886493560125,Lawnmower Search,,,,
0.6666666666666666,3800.0,3.233136099,0.1117599515712074,0.0087999999999219,0.0043999850988386,10.999999999940496,3.986890438233664,8.378743876,-1.7377235750065354,-2.4948864935601245,0.6924961355289726,3.994886493560125,Lawnmower Search,,,,
0.6666666666666666,3800.0,3.233136099,0.111759927214317,0.0087999993474844,0.0043999999998139,10.9999995025656,3.9868904439883326,8.378743876,-1.737723249644961,-2.494889982166817,0.6924956008199828,3.994889982166817,Lawnmower Search,,,,
0.6666666666666666,3800.0,3.233136099,0.1117599492382042,0.0087999999374288,0.004399999999982,10.999999952299882,3.986890438784869,8.378743876,-1.7377227259034398,-2.4948925361958127,0.6924950328050445,3.9948925361958127,Lawnmower Search,,,,
0.6666666666666666,3800.0,3.233136099,0.1117599514574137,0.0087999999968738,0.004399999999999,10.999999997616795,3.986890438260549,8.378743876,-1.737722673129341,-2.494892793549417,0.6924949755697607,3.994892793549417,Lawnmower Search,,,,
0.6666666666666666,3800.0,3.233136099,0.1117599515712073,0.0088,0.0043999999999998,10.99999998509884,3.986890438233664,8.378743876,-1.7377226709795282,-2.4948928034466364,0.6924949732942781,3.994892803446637,Lawnmower Search,,,,
0.6666666666666666,3800.0,3.233136099,0.1117599515712073,0.0088,0.0043999999999998,10.99999998509884,3.986890438233664,8.378743876,-1.7377226709795282,-2.4948928034466364,0.6924949732942781,3.994892803446637,Lawnmower Search,,,,
0.6666666666666666,3800.0,3.233136099,0.1117599515712073,0.0088,0.0043999999999998,10.99999998509884,3.986890438233664,8.378743876,-1.7377226709795282,-2.4948928034466364,0.6924949732942781,3.994892803446637,Lawnmower Search,,,,
0.6666666666666666,3800.0,3.233136099,0.1117599515741206,0.0087999999999999,0.0043999999999999,10.999999985098825,3.986890438232975,8.378743876,-1.7377226709145013,-2.4948928037529408,0.6924949732247868,3.9948928037529408,Lawnmower Search,,,,
0.6666666666666666,3800.0,3.233136099,0.1117599515741206,0.0087999999999999,0.0043999999999999,10.999999985098825,3.986890438232975,8.378743876,-1.7377226709145013,-2.4948928037529408,0.6924949732247868,3.9948928037529408,Lawnmower Search,,,,
0.6666666666666666,3800.0,3.233136099,0.1117599515741206,0.0087999999999999,0.0043999999999999,10.999999985098825,3.986890438232975,8.378743876,-1.7377226709145013,-2.4948928037529408,0.6924949732247868,3.9948928037529408,Lawnmower Search,,,,
0.6666666666666666,3800.0,3.233136099,0.1117599515682897,0.0087999999998438,0.0043999999999998,10.999999999880917,3.9868904382343526,8.378743876,-1.7377226704926438,-2.4948928064073077,0.692494972710174,3.9948928064073073,Lawnmower Search,,,,
0.6666666666666666,3800.0,3.233136099,0.1117599515712073,0.0088,0.0043999999999998,11.0,3.986890438233664,8.378743876,-1.737722670419008,-2.494892806777193,0.6924949726292811,3.994892806777193,Lawnmower Search,,,,
0.6666666666666666,3800.0,3.233136099,0.1117599515712073,0.0088,0.0043999999999998,11.0,3.986890438233664,8.378743876,-1.737722670419008,-2.494892806777193,0.6924949726292811,3.994892806777193,Lawnmower Search,,,,
0.6666666666666666,3800.0,3.233136099,0.1117599515712073,0.0088,0.0043999999999998,11.0,3.986890438233664,8.378743876,-1.737722670419008,-2.494892806777193,0.6924949726292811,3.994892806777193,Lawnmower Search,,,,
0.6666666666666666,3800.0,3.233136099,0.1117599515712073,0.0088,0.0043999999999998,11.0,3.986890438233664,8.378743876,-1.737722670419008,-2.494892806777193,0.6924949726292811,3.994892806777193,Lawnmower Search,,,,
,3800.0,3.233136099,0.1117599515712073,0.0088,0.0043999999999998,11.0,3.986890438233664,8.378743876,,,0.6924949726292811,3.994892806777193,NBI (also SQP) method,1.737722670419008,64.93854210774104,0.6666666666666666,0.0112041626935315
0.6666666666666666,3800.0,3.233136099,0.1117599515741206,0.0087999999999999,0.0043999999999999,10.999999999999986,3.986890438232975,8.378743876,-1.7377226703539812,-2.494892807083497,0.6924949725597898,3.9948928070834975,Lawnmower Search,,,,
0.6666666666666666,3800.0,3.233136099,0.1117599515741206,0.0087999999999999,0.0043999999999999,10.999999999999986,3.986890438232975,8.378743876,-1.7377226703539812,-2.494892807083497,0.6924949725597898,3.9948928070834975,Lawnmower Search,,,,
0.6666666666666666,3800.0,3.233136099,0.1117599515741206,0.0087999999999999,0.0043999999999999,10.999999999999986,3.986890438232975,8.378743876,-1.7377226703539812,-2.494892807083497,0.6924949725597898,3.9948928070834975,Lawnmower Search,,,,
0.6666666666666666,3800.0,3.233136099,0.1117599515741206,0.0087999999999999,0.0043999999999999,10.999999999999986,3.986890438232975,8.378743876,-1.7377226703539812,-2.494892807083497,0.6924949725597898,3.9948928070834975,Lawnmower Search,,,,
0.6666666666666666,3800.0,3.233136099,0.1117599515712074,0.0087999999999219,0.0043999999999998,10.999999999940496,3.9868904531348246,8.378743876,-1.7377226698063248,-2.494892813141709,0.6924949716419617,3.994892813141709,Lawnmower Search,,,,
0.6666666666666666,3800.0,3.233136099,0.1117599515712074,0.0087999999999219,0.0043999999999998,10.999999999940496,3.9868904531348246,8.378743876,-1.7377226698063248,-2.494892813141709,0.6924949716419617,3.994892813141709,Lawnmower Search,,,,
0.6666666666666666,3800.0,3.233136099,0.1117599515712074,0.0087999999999219,0.0043999999999998,10.999999999940496,3.9868904531348246,8.378743876,-1.7377226698063248,-2.494892813141709,0.6924949716419617,3.994892813141709,Lawnmower Search,,,,
0.6666666666666666,3800.0,3.233136099,0.1117599664723686,0.0087999999999219,0.0043999999999998,10.999999999940496,3.986890438233664,8.378743876,-1.7377223376829285,-2.4948943749172163,0.6924946169718409,3.994894374917216,Lawnmower Search,,,,
0.6666666666666666,3800.0,3.233136099,0.1117599664723686,0.0087999999999219,0.0043999999999998,10.999999999940496,3.986890438233664,8.378743876,-1.7377223376829285,-2.4948943749172163,0.6924946169718409,3.994894374917216,Lawnmower Search,,,,
0.6666666666666666,3800.0,3.233136099,0.1117599664723686,0.0087999999999219,0.0043999999999998,10.999999999940496,3.986890438233664,8.378743876,-1.7377223376829285,-2.4948943749172163,0.6924946169718409,3.994894374917216,Lawnmower Search,,,,
0.6666666666666666,3800.0,3.233136099,0.11176,0.0087999850988388,0.0043999999999998,10.99999999999998,3.9868904267954375,8.378743876,-1.7377219744031882,-2.4948944148170717,0.6924943885405829,3.9948944148170713,Lawnmower Search,,,,
0.6666666666666666,3800.0,3.233136099,0.11176,0.0087999850988388,0.0043999999999998,10.99999999999998,3.9868904267954375,8.378743876,-1.7377219744031882,-2.4948944148170717,0.6924943885405829,3.9948944148170713,Lawnmower Search,,,,
0.6666666666666666,3800.0,3.233136099,0.11176,0.0087999850988388,0.0043999999999998,10.99999999999998,3.9868904267954375,8.378743876,-1.7377219744031882,-2.4948944148170717,0.6924943885405829,3.9948944148170713,Lawnmower Search,,,,
0.6666666666666666,3800.0,3.233136099,0.1117599850832187,0.0087999999999999,0.0043999999999998,10.99999999999998,3.986890426795432,8.378743876,-1.737721922575806,-2.494896328612251,0.6924941735222429,3.994896328612251,Lawnmower Search,,,,
0.6666666666666666,3800.0,3.233136099,0.1117599850832187,0.0087999999999999,0.0043999999999998,10.99999999999998,3.986890426795432,8.378743876,-1.737721922575806,-2.494896328612251,0.6924941735222429,3.994896328612251,Lawnmower Search,,,,
0.6666666666666666,3800.0,3.233136099,0.1117599850832187,0.0087999999999999,0.0043999999999998,10.99999999999998,3.986890426795432,8.378743876,-1.737721922575806,-2.494896328612251,0.6924941735222429,3.994896328612251,Lawnmower Search,,,,
0.6666666666666666,3800.0,3.233136099,0.1117599873597688,0.0087999999999999,0.0043999999999998,10.99999999999998,3.98689042679124,8.378743876,-1.7377218717411318,-2.494896568190631,0.6924941191855555,3.994896568190631,Lawnmower Search,,,,
0.6666666666666666,3800.0,3.233136099,0.1117599993704002,0.0087999999999999,0.0043999999999998,10.99999999999998,3.986890426795228,8.378743876,-1.7377216035464635,-2.494897832170465,0.6924938325142158,3.994897832170465,Lawnmower Search,,,,
0.6666666666666666,3800.0,3.233136099,0.1117599999686401,0.0087999999999999,0.0043999999999998,10.99999999999998,3.9868904267954273,8.378743876,-1.7377215901879106,-2.4948978951282914,0.6924938182353508,3.9948978951282914,Lawnmower Search,,,,
0.6666666666666666,3800.0,3.233136099,0.11176,0.0087999999999999,0.0043999999999998,10.99999999999998,3.9868904267954375,8.378743876,-1.737721589487652,-2.4948978984285537,0.6924938174868497,3.9948978984285537,Lawnmower Search,,,,
0.6666666666666666,3800.0,3.233136099,0.11176,0.0087999999999999,0.0043999999999998,10.99999999999998,3.9868904267954375,8.378743876,-1.737721589487652,-2.4948978984285537,0.6924938174868497,3.9948978984285537,Lawnmower Search,,,,
0.6666666666666666,3800.0,3.233136099,0.11176,0.0087999999999999,0.0043999999999998,10.99999999999998,3.9868904267954375,8.378743876,-1.737721589487652,-2.4948978984285537,0.6924938174868497,3.9948978984285537,Lawnmower Search,,,,
0.6666666666666666,3800.0,3.233136099,0.11176,0.0087999999999999,0.0043999999999998,10.99999999999998,3.9868904267954375,8.378743876,-1.737721589487652,-2.4948978984285537,0.6924938174868497,3.9948978984285537,Lawnmower Search,,,,
0.6666666666666666,3800.0,3.233136099,0.1117599999843799,0.0087999999999999,0.0043999999999998,10.99999999999998,3.986890441696593,8.378743876,-1.7377215892195146,-2.49489790318078,0.6924938168667107,3.99489790318078,Lawnmower Search,,,,
0.6666666666666666,3800.0,3.233136099,0.1117599999843799,0.0087999999999999,0.0043999999999998,10.99999999999998,3.986890441696593,8.378743876,-1.7377215892195146,-2.49489790318078,0.6924938168667107,3.99489790318078,Lawnmower Search,,,,
0.6666666666666666,3800.0,3.233136099,0.1117599999843799,0.0087999999999999,0.0043999999999998,10.99999999999998,3.986890441696593,8.378743876,-1.7377215892195146,-2.49489790318078,0.6924938168667107,3.99489790318078,Lawnmower Search,,,,
0.4444444444444444,3800.0,3.233136099,0.111753857413959,0.0087999692921098,0.0043982505015045,10.999999999996142,3.987542950959211,8.378743876,-1.7761531437052855,-2.495051837320291,0.6924047598120503,3.995051837320291,Lawnmower Search,,,,
0.4444444444444444,3800.0,3.233136099,0.1117599999994537,0.0088,0.0043999850988388,10.999999985455386,3.987536521326168,8.378743876,-1.7762269452024904,-2.4954884918723512,0.692368838472832,3.9954884918723512,Lawnmower Search,,,,
0.4444444444444444,3800.0,3.233136099,0.1117599999994537,0.0088,0.0043999850988388,10.999999985455386,3.987536521326168,8.378743876,-1.7762269452024904,-2.4954884918723512,0.692368838472832,3.9954884918723512,Lawnmower Search,,,,
0.4444444444444444,3800.0,3.233136099,0.1117599999994537,0.0088,0.0043999850988388,10.999999985455386,3.987536521326168,8.378743876,-1.7762269452024904,-2.4954884918723512,0.692368838472832,3.9954884918723512,Lawnmower Search,,,,
0.4444444444444444,3800.0,3.233136099,0.1117599999994537,0.0087999850988388,0.0044,10.99999998545539,3.987536521326168,8.378743876,-1.7762270365695914,-2.495491322099542,0.6923682467333886,3.995491322099542,Lawnmower Search,,,,
0.4444444444444444,3800.0,3.233136099,0.1117599999994537,0.0087999850988388,0.0044,10.99999998545539,3.987536521326168,8.378743876,-1.7762270365695914,-2.495491322099542,0.6923682467333886,3.995491322099542,Lawnmower Search,,,,
0.4444444444444444,3800.0,3.233136099,0.1117599999994537,0.0087999850988388,0.0044,10.99999998545539,3.987536521326168,8.378743876,-1.7762270365695914,-2.495491322099542,0.6923682467333886,3.995491322099542,Lawnmower Search,,,,
0.4444444444444444,3800.0,3.233136099,0.1117599850982925,0.0088,0.0044,10.999999985455386,3.987536521326168,8.378743876,-1.776227298067859,-2.495493237742255,0.6923680313856426,3.995493237742255,Lawnmower Search,,,,
0.4444444444444444,3800.0,3.233136099,0.1117599850982925,0.0088,0.0044,10.999999985455386,3.987536521326168,8.378743876,-1.776227298067859,-2.495493237742255,0.6923680313856426,3.995493237742255,Lawnmower Search,,,,
0.4444444444444444,3800.0,3.233136099,0.1117599850982925,0.0088,0.0044,10.999999985455386,3.987536521326168,8.378743876,-1.776227298067859,-2.495493237742255,0.6923680313856426,3.995493237742255,Lawnmower Search,,,,
0.4444444444444444,3800.0,3.233136099,0.1117599999994537,0.0088,0.0044,10.999999970554228,3.987536521326168,8.378743876,-1.77622731871676,-2.495494802824214,0.6923676764521762,3.995494802824214,Lawnmower Search,,,,
0.4444444444444444,3800.0,3.233136099,0.1117599999994537,0.0088,0.0044,10.999999970554228,3.987536521326168,8.378743876,-1.77622731871676,-2.495494802824214,0.6923676764521762,3.995494802824214,Lawnmower Search,,,,
0.4444444444444444,3800.0,3.233136099,0.1117599999994537,0.0088,0.0044,10.999999970554228,3.987536521326168,8.378743876,-1.77622731871676,-2.495494802824214,0.6923676764521762,3.995494802824214,Lawnmower Search,,,,
0.4444444444444444,3800.0,3.233136099,0.1117599999994822,0.0088,0.0044,10.999999983976744,3.987536521326113,8.378743876,-1.776227318844176,-2.4954948058273625,0.6923676758525387,3.9954948058273625,Lawnmower Search,,,,
0.4444444444444444,3800.0,3.233136099,0.1117599999994551,0.0088,0.0044,10.99999998538247,3.987536521326165,8.378743876,-1.7762273188574806,-2.495494806138741,0.6923676757904528,3.995494806138741,Lawnmower Search,,,,
0.4444444444444444,3800.0,3.233136099,0.1117599999994538,0.0088,0.0044,10.999999985451794,3.987536521326168,8.378743876,-1.7762273188581368,-2.495494806154097,0.6923676757873909,3.995494806154097,Lawnmower Search,,,,
0.4444444444444444,3800.0,3.233136099,0.1117599999994537,0.0088,0.0044,10.999999985455212,3.987536521326168,8.378743876,-1.776227318858169,-2.495494806154852,0.6923676757872403,3.995494806154852,Lawnmower Search,,,,
0.4444444444444444,3800.0,3.233136099,0.1117599999994537,0.0088,0.0044,10.99999998545538,3.987536521326168,8.378743876,-1.776227318858171,-2.4954948061548903,0.6923676757872329,3.9954948061548894,Lawnmower Search,,,,
0.4444444444444444,3800.0,3.233136099,0.1117599999994537,0.0088,0.0044,10.99999998545539,3.987536521326168,8.378743876,-1.7762273188581703,-2.495494806154892,0.6923676757872324,3.995494806154892,Lawnmower Search,,,,
0.4444444444444444,3800.0,3.233136099,0.1117599999994537,0.0088,0.0044,10.99999998545539,3.987536521326168,8.378743876,-1.7762273188581703,-2.495494806154892,0.6923676757872324,3.995494806154892,Lawnmower Search,,,,
0.4444444444444444,3800.0,3.233136099,0.1117599999994537,0.0088,0.0044,10.99999998545539,3.987536521326168,8.378743876,-1.7762273188581703,-2.495494806154892,0.6923676757872324,3.995494806154892,Lawnmower Search,,,,
0.4444444444444444,3800.0,3.233136099,0.1117599999994537,0.0088,0.0044,10.99999998545539,3.987536521326168,8.378743876,-1.7762273188581703,-2.495494806154892,0.6923676757872324,3.995494806154892,Lawnmower Search,,,,
0.4444444444444444,3800.0,3.233136099,0.1117599999994537,0.0088,0.0044,10.999999985455386,3.9875365362273287,8.378743876,-1.7762273194356832,-2.4954948125500427,0.6923676747942854,3.9954948125500422,Lawnmower Search,,,,
0.4444444444444444,3800.0,3.233136099,0.1117599999994537,0.0088,0.0044,10.999999985455386,3.9875365362273287,8.378743876,-1.7762273194356832,-2.4954948125500427,0.6923676747942854,3.9954948125500422,Lawnmower Search,,,,
0.4444444444444444,3800.0,3.233136099,0.1117599999994537,0.0088,0.0044,10.999999985455386,3.9875365362273287,8.378743876,-1.7762273194356832,-2.4954948125500427,0.6923676747942854,3.9954948125500422,Lawnmower Search,,,,
0.4444444444444444,3800.0,3.233136099,0.1117585178277253,0.0087999999994614,0.0043979201291383,10.999999999993005,3.987539703423758,8.378743876,-1.7761484177562434,-2.4955588104981974,0.6922792004885552,3.995558810498197,Lawnmower Search,,,,
0.4444444444444444,3800.0,3.233136099,0.1117599995389583,0.0088,0.0043982113234492,10.99923461597901,3.9875347970035753,8.378743876,-1.7761519419991012,-2.495593650940874,0.6922741415290177,3.995593650940874,Lawnmower Search,,,,
0.4444444444444444,3800.0,3.233136099,0.1117586072120425,0.0087999999998038,0.0043980603846986,10.999999999992294,3.987539747834348,8.378743876,-1.7761520641968105,-2.4956276849056853,0.6922661200969088,3.995627684905685,Lawnmower Search,,,,
0.4444444444444444,3800.0,3.233136099,0.1117586282476581,0.0087999999998844,0.0043980933923017,10.999999999992127,3.987539758285892,8.378743876,-1.7761529224234642,-2.4956438937807053,0.6922630418322513,3.995643893780705,Lawnmower Search,,,,
0.4444444444444444,3800.0,3.233136099,0.1117586323288822,0.0087999999999,0.0043980997962703,10.999999999992092,3.987539760313648,8.378743876,-1.776153088935668,-2.495647038546693,0.6922624446055868,3.995647038546693,Lawnmower Search,,,,
0.4444444444444444,3800.0,3.233136099,0.111758632495308,0.0087999999999006,0.0043981000574139,10.999999999992092,3.987539775297497,8.378743876,-1.776153096303433,-2.495647173180189,0.6922624192588754,3.995647173180189,Lawnmower Search,,,,
0.4444444444444444,3800.0,3.233136099,0.111758632495308,0.0087999999999006,0.0043981000574139,10.999999999992092,3.987539775297497,8.378743876,-1.776153096303433,-2.495647173180189,0.6922624192588754,3.995647173180189,Lawnmower Search,,,,
0.4444444444444444,3800.0,3.233136099,0.111758632495308,0.0087999999999006,0.0043981000574139,10.999999999992092,3.987539775297497,8.378743876,-1.776153096303433,-2.495647173180189,0.6922624192588754,3.995647173180189,Lawnmower Search,,,,
0.4444444444444444,3800.0,3.233136099,0.1117586326555966,0.0087999999999013,0.0043981003089276,10.99999998509093,3.987539760475976,8.378743876,-1.7761531021239805,-2.4956472869638557,0.692262397460698,3.9956472869638553,Lawnmower Search,,,,
0.4444444444444444,3800.0,3.233136099,0.1117586326555966,0.0087999999999013,0.0043981003089276,10.99999998509093,3.987539760475976,8.378743876,-1.7761531021239805,-2.4956472869638557,0.692262397460698,3.9956472869638553,Lawnmower Search,,,,
0.4444444444444444,3800.0,3.233136099,0.1117586326555966,0.0087999999999013,0.0043981003089276,10.99999998509093,3.987539760475976,8.378743876,-1.7761531021239805,-2.4956472869638557,0.692262397460698,3.9956472869638553,Lawnmower Search,,,,
0.4444444444444444,3800.0,3.233136099,0.1117586326555966,0.0087999999999013,0.0043981003089276,10.999999999992092,3.987539760475976,8.378743876,-1.776153102265527,-2.495647290294849,0.6922623967958049,3.995647290294849,Lawnmower Search,,,,
0.4444444444444444,3800.0,3.233136099,0.1117586326555966,0.0087999999999013,0.0043981003089276,10.999999999992092,3.987539760475976,8.378743876,-1.776153102265527,-2.495647290294849,0.6922623967958049,3.995647290294849,Lawnmower Search,,,,
0.4444444444444444,3800.0,3.233136099,0.1117586326555966,0.0087999999999013,0.0043981003089276,10.999999999992092,3.987539760475976,8.378743876,-1.776153102265527,-2.495647290294849,0.6922623967958049,3.995647290294849,Lawnmower Search,,,,
0.4444444444444444,3800.0,3.233136099,0.1117586326555966,0.0087999999999013,0.0043981003089276,10.999999999992092,3.987539760475976,8.378743876,-1.776153102265527,-2.495647290294849,0.6922623967958049,3.995647290294849,Lawnmower Search,,,,
0.4444444444444444,3800.0,3.233136099,0.1117586473964692,0.0087999999999006,0.0043981000574139,10.999999999992092,3.987539760396336,8.378743876,-1.776153116590366,-2.4956487352618257,0.6922620647068343,3.9956487352618257,Lawnmower Search,,,,
0.4444444444444444,3800.0,3.233136099,0.1117586473964692,0.0087999999999006,0.0043981000574139,10.999999999992092,3.987539760396336,8.378743876,-1.776153116590366,-2.4956487352618257,0.6922620647068343,3.9956487352618257,Lawnmower Search,,,,
0.4444444444444444,3800.0,3.233136099,0.1117586473964692,0.0087999999999006,0.0043981000574139,10.999999999992092,3.987539760396336,8.378743876,-1.776153116590366,-2.4956487352618257,0.6922620647068343,3.9956487352618257,Lawnmower Search,,,,
0.4444444444444444,3800.0,3.233136099,0.111758632495308,0.0087999999999006,0.0043981149585751,10.999999999992092,3.987539760396336,8.378743876,-1.7761534697000652,-2.495653482609916,0.6922612574929351,3.995653482609916,Lawnmower Search,,,,
0.4444444444444444,3800.0,3.233136099,0.111758632495308,0.0087999999999006,0.0043981149585751,10.999999999992092,3.987539760396336,8.378743876,-1.7761534697000652,-2.495653482609916,0.6922612574929351,3.995653482609916,Lawnmower Search,,,,
0.4444444444444444,3800.0,3.233136099,0.111758632495308,0.0087999999999006,0.0043981149585751,10.999999999992092,3.987539760396336,8.378743876,-1.7761534697000652,-2.495653482609916,0.6922612574929351,3.995653482609916,Lawnmower Search,,,,
0.4444444444444444,3800.0,3.233136099,0.11176,0.0087999986360947,0.004399999996641,11.0,3.987539593748169,8.378743876,-1.7762060826732005,-2.4964453031564795,0.6921207933730912,3.99644530315648,Lawnmower Search,,,,
0.0,3800.0,3.0,0.1076889235349383,0.0076486540127776,0.0044522862884194,10.41066262169188,4.198446307817458,11.0,-0.3762952386349179,-2.5657062212660517,0.6756960785064627,4.065706221266051,Lawnmower Search,,,,
0.2222222222222222,2300.0,2.0,0.1078920815027442,0.0077007055721315,0.0043991721286878,10.834595409581803,4.002158168892754,10.0,-0.3715347801874271,-2.699911229109732,0.6426377595181866,4.199911229109732,Lawnmower Search,,,,
0.4444444444444444,2300.0,4.0,0.1204224321716937,0.0217777617619422,0.0083737882089607,9.228218151155383,4.151287212499126,8.0,-0.3329651869003479,-2.732139240828592,0.5874498280297541,4.232139240828592,Lawnmower Search,,,,
0.573684211,3800.0,3.233136099,0.106283035,0.014593032,0.006776003,10.04539352,3.990438536,8.378743876,-1.645348226,-2.757000809,0.577307302,4.257000809,Lawnmower Search,,,,
0.573684211,3800.0,3.233136099,0.106333883,0.01464095,0.006804331,10.0459722,3.990359188,8.378743876,-1.645498451,-2.775211965,0.574827514,4.275211965,Lawnmower Search,,,,
0.3333333333333333,3800.0,2.0,0.1044688854998789,0.0075980008074058,0.0038259061763958,10.7995134020774,3.794873972489702,11.0,-0.3537166025182479,-2.7982211055455,0.5650914014665044,4.2982211055455,Lawnmower Search,,,,
1.0,3800.0,3.233136099,0.106794732,0.015016968,0.006829577,10.011446,3.990146583,8.378743876,-1.364201311,-2.84050169,0.562325445,4.34050169,Lawnmower Search,,,,
0.1111111111111111,3800.0,2.0,0.1071299928328063,0.0086993403006457,0.0039943590922587,10.834595409581803,3.869572082279654,10.0,-0.4065548000593686,-2.887097426611384,0.5457098296761718,4.387097426611383,Lawnmower Search,,,,
1.0,3800.0,3.233136099,0.107076401,0.014869257,0.007003756,10.08181874,4.198452567,8.378743876,-1.320011518,-2.937680407,0.544110359,4.437680407,Lawnmower Search,,,,
0.5555555555555556,2300.0,4.0,0.122936,0.02178,0.01089,10.120195019028024,4.163600789365856,8.0,-0.3273966337891119,-3.2167343930099666,0.5146924398487175,4.716734393009967,Lawnmower Search,,,,
0.0,3600.0,2.0,0.1076510270236364,0.0076479499420462,0.0044260136289888,10.057178526520044,4.260822992704345,8.0,-0.5340310177754627,-3.510948783212113,0.4688177059038871,5.010948783212113,Lawnmower Search,,,,
0.1111111111111111,3600.0,2.0,0.1074980456410076,0.0087508791199742,0.0036899407492208,10.843068057859604,3.865799193701739,10.0,-0.5232031412196652,-3.7160562134687822,0.4489482306391972,5.216056213468782,Lawnmower Search,,,,
0.2222222222222222,2300.0,1.0,0.1047288125918001,0.0076212869795105,0.0039710186903532,10.834595409581803,3.813841099122069,10.0,-0.4742157764704018,-3.723752526116144,0.4111532234699423,5.223752526116144,Lawnmower Search,,,,
0.573684211,3800.0,3.233136099,0.111667116,0.019712705,0.009848629,10.10791744,3.981965415,8.378743876,-1.608644329,-3.767904801,0.407289851,5.267904801,Lawnmower Search,,,,
0.668421053,3800.0,3.233136099,0.111748077,0.019789269,0.009890856,10.01779066,3.98138697,8.378743876,-1.47091287,-3.774608612,0.406759174,5.274608612,Lawnmower Search,,,,
0.573684211,3800.0,3.233136099,0.11176,0.019799999,0.009899999,10.10896805,3.981820839,8.378743876,-1.610164358,-3.79023128,0.405209519,5.29023128,Lawnmower Search,,,,
0.668421053,3800.0,3.233136099,0.11176,0.019799999,0.0099,10.12529983,3.981425907,8.378743876,-1.470961201,-3.793717754,0.404976385,5.293717754,Lawnmower Search,,,,
0.952631579,3800.0,3.233136099,0.111712967,0.019756852,0.009869453,10.18550909,3.981400239,8.378743876,-1.052268875,-3.805073112,0.404873711,5.305073112,Lawnmower Search,,,,
1.0,3800.0,3.233136099,0.11176,0.018961083,0.0099,10.16363983,4.4,8.378743876,-0.955577949,-4.011797074,0.393890397,5.511797074,Lawnmower Search,,,,
0.857894737,3800.0,3.233136099,0.11176,0.0198,0.0099,11.0,3.980922967,8.378743876,-1.178294351,-4.079801327,0.38941394,5.579801327,Lawnmower Search,,,,
0.2222222222222222,2300.0,1.0,0.1013844726924787,0.0111813926342619,0.0041121200671392,10.071950290282256,3.852219274968336,11.0,-0.514800412770366,-4.08670026767601,0.3611642372653203,5.58670026767601,Lawnmower Search,,,,
0.1111111111111111,2300.0,1.0,0.1074608712536651,0.0076486540127776,0.0043759403305729,10.057178526520044,4.007596705217208,9.0,-0.5859643428767621,-4.1779225907616375,0.3608372255933982,5.6779225907616375,Lawnmower Search,,,,
0.0,3600.0,2.0,0.10792400331656,0.0191666073649753,0.0036769491562957,10.009933970111613,4.2510365863844415,8.0,-0.7038258054472573,-4.528455787510544,0.3556709275764146,6.028455787510544,Lawnmower Search,,,,
0.2222222222222222,2300.0,1.0,0.1076841420127796,0.0076897796811454,0.0043875206982615,10.057355532324364,4.00694822484284,11.0,-0.5707635454950182,-4.537096849576367,0.3420499164958597,6.037096849576367,Lawnmower Search,,,,
0.2222222222222222,2300.0,1.0,0.1076841420127796,0.0076897796811454,0.0043875206982615,10.057355532324364,4.00694822484284,11.0,-0.5707635454950182,-4.537096849576367,0.3420499164958597,6.037096849576367,Lawnmower Search,,,,
0.2222222222222222,2300.0,1.0,0.1076841569139408,0.0076897796811454,0.0043875206982615,10.057355532324364,4.006948209941679,11.0,-0.5707638405677515,-4.537099306685342,0.3420497338116523,6.037099306685342,Lawnmower Search,,,,
0.2222222222222222,2300.0,1.0,0.1076841569139408,0.0076897796811454,0.0043875206982615,10.057355532324364,4.006948209941679,11.0,-0.5707638405677515,-4.537099306685342,0.3420497338116523,6.037099306685342,Lawnmower Search,,,,
0.2222222222222222,2300.0,1.0,0.1076841420127796,0.0076897796811454,0.0043875355994227,10.057355532324364,4.006948209941679,11.0,-0.57076478607112,-4.537107027599972,0.3420493000464757,6.037107027599972,Lawnmower Search,,,,
0.2222222222222222,2300.0,1.0,0.1076841420127796,0.0076897796811454,0.0043875355994227,10.057355532324364,4.006948209941679,11.0,-0.57076478607112,-4.537107027599972,0.3420493000464757,6.037107027599972,Lawnmower Search,,,,
0.2222222222222222,2300.0,1.0,0.1076841420127796,0.0076897796811454,0.0043875206982615,10.057355532324364,4.006948209941679,11.0,-0.5712175750138837,-4.540921539463347,0.3417251241632421,6.040921539463347,Lawnmower Search,,,,
0.2222222222222222,2300.0,1.0,0.1076841420127796,0.0076897796811454,0.0043875206982615,10.057355532324364,4.006948209941679,11.0,-0.5712175750138837,-4.540921539463347,0.3417251241632421,6.040921539463347,Lawnmower Search,,,,
0.2222222222222222,2300.0,1.0,0.1076841420127796,0.0076897796811454,0.0043875206982615,10.057355547225525,4.006948209941679,11.0,-0.571217575897532,-4.540921546547437,0.3417251238888799,6.040921546547437,Lawnmower Search,,,,
0.2222222222222222,2300.0,1.0,0.1076841420127796,0.0076897796811454,0.0043875206982615,10.057355547225525,4.006948209941679,11.0,-0.571217575897532,-4.540921546547437,0.3417251238888799,6.040921546547437,Lawnmower Search,,,,
0.2222222222222222,2300.0,1.0,0.1076841420127796,0.0076897945823066,0.0043875206982615,10.057355532324364,4.006948209941679,11.0,-0.5712182709736665,-4.540927201820637,0.3417248255723837,6.040927201820637,Lawnmower Search,,,,
0.2222222222222222,2300.0,1.0,0.1076841420127796,0.0076897945823066,0.0043875206982615,10.057355532324364,4.006948209941679,11.0,-0.5712182709736665,-4.540927201820637,0.3417248255723837,6.040927201820637,Lawnmower Search,,,,
0.2222222222222222,2300.0,1.0,0.1077082602538805,0.0077120609881901,0.0043978032725999,10.05745281135232,4.006914308360897,11.0,-0.5724792565957788,-4.551338266423982,0.3410329847606633,6.051338266423982,Lawnmower Search,,,,
0.2222222222222222,2300.0,1.0,0.1077516304977798,0.0077521279946057,0.0044162937485473,10.057627741818898,4.006853345381842,11.0,-0.575661830423268,-4.577171515302044,0.3397275344142777,6.077171515302044,Lawnmower Search,,,,
0.2222222222222222,2300.0,1.0,0.1078336070118118,0.0078278608754553,0.0044512436271895,10.057958387638672,4.006738115859048,11.0,-0.5789946647727722,-4.605361666885013,0.3372292224041492,6.105361666885013,Lawnmower Search,,,,
0.2222222222222222,2300.0,1.0,0.1079854358393649,0.0079681258604014,0.0045159743511052,10.058570777269344,4.006524699082893,11.0,-0.5871588420733659,-4.672697444511536,0.3328196185983727,6.172697444511536,Lawnmower Search,,,,
0.2222222222222222,2300.0,1.0,0.1082713864616758,0.0082322974303209,0.0046378865800581,10.059724136607024,4.006122755256171,11.0,-0.5993197220370357,-4.774456086064439,0.3247998124635367,6.274456086064439,Lawnmower Search,,,,
0.2222222222222222,2300.0,1.0,0.1088121612016413,0.0087318847747199,0.0048684405595454,10.06190530897476,4.005362620283846,11.0,-0.6207594901163913,-4.953308082192198,0.3112075383747134,6.453308082192198,Lawnmower Search,,,,
0.0,2300.0,1.0,0.1080377109050773,0.0180423988775264,0.0044951391502126,10.060613768986942,4.009079112842628,8.0,-0.7800400238311277,-4.985174760431057,0.2938677870366092,6.485174760431057,Lawnmower Search,,,,
0.0,2300.0,1.0,0.1083066057073836,0.0181098577319307,0.0046105580975175,10.063760195291463,4.008700422228091,8.0,-0.7818577539839368,-4.996067634044955,0.2904221658470733,6.496067634044955,Lawnmower Search,,,,
0.2222222222222222,2300.0,1.0,0.1098372153886936,0.0096788670601852,0.0053054623073254,10.066039784391217,4.003921762421005,11.0,-0.6597269090726192,-5.275474188785397,0.2893906055167415,6.775474188785397,Lawnmower Search,,,,
0.0,2300.0,1.0,0.1098159770696386,0.0184885205476305,0.0052584324789835,10.08142184481669,4.006574740497404,8.0,-0.8374609368111791,-5.329273551398351,0.2731030227102131,6.829273551398351,Lawnmower Search,,,,
0.2222222222222222,2300.0,1.0,0.1117971787724033,0.0114895524151432,0.0061410733748699,10.073945142497609,4.001166758160771,11.0,-0.7225259529781937,-5.789381971962021,0.2594911235444341,7.289381971962021,Lawnmower Search,,,,
0.0,2300.0,1.0,0.1155311309414969,0.0199223070307943,0.0077115741459762,10.148296735378215,3.9985259604044,8.0,-0.9963070488211736,-6.281169859830151,0.2282989135825549,7.781169859830151,Lawnmower Search,,,,
0.2222222222222222,2300.0,1.0,0.1155740853464395,0.0149787958762671,0.007751320260387,10.08917899801262,3.995857784641948,11.0,-0.8230343912291175,-6.601379103053878,0.222082869670658,8.101379103053878,Lawnmower Search,,,,
0.0,2300.0,1.0,0.122936,0.02178,0.0108899850988388,10.235526508493722,3.98778032445584,8.0,-1.1498194357351466,-7.201103451863999,0.196244026575824,8.701103451863998,Lawnmower Search,,,,
0.0,2300.0,1.0,0.122936,0.02178,0.0108899850988388,10.235526508493722,3.98778032445584,8.0,-1.1498194357351466,-7.201103451863999,0.196244026575824,8.701103451863998,Lawnmower Search,,,,
0.0,2300.0,1.0,0.1229359850988388,0.02178,0.01089,10.235526508493722,3.98778032445584,8.0,-1.149819857027428,-7.201105976487122,0.1962439814897744,8.701105976487122,Lawnmower Search,,,,
0.0,2300.0,1.0,0.1229359850988388,0.02178,0.01089,10.235526508493722,3.98778032445584,8.0,-1.149819857027428,-7.201105976487122,0.1962439814897744,8.701105976487122,Lawnmower Search,,,,
0.0,2300.0,1.0,0.122936,0.02178,0.01089,10.235526508493722,3.987780339357001,8.0,-1.1498203876187263,-7.20110915609216,0.1962438880084185,8.70110915609216,Lawnmower Search,,,,
0.0,2300.0,1.0,0.122936,0.02178,0.01089,10.235526508493722,3.987780339357001,8.0,-1.1498203876187263,-7.20110915609216,0.1962438880084185,8.70110915609216,Lawnmower Search,,,,
0.0,2300.0,1.0,0.122936,0.0217799850988388,0.01089,10.235526508493722,3.98778032445584,8.0,-1.150956314996891,-7.207916279440912,0.1960137832594976,8.707916279440912,Lawnmower Search,,,,
0.0,2300.0,1.0,0.122936,0.0217799850988388,0.01089,10.235526508493722,3.98778032445584,8.0,-1.150956314996891,-7.207916279440912,0.1960137832594976,8.707916279440912,Lawnmower Search,,,,
0.0,2300.0,1.0,0.122936,0.02178,0.01089,10.235526508493722,3.98778032445584,8.0,-1.1509568078813892,-7.207919233085343,0.1960137216724152,8.707919233085343,Lawnmower Search,,,,
0.0,2300.0,1.0,0.122936,0.02178,0.01089,10.235526508493722,3.98778032445584,8.0,-1.1509568078813892,-7.207919233085343,0.1960137216724152,8.707919233085343,Lawnmower Search,,,,
0.0,2300.0,1.0,0.122936,0.02178,0.01089,10.235526508493722,3.98778032445584,8.0,-1.1509568078813892,-7.207919233085343,0.1960137216724152,8.707919233085343,Lawnmower Search,,,,
0.0,2300.0,1.0,0.122936,0.02178,0.01089,10.235526508493722,3.98778032445584,8.0,,,0.1960137216724152,8.707919233085343,Gradient (SQP) method,1.1509568078813892,13.29344896475474,,
0.0,2300.0,1.0,0.122936,0.02178,0.01089,10.235526523394883,3.98778032445584,8.0,-1.1509568120360296,-7.207919257982313,0.1960137213728469,8.707919257982313,Lawnmower Search,,,,
0.0,2300.0,1.0,0.122936,0.02178,0.01089,10.235526523394883,3.98778032445584,8.0,-1.1509568120360296,-7.207919257982313,0.1960137213728469,8.707919257982313,Lawnmower Search,,,,
0.2222222222222222,2300.0,1.0,0.122936,0.0217799850988388,0.01089,10.119092381597138,3.985193567273483,11.0,-0.9599880119161032,-7.691604133128743,0.1872335048931812,9.191604133128743,Lawnmower Search,,,,
0.2222222222222222,2300.0,1.0,0.122936,0.0217799850988388,0.01089,10.119092381597138,3.985193567273483,11.0,-0.9599880119161032,-7.691604133128743,0.1872335048931812,9.191604133128743,Lawnmower Search,,,,
0.2222222222222222,2300.0,1.0,0.122936,0.02178,0.01089,10.119092381597138,3.985193567273483,11.0,-0.9599884022991364,-7.691607199377417,0.1872334467493118,9.191607199377415,Lawnmower Search,,,,
0.2222222222222222,2300.0,1.0,0.122936,0.02178,0.01089,10.119092381597138,3.985193567273483,11.0,-0.9599884022991364,-7.691607199377417,0.1872334467493118,9.191607199377415,Lawnmower Search,,,,
0.2222222222222222,2300.0,1.0,0.122936,0.02178,0.01089,10.119092381597138,3.985193567273483,11.0,-0.9599884022991364,-7.691607199377417,0.1872334467493118,9.191607199377415,Lawnmower Search,,,,
0.2222222222222222,2300.0,1.0,0.122936,0.02178,0.01089,10.119092381597138,3.985193567273483,11.0,,,0.1872334467493118,9.191607199377415,Gradient (SQP) method,0.9599884022991364,13.6351442972819,,
0.2222222222222222,2300.0,1.0,0.122936,0.02178,0.01089,10.1190923964983,3.985193567273483,11.0,-0.9599884049461308,-7.691607220036975,0.1872334464855332,9.191607220036976,Lawnmower Search,,,,
0.2222222222222222,2300.0,1.0,0.122936,0.02178,0.01089,10.1190923964983,3.985193567273483,11.0,-0.9599884049461308,-7.691607220036975,0.1872334464855332,9.191607220036976,Lawnmower Search,,,,
0.2222222222222222,2300.0,1.0,0.122936,0.02178,0.01089,10.118872701562802,3.9855095779343057,11.0,-0.9600216906025693,-7.691865285737748,0.18723184632204,9.191865285737748,Lawnmower Search,,,,
0.2222222222222222,2300.0,1.0,0.122936,0.02178,0.0108899850988388,10.119092381597138,3.985193567273483,11.0,-0.9609309589946032,-7.699099299556657,0.1870047057499884,9.199099299556655,Lawnmower Search,,,,
0.2222222222222222,2300.0,1.0,0.122936,0.02178,0.0108899850988388,10.119092381597138,3.985193567273483,11.0,-0.9609309589946032,-7.699099299556657,0.1870047057499884,9.199099299556655,Lawnmower Search,,,,
0.2222222222222222,2300.0,1.0,0.1229359850988388,0.02178,0.01089,10.119092381597138,3.985193567273483,11.0,-0.9609313075412028,-7.699102028716702,0.1870046622784608,9.199102028716702,Lawnmower Search,,,,
0.2222222222222222,2300.0,1.0,0.1229359850988388,0.02178,0.01089,10.119092381597138,3.985193567273483,11.0,-0.9609313075412028,-7.699102028716702,0.1870046622784608,9.199102028716702,Lawnmower Search,,,,
0.2222222222222222,2300.0,1.0,0.122936,0.02178,0.01089,10.119092381597138,3.985193582174644,11.0,-0.9609317317449168,-7.699105386757973,0.1870045730858731,9.199105386757973,Lawnmower Search,,,,
0.2222222222222222,2300.0,1.0,0.122936,0.02178,0.01089,10.119092381597138,3.985193582174644,11.0,-0.9609317317449168,-7.699105386757973,0.1870045730858731,9.199105386757973,Lawnmower Search,,,,
0.1111111111111111,3600.0,1.0,0.122936,0.0217799850988388,0.01089,10.617474133654866,4.161086758948444,11.0,-1.1155158950190016,-7.835492848181923,0.1618369610015268,9.335492848181923,Lawnmower Search,,,,
0.1111111111111111,3600.0,1.0,0.122936,0.0217799850988388,0.01089,10.617474133654866,4.161086758948444,11.0,-1.1155158950190016,-7.835492848181923,0.1618369610015268,9.335492848181923,Lawnmower Search,,,,
0.1111111111111111,3600.0,1.0,0.122936,0.02178,0.01089,10.617474133654866,4.161086758948444,11.0,-1.115516355132458,-7.83549597229459,0.1618369105416087,9.33549597229459,Lawnmower Search,,,,
0.1111111111111111,3600.0,1.0,0.122936,0.02178,0.01089,10.617474133654866,4.161086758948444,11.0,-1.115516355132458,-7.83549597229459,0.1618369105416087,9.33549597229459,Lawnmower Search,,,,
0.1111111111111111,3600.0,1.0,0.122936,0.02178,0.01089,10.617474133654866,4.161086758948444,11.0,-1.115516355132458,-7.83549597229459,0.1618369105416087,9.33549597229459,Lawnmower Search,,,,
0.1111111111111111,3600.0,1.0,0.122936,0.02178,0.01089,10.617474133654866,4.161086758948444,11.0,,,0.1618369105416087,9.33549597229459,Gradient (SQP) method,1.115516355132458,13.830803728103636,,
0.1111111111111111,3600.0,1.0,0.122936,0.02178,0.01089,10.617474148556028,4.161086758948444,11.0,-1.1155163582384393,-7.835495993336316,0.1618369103089697,9.335495993336316,Lawnmower Search,,,,
0.1111111111111111,3600.0,1.0,0.122936,0.02178,0.01089,10.617474148556028,4.161086758948444,11.0,-1.1155163582384393,-7.835495993336316,0.1618369103089697,9.335495993336316,Lawnmower Search,,,,
0.1111111111111111,3600.0,1.0,0.122936,0.02178,0.01089,10.617261372801922,4.161488770226253,11.0,-1.1155684561440915,-7.835847581386883,0.1618360856265837,9.335847581386885,Lawnmower Search,,,,
0.1111111111111111,3600.0,1.0,0.122936,0.02178,0.0108899850988388,10.617474133654866,4.161086758948444,11.0,-1.1167546191290745,-7.843940390869497,0.161617529287671,9.343940390869497,Lawnmower Search,,,,
0.1111111111111111,3600.0,1.0,0.122936,0.02178,0.0108899850988388,10.617474133654866,4.161086758948444,11.0,-1.1167546191290745,-7.843940390869497,0.161617529287671,9.343940390869497,Lawnmower Search,,,,
0.1111111111111111,3600.0,1.0,0.1229359850988388,0.02178,0.01089,10.617474133654866,4.161086758948444,11.0,-1.1167550228942236,-7.843943129168386,0.1616174923190974,9.343943129168386,Lawnmower Search,,,,
0.1111111111111111,3600.0,1.0,0.1229359850988388,0.02178,0.01089,10.617474133654866,4.161086758948444,11.0,-1.1167550228942236,-7.843943129168386,0.1616174923190974,9.343943129168386,Lawnmower Search,,,,
0.1111111111111111,3600.0,1.0,0.122936,0.02178,0.01089,10.617474133654866,4.161086773849605,11.0,-1.116755523650493,-7.843946538974782,0.1616174152698395,9.343946538974782,Lawnmower Search,,,,
0.1111111111111111,3600.0,1.0,0.122936,0.02178,0.01089,10.617474133654866,4.161086773849605,11.0,-1.116755523650493,-7.843946538974782,0.1616174152698395,9.343946538974782,Lawnmower Search,,,,
